[2025-08-23 12:34:21.750] [info] Using configuration file /home/chilly/.config/waybar/config
[2025-08-23 12:34:21.752] [info] Using CSS file /home/chilly/.config/waybar/style.css
[2025-08-23 12:34:21.755] [info] Hyprland IPC starting
[2025-08-23 12:34:21.755] [info] Loading persistent workspaces from Hyprland workspace rules
[2025-08-23 12:34:21.755] [info] Registering for Hyprland's 'windowtitlev2' events because a user-defined window rewrite rule uses the 'title' field.
[2025-08-23 12:34:21.880] [info] Bar configured (width: 1920, height: 39) for output: HDMI-A-1
[2025-08-23 12:34:21.880] [error] Item '': No icon name or pixmap given.
[2025-08-23 12:34:52.207] [info] Hyprland config reloaded, reinitializing hyprland/workspaces module...
[2025-08-23 12:34:52.208] [info] Loading persistent workspaces from Hyprland workspace rules
[2025-08-23 12:35:50.326] [info] Hyprland config reloaded, reinitializing hyprland/workspaces module...
[2025-08-23 12:35:50.327] [info] Loading persistent workspaces from Hyprland workspace rules
[2025-08-23 12:37:28.153] [warning] Requested height: 39 is less than the minimum height: 41 required by the modules
[2025-08-23 12:37:28.153] [info] Bar configured (width: 1920, height: 41) for output: HDMI-A-1
[2025-08-23 12:37:56.876] [info] Quitting.
[2025-08-23 12:37:56.879] [info] Hyprland IPC stopping...
[2025-08-23 12:38:02.618] [info] Using configuration file /home/chilly/.config/waybar/config
[2025-08-23 12:38:02.620] [info] Using CSS file /home/chilly/.config/waybar/style.css
[2025-08-23 12:38:02.622] [info] Hyprland IPC starting
[2025-08-23 12:38:02.623] [info] Loading persistent workspaces from Hyprland workspace rules
[2025-08-23 12:38:02.623] [info] Registering for Hyprland's 'windowtitlev2' events because a user-defined window rewrite rule uses the 'title' field.
[2025-08-23 12:38:02.746] [info] Bar configured (width: 1920, height: 39) for output: HDMI-A-1
[2025-08-23 12:38:02.746] [error] Item '': No icon name or pixmap given.
[2025-08-23 12:38:19.612] [info] Quitting.
[2025-08-23 12:38:19.614] [info] Hyprland IPC stopping...
[2025-08-23 12:38:20.304] [info] Using configuration file /home/chilly/.config/waybar/config
[2025-08-23 12:38:20.305] [info] Using CSS file /home/chilly/.config/waybar/style.css
[2025-08-23 12:38:20.308] [info] Hyprland IPC starting
[2025-08-23 12:38:20.308] [info] Loading persistent workspaces from Hyprland workspace rules
[2025-08-23 12:38:20.308] [info] Registering for Hyprland's 'windowtitlev2' events because a user-defined window rewrite rule uses the 'title' field.
[2025-08-23 12:38:20.460] [info] Bar configured (width: 1920, height: 39) for output: HDMI-A-1
[2025-08-23 12:38:53.956] [info] Quitting.
[2025-08-23 12:38:53.958] [info] Hyprland IPC stopping...
[2025-08-23 12:38:54.668] [info] Using configuration file /home/chilly/.config/waybar/config
[2025-08-23 12:38:54.669] [info] Using CSS file /home/chilly/.config/waybar/style.css
[2025-08-23 12:38:54.672] [info] Hyprland IPC starting
[2025-08-23 12:38:54.672] [info] Loading persistent workspaces from Hyprland workspace rules
[2025-08-23 12:38:54.672] [info] Registering for Hyprland's 'windowtitlev2' events because a user-defined window rewrite rule uses the 'title' field.
[2025-08-23 12:38:54.795] [info] Bar configured (width: 1920, height: 39) for output: HDMI-A-1
[2025-08-23 12:38:54.795] [error] Item '': No icon name or pixmap given.
ERROR layout "not found"=anarchy
Calc disabled: currently 'qalc' only.
INFO Vulkan: Loader Message: linux_read_sorted_physical_devices: priority=6 code_file=../gdk/gdkvulkancontext.c code_line=1695 code_func=gdk_vulkan_debug_report glib_domain=Gdk
INFO Vulkan: Loader Message:      Original order: priority=6 code_file=../gdk/gdkvulkancontext.c code_line=1695 code_func=gdk_vulkan_debug_report glib_domain=Gdk
INFO Vulkan: Loader Message:            [0] llvmpipe (LLVM 19.1.7, 256 bits) priority=6 code_file=../gdk/gdkvulkancontext.c code_line=1695 code_func=gdk_vulkan_debug_report glib_domain=Gdk
INFO Vulkan: Loader Message:            [1] AMD Radeon Graphics (RADV RAPHAEL_MENDOCINO) priority=6 code_file=../gdk/gdkvulkancontext.c code_line=1695 code_func=gdk_vulkan_debug_report glib_domain=Gdk
INFO Vulkan: Loader Message:            [2] llvmpipe (LLVM 19.1.7, 256 bits) priority=6 code_file=../gdk/gdkvulkancontext.c code_line=1695 code_func=gdk_vulkan_debug_report glib_domain=Gdk
INFO Vulkan: Loader Message:            [3] NVIDIA GeForce RTX 4070 SUPER priority=6 code_file=../gdk/gdkvulkancontext.c code_line=1695 code_func=gdk_vulkan_debug_report glib_domain=Gdk
INFO Vulkan: Loader Message:            [4] AMD Radeon Graphics (RADV RAPHAEL_MENDOCINO) priority=6 code_file=../gdk/gdkvulkancontext.c code_line=1695 code_func=gdk_vulkan_debug_report glib_domain=Gdk
INFO Vulkan: Loader Message:      Sorted order: priority=6 code_file=../gdk/gdkvulkancontext.c code_line=1695 code_func=gdk_vulkan_debug_report glib_domain=Gdk
INFO Vulkan: Loader Message:            [0] NVIDIA GeForce RTX 4070 SUPER   priority=6 code_file=../gdk/gdkvulkancontext.c code_line=1695 code_func=gdk_vulkan_debug_report glib_domain=Gdk
INFO Vulkan: Loader Message:            [1] AMD Radeon Graphics (RADV RAPHAEL_MENDOCINO)   priority=6 code_file=../gdk/gdkvulkancontext.c code_line=1695 code_func=gdk_vulkan_debug_report glib_domain=Gdk
INFO Vulkan: Loader Message:            [2] AMD Radeon Graphics (RADV RAPHAEL_MENDOCINO)   priority=6 code_file=../gdk/gdkvulkancontext.c code_line=1695 code_func=gdk_vulkan_debug_report glib_domain=Gdk
INFO Vulkan: Loader Message:            [3] llvmpipe (LLVM 19.1.7, 256 bits)   priority=6 code_file=../gdk/gdkvulkancontext.c code_line=1695 code_func=gdk_vulkan_debug_report glib_domain=Gdk
INFO Vulkan: Loader Message:            [4] llvmpipe (LLVM 19.1.7, 256 bits)   priority=6 code_file=../gdk/gdkvulkancontext.c code_line=1695 code_func=gdk_vulkan_debug_report glib_domain=Gdk
INFO Vulkan: Loader Message: linux_read_sorted_physical_devices: priority=6 code_file=../gdk/gdkvulkancontext.c code_line=1695 code_func=gdk_vulkan_debug_report glib_domain=Gdk
INFO Vulkan: Loader Message:      Original order: priority=6 code_file=../gdk/gdkvulkancontext.c code_line=1695 code_func=gdk_vulkan_debug_report glib_domain=Gdk
INFO Vulkan: Loader Message:            [0] llvmpipe (LLVM 19.1.7, 256 bits) priority=6 code_file=../gdk/gdkvulkancontext.c code_line=1695 code_func=gdk_vulkan_debug_report glib_domain=Gdk
INFO Vulkan: Loader Message:            [1] AMD Radeon Graphics (RADV RAPHAEL_MENDOCINO) priority=6 code_file=../gdk/gdkvulkancontext.c code_line=1695 code_func=gdk_vulkan_debug_report glib_domain=Gdk
INFO Vulkan: Loader Message:            [2] llvmpipe (LLVM 19.1.7, 256 bits) priority=6 code_file=../gdk/gdkvulkancontext.c code_line=1695 code_func=gdk_vulkan_debug_report glib_domain=Gdk
INFO Vulkan: Loader Message:            [3] NVIDIA GeForce RTX 4070 SUPER priority=6 code_file=../gdk/gdkvulkancontext.c code_line=1695 code_func=gdk_vulkan_debug_report glib_domain=Gdk
INFO Vulkan: Loader Message:            [4] AMD Radeon Graphics (RADV RAPHAEL_MENDOCINO) priority=6 code_file=../gdk/gdkvulkancontext.c code_line=1695 code_func=gdk_vulkan_debug_report glib_domain=Gdk
INFO Vulkan: Loader Message:      Sorted order: priority=6 code_file=../gdk/gdkvulkancontext.c code_line=1695 code_func=gdk_vulkan_debug_report glib_domain=Gdk
INFO Vulkan: Loader Message:            [0] NVIDIA GeForce RTX 4070 SUPER   priority=6 code_file=../gdk/gdkvulkancontext.c code_line=1695 code_func=gdk_vulkan_debug_report glib_domain=Gdk
INFO Vulkan: Loader Message:            [1] AMD Radeon Graphics (RADV RAPHAEL_MENDOCINO)   priority=6 code_file=../gdk/gdkvulkancontext.c code_line=1695 code_func=gdk_vulkan_debug_report glib_domain=Gdk
INFO Vulkan: Loader Message:            [2] AMD Radeon Graphics (RADV RAPHAEL_MENDOCINO)   priority=6 code_file=../gdk/gdkvulkancontext.c code_line=1695 code_func=gdk_vulkan_debug_report glib_domain=Gdk
INFO Vulkan: Loader Message:            [3] llvmpipe (LLVM 19.1.7, 256 bits)   priority=6 code_file=../gdk/gdkvulkancontext.c code_line=1695 code_func=gdk_vulkan_debug_report glib_domain=Gdk
INFO Vulkan: Loader Message:            [4] llvmpipe (LLVM 19.1.7, 256 bits)   priority=6 code_file=../gdk/gdkvulkancontext.c code_line=1695 code_func=gdk_vulkan_debug_report glib_domain=Gdk
INFO Vulkan: Loader Message: linux_read_sorted_physical_devices: priority=6 code_file=../gdk/gdkvulkancontext.c code_line=1695 code_func=gdk_vulkan_debug_report glib_domain=Gdk
INFO Vulkan: Loader Message:      Original order: priority=6 code_file=../gdk/gdkvulkancontext.c code_line=1695 code_func=gdk_vulkan_debug_report glib_domain=Gdk
INFO Vulkan: Loader Message:            [0] llvmpipe (LLVM 19.1.7, 256 bits) priority=6 code_file=../gdk/gdkvulkancontext.c code_line=1695 code_func=gdk_vulkan_debug_report glib_domain=Gdk
INFO Vulkan: Loader Message:            [1] AMD Radeon Graphics (RADV RAPHAEL_MENDOCINO) priority=6 code_file=../gdk/gdkvulkancontext.c code_line=1695 code_func=gdk_vulkan_debug_report glib_domain=Gdk
INFO Vulkan: Loader Message:            [2] llvmpipe (LLVM 19.1.7, 256 bits) priority=6 code_file=../gdk/gdkvulkancontext.c code_line=1695 code_func=gdk_vulkan_debug_report glib_domain=Gdk
INFO Vulkan: Loader Message:            [3] NVIDIA GeForce RTX 4070 SUPER priority=6 code_file=../gdk/gdkvulkancontext.c code_line=1695 code_func=gdk_vulkan_debug_report glib_domain=Gdk
INFO Vulkan: Loader Message:            [4] AMD Radeon Graphics (RADV RAPHAEL_MENDOCINO) priority=6 code_file=../gdk/gdkvulkancontext.c code_line=1695 code_func=gdk_vulkan_debug_report glib_domain=Gdk
INFO Vulkan: Loader Message:      Sorted order: priority=6 code_file=../gdk/gdkvulkancontext.c code_line=1695 code_func=gdk_vulkan_debug_report glib_domain=Gdk
INFO Vulkan: Loader Message:            [0] NVIDIA GeForce RTX 4070 SUPER   priority=6 code_file=../gdk/gdkvulkancontext.c code_line=1695 code_func=gdk_vulkan_debug_report glib_domain=Gdk
INFO Vulkan: Loader Message:            [1] AMD Radeon Graphics (RADV RAPHAEL_MENDOCINO)   priority=6 code_file=../gdk/gdkvulkancontext.c code_line=1695 code_func=gdk_vulkan_debug_report glib_domain=Gdk
INFO Vulkan: Loader Message:            [2] AMD Radeon Graphics (RADV RAPHAEL_MENDOCINO)   priority=6 code_file=../gdk/gdkvulkancontext.c code_line=1695 code_func=gdk_vulkan_debug_report glib_domain=Gdk
INFO Vulkan: Loader Message:            [3] llvmpipe (LLVM 19.1.7, 256 bits)   priority=6 code_file=../gdk/gdkvulkancontext.c code_line=1695 code_func=gdk_vulkan_debug_report glib_domain=Gdk
INFO Vulkan: Loader Message:            [4] llvmpipe (LLVM 19.1.7, 256 bits)   priority=6 code_file=../gdk/gdkvulkancontext.c code_line=1695 code_func=gdk_vulkan_debug_report glib_domain=Gdk
INFO Vulkan: Loader Message: linux_read_sorted_physical_devices: priority=6 code_file=../gdk/gdkvulkancontext.c code_line=1695 code_func=gdk_vulkan_debug_report glib_domain=Gdk
INFO Vulkan: Loader Message:      Original order: priority=6 code_file=../gdk/gdkvulkancontext.c code_line=1695 code_func=gdk_vulkan_debug_report glib_domain=Gdk
INFO Vulkan: Loader Message:            [0] llvmpipe (LLVM 19.1.7, 256 bits) priority=6 code_file=../gdk/gdkvulkancontext.c code_line=1695 code_func=gdk_vulkan_debug_report glib_domain=Gdk
INFO Vulkan: Loader Message:            [1] AMD Radeon Graphics (RADV RAPHAEL_MENDOCINO) priority=6 code_file=../gdk/gdkvulkancontext.c code_line=1695 code_func=gdk_vulkan_debug_report glib_domain=Gdk
INFO Vulkan: Loader Message:            [2] llvmpipe (LLVM 19.1.7, 256 bits) priority=6 code_file=../gdk/gdkvulkancontext.c code_line=1695 code_func=gdk_vulkan_debug_report glib_domain=Gdk
INFO Vulkan: Loader Message:            [3] NVIDIA GeForce RTX 4070 SUPER priority=6 code_file=../gdk/gdkvulkancontext.c code_line=1695 code_func=gdk_vulkan_debug_report glib_domain=Gdk
INFO Vulkan: Loader Message:            [4] AMD Radeon Graphics (RADV RAPHAEL_MENDOCINO) priority=6 code_file=../gdk/gdkvulkancontext.c code_line=1695 code_func=gdk_vulkan_debug_report glib_domain=Gdk
INFO Vulkan: Loader Message:      Sorted order: priority=6 code_file=../gdk/gdkvulkancontext.c code_line=1695 code_func=gdk_vulkan_debug_report glib_domain=Gdk
INFO Vulkan: Loader Message:            [0] NVIDIA GeForce RTX 4070 SUPER   priority=6 code_file=../gdk/gdkvulkancontext.c code_line=1695 code_func=gdk_vulkan_debug_report glib_domain=Gdk
INFO Vulkan: Loader Message:            [1] AMD Radeon Graphics (RADV RAPHAEL_MENDOCINO)   priority=6 code_file=../gdk/gdkvulkancontext.c code_line=1695 code_func=gdk_vulkan_debug_report glib_domain=Gdk
INFO Vulkan: Loader Message:            [2] AMD Radeon Graphics (RADV RAPHAEL_MENDOCINO)   priority=6 code_file=../gdk/gdkvulkancontext.c code_line=1695 code_func=gdk_vulkan_debug_report glib_domain=Gdk
INFO Vulkan: Loader Message:            [3] llvmpipe (LLVM 19.1.7, 256 bits)   priority=6 code_file=../gdk/gdkvulkancontext.c code_line=1695 code_func=gdk_vulkan_debug_report glib_domain=Gdk
INFO Vulkan: Loader Message:            [4] llvmpipe (LLVM 19.1.7, 256 bits)   priority=6 code_file=../gdk/gdkvulkancontext.c code_line=1695 code_func=gdk_vulkan_debug_report glib_domain=Gdk
INFO Vulkan: Loader Message: linux_read_sorted_physical_devices: priority=6 code_file=../gdk/gdkvulkancontext.c code_line=1695 code_func=gdk_vulkan_debug_report glib_domain=Gdk
INFO Vulkan: Loader Message:      Original order: priority=6 code_file=../gdk/gdkvulkancontext.c code_line=1695 code_func=gdk_vulkan_debug_report glib_domain=Gdk
INFO Vulkan: Loader Message:            [0] llvmpipe (LLVM 19.1.7, 256 bits) priority=6 code_file=../gdk/gdkvulkancontext.c code_line=1695 code_func=gdk_vulkan_debug_report glib_domain=Gdk
INFO Vulkan: Loader Message:            [1] AMD Radeon Graphics (RADV RAPHAEL_MENDOCINO) priority=6 code_file=../gdk/gdkvulkancontext.c code_line=1695 code_func=gdk_vulkan_debug_report glib_domain=Gdk
INFO Vulkan: Loader Message:            [2] llvmpipe (LLVM 19.1.7, 256 bits) priority=6 code_file=../gdk/gdkvulkancontext.c code_line=1695 code_func=gdk_vulkan_debug_report glib_domain=Gdk
INFO Vulkan: Loader Message:            [3] NVIDIA GeForce RTX 4070 SUPER priority=6 code_file=../gdk/gdkvulkancontext.c code_line=1695 code_func=gdk_vulkan_debug_report glib_domain=Gdk
INFO Vulkan: Loader Message:            [4] AMD Radeon Graphics (RADV RAPHAEL_MENDOCINO) priority=6 code_file=../gdk/gdkvulkancontext.c code_line=1695 code_func=gdk_vulkan_debug_report glib_domain=Gdk
INFO Vulkan: Loader Message:      Sorted order: priority=6 code_file=../gdk/gdkvulkancontext.c code_line=1695 code_func=gdk_vulkan_debug_report glib_domain=Gdk
INFO Vulkan: Loader Message:            [0] NVIDIA GeForce RTX 4070 SUPER   priority=6 code_file=../gdk/gdkvulkancontext.c code_line=1695 code_func=gdk_vulkan_debug_report glib_domain=Gdk
INFO Vulkan: Loader Message:            [1] AMD Radeon Graphics (RADV RAPHAEL_MENDOCINO)   priority=6 code_file=../gdk/gdkvulkancontext.c code_line=1695 code_func=gdk_vulkan_debug_report glib_domain=Gdk
INFO Vulkan: Loader Message:            [2] AMD Radeon Graphics (RADV RAPHAEL_MENDOCINO)   priority=6 code_file=../gdk/gdkvulkancontext.c code_line=1695 code_func=gdk_vulkan_debug_report glib_domain=Gdk
INFO Vulkan: Loader Message:            [3] llvmpipe (LLVM 19.1.7, 256 bits)   priority=6 code_file=../gdk/gdkvulkancontext.c code_line=1695 code_func=gdk_vulkan_debug_report glib_domain=Gdk
INFO Vulkan: Loader Message:            [4] llvmpipe (LLVM 19.1.7, 256 bits)   priority=6 code_file=../gdk/gdkvulkancontext.c code_line=1695 code_func=gdk_vulkan_debug_report glib_domain=Gdk
INFO Vulkan: Loader Message: linux_read_sorted_physical_devices: priority=6 code_file=../gdk/gdkvulkancontext.c code_line=1695 code_func=gdk_vulkan_debug_report glib_domain=Gdk
INFO Vulkan: Loader Message:      Original order: priority=6 code_file=../gdk/gdkvulkancontext.c code_line=1695 code_func=gdk_vulkan_debug_report glib_domain=Gdk
INFO Vulkan: Loader Message:            [0] llvmpipe (LLVM 19.1.7, 256 bits) priority=6 code_file=../gdk/gdkvulkancontext.c code_line=1695 code_func=gdk_vulkan_debug_report glib_domain=Gdk
INFO Vulkan: Loader Message:            [1] AMD Radeon Graphics (RADV RAPHAEL_MENDOCINO) priority=6 code_file=../gdk/gdkvulkancontext.c code_line=1695 code_func=gdk_vulkan_debug_report glib_domain=Gdk
INFO Vulkan: Loader Message:            [2] llvmpipe (LLVM 19.1.7, 256 bits) priority=6 code_file=../gdk/gdkvulkancontext.c code_line=1695 code_func=gdk_vulkan_debug_report glib_domain=Gdk
INFO Vulkan: Loader Message:            [3] NVIDIA GeForce RTX 4070 SUPER priority=6 code_file=../gdk/gdkvulkancontext.c code_line=1695 code_func=gdk_vulkan_debug_report glib_domain=Gdk
INFO Vulkan: Loader Message:            [4] AMD Radeon Graphics (RADV RAPHAEL_MENDOCINO) priority=6 code_file=../gdk/gdkvulkancontext.c code_line=1695 code_func=gdk_vulkan_debug_report glib_domain=Gdk
INFO Vulkan: Loader Message:      Sorted order: priority=6 code_file=../gdk/gdkvulkancontext.c code_line=1695 code_func=gdk_vulkan_debug_report glib_domain=Gdk
INFO Vulkan: Loader Message:            [0] NVIDIA GeForce RTX 4070 SUPER   priority=6 code_file=../gdk/gdkvulkancontext.c code_line=1695 code_func=gdk_vulkan_debug_report glib_domain=Gdk
INFO Vulkan: Loader Message:            [1] AMD Radeon Graphics (RADV RAPHAEL_MENDOCINO)   priority=6 code_file=../gdk/gdkvulkancontext.c code_line=1695 code_func=gdk_vulkan_debug_report glib_domain=Gdk
INFO Vulkan: Loader Message:            [2] AMD Radeon Graphics (RADV RAPHAEL_MENDOCINO)   priority=6 code_file=../gdk/gdkvulkancontext.c code_line=1695 code_func=gdk_vulkan_debug_report glib_domain=Gdk
INFO Vulkan: Loader Message:            [3] llvmpipe (LLVM 19.1.7, 256 bits)   priority=6 code_file=../gdk/gdkvulkancontext.c code_line=1695 code_func=gdk_vulkan_debug_report glib_domain=Gdk
INFO Vulkan: Loader Message:            [4] llvmpipe (LLVM 19.1.7, 256 bits)   priority=6 code_file=../gdk/gdkvulkancontext.c code_line=1695 code_func=gdk_vulkan_debug_report glib_domain=Gdk
INFO Vulkan: Loader Message: linux_read_sorted_physical_devices: priority=6 code_file=../gdk/gdkvulkancontext.c code_line=1695 code_func=gdk_vulkan_debug_report glib_domain=Gdk
INFO Vulkan: Loader Message:      Original order: priority=6 code_file=../gdk/gdkvulkancontext.c code_line=1695 code_func=gdk_vulkan_debug_report glib_domain=Gdk
INFO Vulkan: Loader Message:            [0] llvmpipe (LLVM 19.1.7, 256 bits) priority=6 code_file=../gdk/gdkvulkancontext.c code_line=1695 code_func=gdk_vulkan_debug_report glib_domain=Gdk
INFO Vulkan: Loader Message:            [1] AMD Radeon Graphics (RADV RAPHAEL_MENDOCINO) priority=6 code_file=../gdk/gdkvulkancontext.c code_line=1695 code_func=gdk_vulkan_debug_report glib_domain=Gdk
INFO Vulkan: Loader Message:            [2] llvmpipe (LLVM 19.1.7, 256 bits) priority=6 code_file=../gdk/gdkvulkancontext.c code_line=1695 code_func=gdk_vulkan_debug_report glib_domain=Gdk
INFO Vulkan: Loader Message:            [3] NVIDIA GeForce RTX 4070 SUPER priority=6 code_file=../gdk/gdkvulkancontext.c code_line=1695 code_func=gdk_vulkan_debug_report glib_domain=Gdk
INFO Vulkan: Loader Message:            [4] AMD Radeon Graphics (RADV RAPHAEL_MENDOCINO) priority=6 code_file=../gdk/gdkvulkancontext.c code_line=1695 code_func=gdk_vulkan_debug_report glib_domain=Gdk
INFO Vulkan: Loader Message:      Sorted order: priority=6 code_file=../gdk/gdkvulkancontext.c code_line=1695 code_func=gdk_vulkan_debug_report glib_domain=Gdk
INFO Vulkan: Loader Message:            [0] NVIDIA GeForce RTX 4070 SUPER   priority=6 code_file=../gdk/gdkvulkancontext.c code_line=1695 code_func=gdk_vulkan_debug_report glib_domain=Gdk
INFO Vulkan: Loader Message:            [1] AMD Radeon Graphics (RADV RAPHAEL_MENDOCINO)   priority=6 code_file=../gdk/gdkvulkancontext.c code_line=1695 code_func=gdk_vulkan_debug_report glib_domain=Gdk
INFO Vulkan: Loader Message:            [2] AMD Radeon Graphics (RADV RAPHAEL_MENDOCINO)   priority=6 code_file=../gdk/gdkvulkancontext.c code_line=1695 code_func=gdk_vulkan_debug_report glib_domain=Gdk
INFO Vulkan: Loader Message:            [3] llvmpipe (LLVM 19.1.7, 256 bits)   priority=6 code_file=../gdk/gdkvulkancontext.c code_line=1695 code_func=gdk_vulkan_debug_report glib_domain=Gdk
INFO Vulkan: Loader Message:            [4] llvmpipe (LLVM 19.1.7, 256 bits)   priority=6 code_file=../gdk/gdkvulkancontext.c code_line=1695 code_func=gdk_vulkan_debug_report glib_domain=Gdk
INFO Vulkan: Loader Message: linux_read_sorted_physical_devices: priority=6 code_file=../gdk/gdkvulkancontext.c code_line=1695 code_func=gdk_vulkan_debug_report glib_domain=Gdk
INFO Vulkan: Loader Message:      Original order: priority=6 code_file=../gdk/gdkvulkancontext.c code_line=1695 code_func=gdk_vulkan_debug_report glib_domain=Gdk
INFO Vulkan: Loader Message:            [0] llvmpipe (LLVM 19.1.7, 256 bits) priority=6 code_file=../gdk/gdkvulkancontext.c code_line=1695 code_func=gdk_vulkan_debug_report glib_domain=Gdk
INFO Vulkan: Loader Message:            [1] AMD Radeon Graphics (RADV RAPHAEL_MENDOCINO) priority=6 code_file=../gdk/gdkvulkancontext.c code_line=1695 code_func=gdk_vulkan_debug_report glib_domain=Gdk
INFO Vulkan: Loader Message:            [2] llvmpipe (LLVM 19.1.7, 256 bits) priority=6 code_file=../gdk/gdkvulkancontext.c code_line=1695 code_func=gdk_vulkan_debug_report glib_domain=Gdk
INFO Vulkan: Loader Message:            [3] NVIDIA GeForce RTX 4070 SUPER priority=6 code_file=../gdk/gdkvulkancontext.c code_line=1695 code_func=gdk_vulkan_debug_report glib_domain=Gdk
INFO Vulkan: Loader Message:            [4] AMD Radeon Graphics (RADV RAPHAEL_MENDOCINO) priority=6 code_file=../gdk/gdkvulkancontext.c code_line=1695 code_func=gdk_vulkan_debug_report glib_domain=Gdk
INFO Vulkan: Loader Message:      Sorted order: priority=6 code_file=../gdk/gdkvulkancontext.c code_line=1695 code_func=gdk_vulkan_debug_report glib_domain=Gdk
INFO Vulkan: Loader Message:            [0] NVIDIA GeForce RTX 4070 SUPER   priority=6 code_file=../gdk/gdkvulkancontext.c code_line=1695 code_func=gdk_vulkan_debug_report glib_domain=Gdk
INFO Vulkan: Loader Message:            [1] AMD Radeon Graphics (RADV RAPHAEL_MENDOCINO)   priority=6 code_file=../gdk/gdkvulkancontext.c code_line=1695 code_func=gdk_vulkan_debug_report glib_domain=Gdk
INFO Vulkan: Loader Message:            [2] AMD Radeon Graphics (RADV RAPHAEL_MENDOCINO)   priority=6 code_file=../gdk/gdkvulkancontext.c code_line=1695 code_func=gdk_vulkan_debug_report glib_domain=Gdk
INFO Vulkan: Loader Message:            [3] llvmpipe (LLVM 19.1.7, 256 bits)   priority=6 code_file=../gdk/gdkvulkancontext.c code_line=1695 code_func=gdk_vulkan_debug_report glib_domain=Gdk
INFO Vulkan: Loader Message:            [4] llvmpipe (LLVM 19.1.7, 256 bits)   priority=6 code_file=../gdk/gdkvulkancontext.c code_line=1695 code_func=gdk_vulkan_debug_report glib_domain=Gdk
INFO Vulkan: Loader Message: Removing driver /nix/store/ig8h5hjy3s9lfhi75zc64acmyzr8zzyd-mesa-25.1.6/lib/libvulkan_virtio.so due to not having any physical devices priority=6 code_file=../gdk/gdkvulkancontext.c code_line=1695 code_func=gdk_vulkan_debug_report glib_domain=Gdk
INFO Vulkan: Loader Message: Removing driver /nix/store/ig8h5hjy3s9lfhi75zc64acmyzr8zzyd-mesa-25.1.6/lib/libvulkan_asahi.so due to not having any physical devices priority=6 code_file=../gdk/gdkvulkancontext.c code_line=1695 code_func=gdk_vulkan_debug_report glib_domain=Gdk
INFO Vulkan: Loader Message: Removing driver /nix/store/ig8h5hjy3s9lfhi75zc64acmyzr8zzyd-mesa-25.1.6/lib/libvulkan_intel.so due to not having any physical devices priority=6 code_file=../gdk/gdkvulkancontext.c code_line=1695 code_func=gdk_vulkan_debug_report glib_domain=Gdk
INFO Vulkan: Loader Message: Removing driver /nix/store/ig8h5hjy3s9lfhi75zc64acmyzr8zzyd-mesa-25.1.6/lib/libvulkan_intel_hasvk.so due to not having any physical devices priority=6 code_file=../gdk/gdkvulkancontext.c code_line=1695 code_func=gdk_vulkan_debug_report glib_domain=Gdk
INFO Vulkan: Loader Message: Removing driver /nix/store/ig8h5hjy3s9lfhi75zc64acmyzr8zzyd-mesa-25.1.6/lib/libvulkan_nouveau.so due to not having any physical devices priority=6 code_file=../gdk/gdkvulkancontext.c code_line=1695 code_func=gdk_vulkan_debug_report glib_domain=Gdk
INFO Vulkan: Loader Message: Removing driver /nix/store/ig8h5hjy3s9lfhi75zc64acmyzr8zzyd-mesa-25.1.6/lib/libvulkan_virtio.so due to not having any physical devices priority=6 code_file=../gdk/gdkvulkancontext.c code_line=1695 code_func=gdk_vulkan_debug_report glib_domain=Gdk
INFO Vulkan: Loader Message: Removing driver /nix/store/ig8h5hjy3s9lfhi75zc64acmyzr8zzyd-mesa-25.1.6/lib/libvulkan_asahi.so due to not having any physical devices priority=6 code_file=../gdk/gdkvulkancontext.c code_line=1695 code_func=gdk_vulkan_debug_report glib_domain=Gdk
INFO Vulkan: Loader Message: Removing driver /nix/store/ig8h5hjy3s9lfhi75zc64acmyzr8zzyd-mesa-25.1.6/lib/libvulkan_intel.so due to not having any physical devices priority=6 code_file=../gdk/gdkvulkancontext.c code_line=1695 code_func=gdk_vulkan_debug_report glib_domain=Gdk
INFO Vulkan: Loader Message: Removing driver /nix/store/ig8h5hjy3s9lfhi75zc64acmyzr8zzyd-mesa-25.1.6/lib/libvulkan_intel_hasvk.so due to not having any physical devices priority=6 code_file=../gdk/gdkvulkancontext.c code_line=1695 code_func=gdk_vulkan_debug_report glib_domain=Gdk
INFO Vulkan: Loader Message: Removing driver /nix/store/ig8h5hjy3s9lfhi75zc64acmyzr8zzyd-mesa-25.1.6/lib/libvulkan_nouveau.so due to not having any physical devices priority=6 code_file=../gdk/gdkvulkancontext.c code_line=1695 code_func=gdk_vulkan_debug_report glib_domain=Gdk
INFO Vulkan: Loader Message: Inserted device layer "VK_LAYER_NV_optimus" (/nix/store/3j48fzaihxwl5yba2bghicwwshfcd1nv-nvidia-x11-570.169-6.12.38/lib/libGLX_nvidia.so.0) priority=6 code_file=../gdk/gdkvulkancontext.c code_line=1695 code_func=gdk_vulkan_debug_report glib_domain=Gdk
INFO Vulkan: Loader Message: Failed to find vkGetDeviceProcAddr in layer "/nix/store/ig8h5hjy3s9lfhi75zc64acmyzr8zzyd-mesa-25.1.6/lib/libVkLayer_MESA_device_select.so" priority=6 code_file=../gdk/gdkvulkancontext.c code_line=1695 code_func=gdk_vulkan_debug_report glib_domain=Gdk
INFO Vulkan: Loader Message: vkCreateDevice layer callstack setup to: priority=6 code_file=../gdk/gdkvulkancontext.c code_line=1695 code_func=gdk_vulkan_debug_report glib_domain=Gdk
INFO Vulkan: Loader Message:    <Application> priority=6 code_file=../gdk/gdkvulkancontext.c code_line=1695 code_func=gdk_vulkan_debug_report glib_domain=Gdk
INFO Vulkan: Loader Message:      || priority=6 code_file=../gdk/gdkvulkancontext.c code_line=1695 code_func=gdk_vulkan_debug_report glib_domain=Gdk
INFO Vulkan: Loader Message:    <Loader> priority=6 code_file=../gdk/gdkvulkancontext.c code_line=1695 code_func=gdk_vulkan_debug_report glib_domain=Gdk
INFO Vulkan: Loader Message:      || priority=6 code_file=../gdk/gdkvulkancontext.c code_line=1695 code_func=gdk_vulkan_debug_report glib_domain=Gdk
INFO Vulkan: Loader Message:    VK_LAYER_NV_optimus priority=6 code_file=../gdk/gdkvulkancontext.c code_line=1695 code_func=gdk_vulkan_debug_report glib_domain=Gdk
INFO Vulkan: Loader Message:            Type: Implicit priority=6 code_file=../gdk/gdkvulkancontext.c code_line=1695 code_func=gdk_vulkan_debug_report glib_domain=Gdk
INFO Vulkan: Loader Message:            Enabled By: Implicit Layer priority=6 code_file=../gdk/gdkvulkancontext.c code_line=1695 code_func=gdk_vulkan_debug_report glib_domain=Gdk
INFO Vulkan: Loader Message:                Disable Env Var:  DISABLE_LAYER_NV_OPTIMUS_1 priority=6 code_file=../gdk/gdkvulkancontext.c code_line=1695 code_func=gdk_vulkan_debug_report glib_domain=Gdk
INFO Vulkan: Loader Message:            Manifest: /run/opengl-driver/share/vulkan/implicit_layer.d/nvidia_layers.json priority=6 code_file=../gdk/gdkvulkancontext.c code_line=1695 code_func=gdk_vulkan_debug_report glib_domain=Gdk
INFO Vulkan: Loader Message:            Library:  /nix/store/3j48fzaihxwl5yba2bghicwwshfcd1nv-nvidia-x11-570.169-6.12.38/lib/libGLX_nvidia.so.0 priority=6 code_file=../gdk/gdkvulkancontext.c code_line=1695 code_func=gdk_vulkan_debug_report glib_domain=Gdk
INFO Vulkan: Loader Message:      || priority=6 code_file=../gdk/gdkvulkancontext.c code_line=1695 code_func=gdk_vulkan_debug_report glib_domain=Gdk
INFO Vulkan: Loader Message:    <Device> priority=6 code_file=../gdk/gdkvulkancontext.c code_line=1695 code_func=gdk_vulkan_debug_report glib_domain=Gdk
INFO Vulkan: Loader Message:        Using "AMD Radeon Graphics (RADV RAPHAEL_MENDOCINO)" with driver: "/nix/store/ig8h5hjy3s9lfhi75zc64acmyzr8zzyd-mesa-25.1.6/lib/libvulkan_radeon.so" priority=6 code_file=../gdk/gdkvulkancontext.c code_line=1695 code_func=gdk_vulkan_debug_report glib_domain=Gdk
[2025-08-23 12:40:38.515] [info] Quitting.
[2025-08-23 12:40:38.519] [info] Hyprland IPC stopping...
[2025-08-23 12:40:39.190] [info] Using configuration file /home/chilly/.config/waybar/config
[2025-08-23 12:40:39.191] [info] Using CSS file /home/chilly/.config/waybar/style.css
[2025-08-23 12:40:39.194] [info] Hyprland IPC starting
[2025-08-23 12:40:39.194] [info] Loading persistent workspaces from Hyprland workspace rules
[2025-08-23 12:40:39.194] [info] Registering for Hyprland's 'windowtitlev2' events because a user-defined window rewrite rule uses the 'title' field.
[2025-08-23 12:40:39.318] [info] Bar configured (width: 1920, height: 39) for output: HDMI-A-1
[2025-08-23 12:40:39.318] [error] Item '': No icon name or pixmap given.
ERROR layout "not found"=anarchy
Calc disabled: currently 'qalc' only.
INFO Vulkan: Loader Message: linux_read_sorted_physical_devices: priority=6 code_file=../gdk/gdkvulkancontext.c code_line=1695 code_func=gdk_vulkan_debug_report glib_domain=Gdk
INFO Vulkan: Loader Message:      Original order: priority=6 code_file=../gdk/gdkvulkancontext.c code_line=1695 code_func=gdk_vulkan_debug_report glib_domain=Gdk
INFO Vulkan: Loader Message:            [0] llvmpipe (LLVM 19.1.7, 256 bits) priority=6 code_file=../gdk/gdkvulkancontext.c code_line=1695 code_func=gdk_vulkan_debug_report glib_domain=Gdk
INFO Vulkan: Loader Message:            [1] AMD Radeon Graphics (RADV RAPHAEL_MENDOCINO) priority=6 code_file=../gdk/gdkvulkancontext.c code_line=1695 code_func=gdk_vulkan_debug_report glib_domain=Gdk
INFO Vulkan: Loader Message:            [2] llvmpipe (LLVM 19.1.7, 256 bits) priority=6 code_file=../gdk/gdkvulkancontext.c code_line=1695 code_func=gdk_vulkan_debug_report glib_domain=Gdk
INFO Vulkan: Loader Message:            [3] NVIDIA GeForce RTX 4070 SUPER priority=6 code_file=../gdk/gdkvulkancontext.c code_line=1695 code_func=gdk_vulkan_debug_report glib_domain=Gdk
INFO Vulkan: Loader Message:            [4] AMD Radeon Graphics (RADV RAPHAEL_MENDOCINO) priority=6 code_file=../gdk/gdkvulkancontext.c code_line=1695 code_func=gdk_vulkan_debug_report glib_domain=Gdk
INFO Vulkan: Loader Message:      Sorted order: priority=6 code_file=../gdk/gdkvulkancontext.c code_line=1695 code_func=gdk_vulkan_debug_report glib_domain=Gdk
INFO Vulkan: Loader Message:            [0] NVIDIA GeForce RTX 4070 SUPER   priority=6 code_file=../gdk/gdkvulkancontext.c code_line=1695 code_func=gdk_vulkan_debug_report glib_domain=Gdk
INFO Vulkan: Loader Message:            [1] AMD Radeon Graphics (RADV RAPHAEL_MENDOCINO)   priority=6 code_file=../gdk/gdkvulkancontext.c code_line=1695 code_func=gdk_vulkan_debug_report glib_domain=Gdk
INFO Vulkan: Loader Message:            [2] AMD Radeon Graphics (RADV RAPHAEL_MENDOCINO)   priority=6 code_file=../gdk/gdkvulkancontext.c code_line=1695 code_func=gdk_vulkan_debug_report glib_domain=Gdk
INFO Vulkan: Loader Message:            [3] llvmpipe (LLVM 19.1.7, 256 bits)   priority=6 code_file=../gdk/gdkvulkancontext.c code_line=1695 code_func=gdk_vulkan_debug_report glib_domain=Gdk
INFO Vulkan: Loader Message:            [4] llvmpipe (LLVM 19.1.7, 256 bits)   priority=6 code_file=../gdk/gdkvulkancontext.c code_line=1695 code_func=gdk_vulkan_debug_report glib_domain=Gdk
INFO Vulkan: Loader Message: linux_read_sorted_physical_devices: priority=6 code_file=../gdk/gdkvulkancontext.c code_line=1695 code_func=gdk_vulkan_debug_report glib_domain=Gdk
INFO Vulkan: Loader Message:      Original order: priority=6 code_file=../gdk/gdkvulkancontext.c code_line=1695 code_func=gdk_vulkan_debug_report glib_domain=Gdk
INFO Vulkan: Loader Message:            [0] llvmpipe (LLVM 19.1.7, 256 bits) priority=6 code_file=../gdk/gdkvulkancontext.c code_line=1695 code_func=gdk_vulkan_debug_report glib_domain=Gdk
INFO Vulkan: Loader Message:            [1] AMD Radeon Graphics (RADV RAPHAEL_MENDOCINO) priority=6 code_file=../gdk/gdkvulkancontext.c code_line=1695 code_func=gdk_vulkan_debug_report glib_domain=Gdk
INFO Vulkan: Loader Message:            [2] llvmpipe (LLVM 19.1.7, 256 bits) priority=6 code_file=../gdk/gdkvulkancontext.c code_line=1695 code_func=gdk_vulkan_debug_report glib_domain=Gdk
INFO Vulkan: Loader Message:            [3] NVIDIA GeForce RTX 4070 SUPER priority=6 code_file=../gdk/gdkvulkancontext.c code_line=1695 code_func=gdk_vulkan_debug_report glib_domain=Gdk
INFO Vulkan: Loader Message:            [4] AMD Radeon Graphics (RADV RAPHAEL_MENDOCINO) priority=6 code_file=../gdk/gdkvulkancontext.c code_line=1695 code_func=gdk_vulkan_debug_report glib_domain=Gdk
INFO Vulkan: Loader Message:      Sorted order: priority=6 code_file=../gdk/gdkvulkancontext.c code_line=1695 code_func=gdk_vulkan_debug_report glib_domain=Gdk
INFO Vulkan: Loader Message:            [0] NVIDIA GeForce RTX 4070 SUPER   priority=6 code_file=../gdk/gdkvulkancontext.c code_line=1695 code_func=gdk_vulkan_debug_report glib_domain=Gdk
INFO Vulkan: Loader Message:            [1] AMD Radeon Graphics (RADV RAPHAEL_MENDOCINO)   priority=6 code_file=../gdk/gdkvulkancontext.c code_line=1695 code_func=gdk_vulkan_debug_report glib_domain=Gdk
INFO Vulkan: Loader Message:            [2] AMD Radeon Graphics (RADV RAPHAEL_MENDOCINO)   priority=6 code_file=../gdk/gdkvulkancontext.c code_line=1695 code_func=gdk_vulkan_debug_report glib_domain=Gdk
INFO Vulkan: Loader Message:            [3] llvmpipe (LLVM 19.1.7, 256 bits)   priority=6 code_file=../gdk/gdkvulkancontext.c code_line=1695 code_func=gdk_vulkan_debug_report glib_domain=Gdk
INFO Vulkan: Loader Message:            [4] llvmpipe (LLVM 19.1.7, 256 bits)   priority=6 code_file=../gdk/gdkvulkancontext.c code_line=1695 code_func=gdk_vulkan_debug_report glib_domain=Gdk
INFO Vulkan: Loader Message: linux_read_sorted_physical_devices: priority=6 code_file=../gdk/gdkvulkancontext.c code_line=1695 code_func=gdk_vulkan_debug_report glib_domain=Gdk
INFO Vulkan: Loader Message:      Original order: priority=6 code_file=../gdk/gdkvulkancontext.c code_line=1695 code_func=gdk_vulkan_debug_report glib_domain=Gdk
INFO Vulkan: Loader Message:            [0] llvmpipe (LLVM 19.1.7, 256 bits) priority=6 code_file=../gdk/gdkvulkancontext.c code_line=1695 code_func=gdk_vulkan_debug_report glib_domain=Gdk
INFO Vulkan: Loader Message:            [1] AMD Radeon Graphics (RADV RAPHAEL_MENDOCINO) priority=6 code_file=../gdk/gdkvulkancontext.c code_line=1695 code_func=gdk_vulkan_debug_report glib_domain=Gdk
INFO Vulkan: Loader Message:            [2] llvmpipe (LLVM 19.1.7, 256 bits) priority=6 code_file=../gdk/gdkvulkancontext.c code_line=1695 code_func=gdk_vulkan_debug_report glib_domain=Gdk
INFO Vulkan: Loader Message:            [3] NVIDIA GeForce RTX 4070 SUPER priority=6 code_file=../gdk/gdkvulkancontext.c code_line=1695 code_func=gdk_vulkan_debug_report glib_domain=Gdk
INFO Vulkan: Loader Message:            [4] AMD Radeon Graphics (RADV RAPHAEL_MENDOCINO) priority=6 code_file=../gdk/gdkvulkancontext.c code_line=1695 code_func=gdk_vulkan_debug_report glib_domain=Gdk
INFO Vulkan: Loader Message:      Sorted order: priority=6 code_file=../gdk/gdkvulkancontext.c code_line=1695 code_func=gdk_vulkan_debug_report glib_domain=Gdk
INFO Vulkan: Loader Message:            [0] NVIDIA GeForce RTX 4070 SUPER   priority=6 code_file=../gdk/gdkvulkancontext.c code_line=1695 code_func=gdk_vulkan_debug_report glib_domain=Gdk
INFO Vulkan: Loader Message:            [1] AMD Radeon Graphics (RADV RAPHAEL_MENDOCINO)   priority=6 code_file=../gdk/gdkvulkancontext.c code_line=1695 code_func=gdk_vulkan_debug_report glib_domain=Gdk
INFO Vulkan: Loader Message:            [2] AMD Radeon Graphics (RADV RAPHAEL_MENDOCINO)   priority=6 code_file=../gdk/gdkvulkancontext.c code_line=1695 code_func=gdk_vulkan_debug_report glib_domain=Gdk
INFO Vulkan: Loader Message:            [3] llvmpipe (LLVM 19.1.7, 256 bits)   priority=6 code_file=../gdk/gdkvulkancontext.c code_line=1695 code_func=gdk_vulkan_debug_report glib_domain=Gdk
INFO Vulkan: Loader Message:            [4] llvmpipe (LLVM 19.1.7, 256 bits)   priority=6 code_file=../gdk/gdkvulkancontext.c code_line=1695 code_func=gdk_vulkan_debug_report glib_domain=Gdk
INFO Vulkan: Loader Message: linux_read_sorted_physical_devices: priority=6 code_file=../gdk/gdkvulkancontext.c code_line=1695 code_func=gdk_vulkan_debug_report glib_domain=Gdk
INFO Vulkan: Loader Message:      Original order: priority=6 code_file=../gdk/gdkvulkancontext.c code_line=1695 code_func=gdk_vulkan_debug_report glib_domain=Gdk
INFO Vulkan: Loader Message:            [0] llvmpipe (LLVM 19.1.7, 256 bits) priority=6 code_file=../gdk/gdkvulkancontext.c code_line=1695 code_func=gdk_vulkan_debug_report glib_domain=Gdk
INFO Vulkan: Loader Message:            [1] AMD Radeon Graphics (RADV RAPHAEL_MENDOCINO) priority=6 code_file=../gdk/gdkvulkancontext.c code_line=1695 code_func=gdk_vulkan_debug_report glib_domain=Gdk
INFO Vulkan: Loader Message:            [2] llvmpipe (LLVM 19.1.7, 256 bits) priority=6 code_file=../gdk/gdkvulkancontext.c code_line=1695 code_func=gdk_vulkan_debug_report glib_domain=Gdk
INFO Vulkan: Loader Message:            [3] NVIDIA GeForce RTX 4070 SUPER priority=6 code_file=../gdk/gdkvulkancontext.c code_line=1695 code_func=gdk_vulkan_debug_report glib_domain=Gdk
INFO Vulkan: Loader Message:            [4] AMD Radeon Graphics (RADV RAPHAEL_MENDOCINO) priority=6 code_file=../gdk/gdkvulkancontext.c code_line=1695 code_func=gdk_vulkan_debug_report glib_domain=Gdk
INFO Vulkan: Loader Message:      Sorted order: priority=6 code_file=../gdk/gdkvulkancontext.c code_line=1695 code_func=gdk_vulkan_debug_report glib_domain=Gdk
INFO Vulkan: Loader Message:            [0] NVIDIA GeForce RTX 4070 SUPER   priority=6 code_file=../gdk/gdkvulkancontext.c code_line=1695 code_func=gdk_vulkan_debug_report glib_domain=Gdk
INFO Vulkan: Loader Message:            [1] AMD Radeon Graphics (RADV RAPHAEL_MENDOCINO)   priority=6 code_file=../gdk/gdkvulkancontext.c code_line=1695 code_func=gdk_vulkan_debug_report glib_domain=Gdk
INFO Vulkan: Loader Message:            [2] AMD Radeon Graphics (RADV RAPHAEL_MENDOCINO)   priority=6 code_file=../gdk/gdkvulkancontext.c code_line=1695 code_func=gdk_vulkan_debug_report glib_domain=Gdk
INFO Vulkan: Loader Message:            [3] llvmpipe (LLVM 19.1.7, 256 bits)   priority=6 code_file=../gdk/gdkvulkancontext.c code_line=1695 code_func=gdk_vulkan_debug_report glib_domain=Gdk
INFO Vulkan: Loader Message:            [4] llvmpipe (LLVM 19.1.7, 256 bits)   priority=6 code_file=../gdk/gdkvulkancontext.c code_line=1695 code_func=gdk_vulkan_debug_report glib_domain=Gdk
INFO Vulkan: Loader Message: linux_read_sorted_physical_devices: priority=6 code_file=../gdk/gdkvulkancontext.c code_line=1695 code_func=gdk_vulkan_debug_report glib_domain=Gdk
INFO Vulkan: Loader Message:      Original order: priority=6 code_file=../gdk/gdkvulkancontext.c code_line=1695 code_func=gdk_vulkan_debug_report glib_domain=Gdk
INFO Vulkan: Loader Message:            [0] llvmpipe (LLVM 19.1.7, 256 bits) priority=6 code_file=../gdk/gdkvulkancontext.c code_line=1695 code_func=gdk_vulkan_debug_report glib_domain=Gdk
INFO Vulkan: Loader Message:            [1] AMD Radeon Graphics (RADV RAPHAEL_MENDOCINO) priority=6 code_file=../gdk/gdkvulkancontext.c code_line=1695 code_func=gdk_vulkan_debug_report glib_domain=Gdk
INFO Vulkan: Loader Message:            [2] llvmpipe (LLVM 19.1.7, 256 bits) priority=6 code_file=../gdk/gdkvulkancontext.c code_line=1695 code_func=gdk_vulkan_debug_report glib_domain=Gdk
INFO Vulkan: Loader Message:            [3] NVIDIA GeForce RTX 4070 SUPER priority=6 code_file=../gdk/gdkvulkancontext.c code_line=1695 code_func=gdk_vulkan_debug_report glib_domain=Gdk
INFO Vulkan: Loader Message:            [4] AMD Radeon Graphics (RADV RAPHAEL_MENDOCINO) priority=6 code_file=../gdk/gdkvulkancontext.c code_line=1695 code_func=gdk_vulkan_debug_report glib_domain=Gdk
INFO Vulkan: Loader Message:      Sorted order: priority=6 code_file=../gdk/gdkvulkancontext.c code_line=1695 code_func=gdk_vulkan_debug_report glib_domain=Gdk
INFO Vulkan: Loader Message:            [0] NVIDIA GeForce RTX 4070 SUPER   priority=6 code_file=../gdk/gdkvulkancontext.c code_line=1695 code_func=gdk_vulkan_debug_report glib_domain=Gdk
INFO Vulkan: Loader Message:            [1] AMD Radeon Graphics (RADV RAPHAEL_MENDOCINO)   priority=6 code_file=../gdk/gdkvulkancontext.c code_line=1695 code_func=gdk_vulkan_debug_report glib_domain=Gdk
INFO Vulkan: Loader Message:            [2] AMD Radeon Graphics (RADV RAPHAEL_MENDOCINO)   priority=6 code_file=../gdk/gdkvulkancontext.c code_line=1695 code_func=gdk_vulkan_debug_report glib_domain=Gdk
INFO Vulkan: Loader Message:            [3] llvmpipe (LLVM 19.1.7, 256 bits)   priority=6 code_file=../gdk/gdkvulkancontext.c code_line=1695 code_func=gdk_vulkan_debug_report glib_domain=Gdk
INFO Vulkan: Loader Message:            [4] llvmpipe (LLVM 19.1.7, 256 bits)   priority=6 code_file=../gdk/gdkvulkancontext.c code_line=1695 code_func=gdk_vulkan_debug_report glib_domain=Gdk
INFO Vulkan: Loader Message: linux_read_sorted_physical_devices: priority=6 code_file=../gdk/gdkvulkancontext.c code_line=1695 code_func=gdk_vulkan_debug_report glib_domain=Gdk
INFO Vulkan: Loader Message:      Original order: priority=6 code_file=../gdk/gdkvulkancontext.c code_line=1695 code_func=gdk_vulkan_debug_report glib_domain=Gdk
INFO Vulkan: Loader Message:            [0] llvmpipe (LLVM 19.1.7, 256 bits) priority=6 code_file=../gdk/gdkvulkancontext.c code_line=1695 code_func=gdk_vulkan_debug_report glib_domain=Gdk
INFO Vulkan: Loader Message:            [1] AMD Radeon Graphics (RADV RAPHAEL_MENDOCINO) priority=6 code_file=../gdk/gdkvulkancontext.c code_line=1695 code_func=gdk_vulkan_debug_report glib_domain=Gdk
INFO Vulkan: Loader Message:            [2] llvmpipe (LLVM 19.1.7, 256 bits) priority=6 code_file=../gdk/gdkvulkancontext.c code_line=1695 code_func=gdk_vulkan_debug_report glib_domain=Gdk
INFO Vulkan: Loader Message:            [3] NVIDIA GeForce RTX 4070 SUPER priority=6 code_file=../gdk/gdkvulkancontext.c code_line=1695 code_func=gdk_vulkan_debug_report glib_domain=Gdk
INFO Vulkan: Loader Message:            [4] AMD Radeon Graphics (RADV RAPHAEL_MENDOCINO) priority=6 code_file=../gdk/gdkvulkancontext.c code_line=1695 code_func=gdk_vulkan_debug_report glib_domain=Gdk
INFO Vulkan: Loader Message:      Sorted order: priority=6 code_file=../gdk/gdkvulkancontext.c code_line=1695 code_func=gdk_vulkan_debug_report glib_domain=Gdk
INFO Vulkan: Loader Message:            [0] NVIDIA GeForce RTX 4070 SUPER   priority=6 code_file=../gdk/gdkvulkancontext.c code_line=1695 code_func=gdk_vulkan_debug_report glib_domain=Gdk
INFO Vulkan: Loader Message:            [1] AMD Radeon Graphics (RADV RAPHAEL_MENDOCINO)   priority=6 code_file=../gdk/gdkvulkancontext.c code_line=1695 code_func=gdk_vulkan_debug_report glib_domain=Gdk
INFO Vulkan: Loader Message:            [2] AMD Radeon Graphics (RADV RAPHAEL_MENDOCINO)   priority=6 code_file=../gdk/gdkvulkancontext.c code_line=1695 code_func=gdk_vulkan_debug_report glib_domain=Gdk
INFO Vulkan: Loader Message:            [3] llvmpipe (LLVM 19.1.7, 256 bits)   priority=6 code_file=../gdk/gdkvulkancontext.c code_line=1695 code_func=gdk_vulkan_debug_report glib_domain=Gdk
INFO Vulkan: Loader Message:            [4] llvmpipe (LLVM 19.1.7, 256 bits)   priority=6 code_file=../gdk/gdkvulkancontext.c code_line=1695 code_func=gdk_vulkan_debug_report glib_domain=Gdk
INFO Vulkan: Loader Message: linux_read_sorted_physical_devices: priority=6 code_file=../gdk/gdkvulkancontext.c code_line=1695 code_func=gdk_vulkan_debug_report glib_domain=Gdk
INFO Vulkan: Loader Message:      Original order: priority=6 code_file=../gdk/gdkvulkancontext.c code_line=1695 code_func=gdk_vulkan_debug_report glib_domain=Gdk
INFO Vulkan: Loader Message:            [0] llvmpipe (LLVM 19.1.7, 256 bits) priority=6 code_file=../gdk/gdkvulkancontext.c code_line=1695 code_func=gdk_vulkan_debug_report glib_domain=Gdk
INFO Vulkan: Loader Message:            [1] AMD Radeon Graphics (RADV RAPHAEL_MENDOCINO) priority=6 code_file=../gdk/gdkvulkancontext.c code_line=1695 code_func=gdk_vulkan_debug_report glib_domain=Gdk
INFO Vulkan: Loader Message:            [2] llvmpipe (LLVM 19.1.7, 256 bits) priority=6 code_file=../gdk/gdkvulkancontext.c code_line=1695 code_func=gdk_vulkan_debug_report glib_domain=Gdk
INFO Vulkan: Loader Message:            [3] NVIDIA GeForce RTX 4070 SUPER priority=6 code_file=../gdk/gdkvulkancontext.c code_line=1695 code_func=gdk_vulkan_debug_report glib_domain=Gdk
INFO Vulkan: Loader Message:            [4] AMD Radeon Graphics (RADV RAPHAEL_MENDOCINO) priority=6 code_file=../gdk/gdkvulkancontext.c code_line=1695 code_func=gdk_vulkan_debug_report glib_domain=Gdk
INFO Vulkan: Loader Message:      Sorted order: priority=6 code_file=../gdk/gdkvulkancontext.c code_line=1695 code_func=gdk_vulkan_debug_report glib_domain=Gdk
INFO Vulkan: Loader Message:            [0] NVIDIA GeForce RTX 4070 SUPER   priority=6 code_file=../gdk/gdkvulkancontext.c code_line=1695 code_func=gdk_vulkan_debug_report glib_domain=Gdk
INFO Vulkan: Loader Message:            [1] AMD Radeon Graphics (RADV RAPHAEL_MENDOCINO)   priority=6 code_file=../gdk/gdkvulkancontext.c code_line=1695 code_func=gdk_vulkan_debug_report glib_domain=Gdk
INFO Vulkan: Loader Message:            [2] AMD Radeon Graphics (RADV RAPHAEL_MENDOCINO)   priority=6 code_file=../gdk/gdkvulkancontext.c code_line=1695 code_func=gdk_vulkan_debug_report glib_domain=Gdk
INFO Vulkan: Loader Message:            [3] llvmpipe (LLVM 19.1.7, 256 bits)   priority=6 code_file=../gdk/gdkvulkancontext.c code_line=1695 code_func=gdk_vulkan_debug_report glib_domain=Gdk
INFO Vulkan: Loader Message:            [4] llvmpipe (LLVM 19.1.7, 256 bits)   priority=6 code_file=../gdk/gdkvulkancontext.c code_line=1695 code_func=gdk_vulkan_debug_report glib_domain=Gdk
INFO Vulkan: Loader Message: linux_read_sorted_physical_devices: priority=6 code_file=../gdk/gdkvulkancontext.c code_line=1695 code_func=gdk_vulkan_debug_report glib_domain=Gdk
INFO Vulkan: Loader Message:      Original order: priority=6 code_file=../gdk/gdkvulkancontext.c code_line=1695 code_func=gdk_vulkan_debug_report glib_domain=Gdk
INFO Vulkan: Loader Message:            [0] llvmpipe (LLVM 19.1.7, 256 bits) priority=6 code_file=../gdk/gdkvulkancontext.c code_line=1695 code_func=gdk_vulkan_debug_report glib_domain=Gdk
INFO Vulkan: Loader Message:            [1] AMD Radeon Graphics (RADV RAPHAEL_MENDOCINO) priority=6 code_file=../gdk/gdkvulkancontext.c code_line=1695 code_func=gdk_vulkan_debug_report glib_domain=Gdk
INFO Vulkan: Loader Message:            [2] llvmpipe (LLVM 19.1.7, 256 bits) priority=6 code_file=../gdk/gdkvulkancontext.c code_line=1695 code_func=gdk_vulkan_debug_report glib_domain=Gdk
INFO Vulkan: Loader Message:            [3] NVIDIA GeForce RTX 4070 SUPER priority=6 code_file=../gdk/gdkvulkancontext.c code_line=1695 code_func=gdk_vulkan_debug_report glib_domain=Gdk
INFO Vulkan: Loader Message:            [4] AMD Radeon Graphics (RADV RAPHAEL_MENDOCINO) priority=6 code_file=../gdk/gdkvulkancontext.c code_line=1695 code_func=gdk_vulkan_debug_report glib_domain=Gdk
INFO Vulkan: Loader Message:      Sorted order: priority=6 code_file=../gdk/gdkvulkancontext.c code_line=1695 code_func=gdk_vulkan_debug_report glib_domain=Gdk
INFO Vulkan: Loader Message:            [0] NVIDIA GeForce RTX 4070 SUPER   priority=6 code_file=../gdk/gdkvulkancontext.c code_line=1695 code_func=gdk_vulkan_debug_report glib_domain=Gdk
INFO Vulkan: Loader Message:            [1] AMD Radeon Graphics (RADV RAPHAEL_MENDOCINO)   priority=6 code_file=../gdk/gdkvulkancontext.c code_line=1695 code_func=gdk_vulkan_debug_report glib_domain=Gdk
INFO Vulkan: Loader Message:            [2] AMD Radeon Graphics (RADV RAPHAEL_MENDOCINO)   priority=6 code_file=../gdk/gdkvulkancontext.c code_line=1695 code_func=gdk_vulkan_debug_report glib_domain=Gdk
INFO Vulkan: Loader Message:            [3] llvmpipe (LLVM 19.1.7, 256 bits)   priority=6 code_file=../gdk/gdkvulkancontext.c code_line=1695 code_func=gdk_vulkan_debug_report glib_domain=Gdk
INFO Vulkan: Loader Message:            [4] llvmpipe (LLVM 19.1.7, 256 bits)   priority=6 code_file=../gdk/gdkvulkancontext.c code_line=1695 code_func=gdk_vulkan_debug_report glib_domain=Gdk
INFO Vulkan: Loader Message: Removing driver /nix/store/ig8h5hjy3s9lfhi75zc64acmyzr8zzyd-mesa-25.1.6/lib/libvulkan_virtio.so due to not having any physical devices priority=6 code_file=../gdk/gdkvulkancontext.c code_line=1695 code_func=gdk_vulkan_debug_report glib_domain=Gdk
INFO Vulkan: Loader Message: Removing driver /nix/store/ig8h5hjy3s9lfhi75zc64acmyzr8zzyd-mesa-25.1.6/lib/libvulkan_asahi.so due to not having any physical devices priority=6 code_file=../gdk/gdkvulkancontext.c code_line=1695 code_func=gdk_vulkan_debug_report glib_domain=Gdk
INFO Vulkan: Loader Message: Removing driver /nix/store/ig8h5hjy3s9lfhi75zc64acmyzr8zzyd-mesa-25.1.6/lib/libvulkan_intel.so due to not having any physical devices priority=6 code_file=../gdk/gdkvulkancontext.c code_line=1695 code_func=gdk_vulkan_debug_report glib_domain=Gdk
INFO Vulkan: Loader Message: Removing driver /nix/store/ig8h5hjy3s9lfhi75zc64acmyzr8zzyd-mesa-25.1.6/lib/libvulkan_intel_hasvk.so due to not having any physical devices priority=6 code_file=../gdk/gdkvulkancontext.c code_line=1695 code_func=gdk_vulkan_debug_report glib_domain=Gdk
INFO Vulkan: Loader Message: Removing driver /nix/store/ig8h5hjy3s9lfhi75zc64acmyzr8zzyd-mesa-25.1.6/lib/libvulkan_nouveau.so due to not having any physical devices priority=6 code_file=../gdk/gdkvulkancontext.c code_line=1695 code_func=gdk_vulkan_debug_report glib_domain=Gdk
INFO Vulkan: Loader Message: Removing driver /nix/store/ig8h5hjy3s9lfhi75zc64acmyzr8zzyd-mesa-25.1.6/lib/libvulkan_virtio.so due to not having any physical devices priority=6 code_file=../gdk/gdkvulkancontext.c code_line=1695 code_func=gdk_vulkan_debug_report glib_domain=Gdk
INFO Vulkan: Loader Message: Removing driver /nix/store/ig8h5hjy3s9lfhi75zc64acmyzr8zzyd-mesa-25.1.6/lib/libvulkan_asahi.so due to not having any physical devices priority=6 code_file=../gdk/gdkvulkancontext.c code_line=1695 code_func=gdk_vulkan_debug_report glib_domain=Gdk
INFO Vulkan: Loader Message: Removing driver /nix/store/ig8h5hjy3s9lfhi75zc64acmyzr8zzyd-mesa-25.1.6/lib/libvulkan_intel.so due to not having any physical devices priority=6 code_file=../gdk/gdkvulkancontext.c code_line=1695 code_func=gdk_vulkan_debug_report glib_domain=Gdk
INFO Vulkan: Loader Message: Removing driver /nix/store/ig8h5hjy3s9lfhi75zc64acmyzr8zzyd-mesa-25.1.6/lib/libvulkan_intel_hasvk.so due to not having any physical devices priority=6 code_file=../gdk/gdkvulkancontext.c code_line=1695 code_func=gdk_vulkan_debug_report glib_domain=Gdk
INFO Vulkan: Loader Message: Removing driver /nix/store/ig8h5hjy3s9lfhi75zc64acmyzr8zzyd-mesa-25.1.6/lib/libvulkan_nouveau.so due to not having any physical devices priority=6 code_file=../gdk/gdkvulkancontext.c code_line=1695 code_func=gdk_vulkan_debug_report glib_domain=Gdk
INFO Vulkan: Loader Message: Inserted device layer "VK_LAYER_NV_optimus" (/nix/store/3j48fzaihxwl5yba2bghicwwshfcd1nv-nvidia-x11-570.169-6.12.38/lib/libGLX_nvidia.so.0) priority=6 code_file=../gdk/gdkvulkancontext.c code_line=1695 code_func=gdk_vulkan_debug_report glib_domain=Gdk
INFO Vulkan: Loader Message: Failed to find vkGetDeviceProcAddr in layer "/nix/store/ig8h5hjy3s9lfhi75zc64acmyzr8zzyd-mesa-25.1.6/lib/libVkLayer_MESA_device_select.so" priority=6 code_file=../gdk/gdkvulkancontext.c code_line=1695 code_func=gdk_vulkan_debug_report glib_domain=Gdk
INFO Vulkan: Loader Message: vkCreateDevice layer callstack setup to: priority=6 code_file=../gdk/gdkvulkancontext.c code_line=1695 code_func=gdk_vulkan_debug_report glib_domain=Gdk
INFO Vulkan: Loader Message:    <Application> priority=6 code_file=../gdk/gdkvulkancontext.c code_line=1695 code_func=gdk_vulkan_debug_report glib_domain=Gdk
INFO Vulkan: Loader Message:      || priority=6 code_file=../gdk/gdkvulkancontext.c code_line=1695 code_func=gdk_vulkan_debug_report glib_domain=Gdk
INFO Vulkan: Loader Message:    <Loader> priority=6 code_file=../gdk/gdkvulkancontext.c code_line=1695 code_func=gdk_vulkan_debug_report glib_domain=Gdk
INFO Vulkan: Loader Message:      || priority=6 code_file=../gdk/gdkvulkancontext.c code_line=1695 code_func=gdk_vulkan_debug_report glib_domain=Gdk
INFO Vulkan: Loader Message:    VK_LAYER_NV_optimus priority=6 code_file=../gdk/gdkvulkancontext.c code_line=1695 code_func=gdk_vulkan_debug_report glib_domain=Gdk
INFO Vulkan: Loader Message:            Type: Implicit priority=6 code_file=../gdk/gdkvulkancontext.c code_line=1695 code_func=gdk_vulkan_debug_report glib_domain=Gdk
INFO Vulkan: Loader Message:            Enabled By: Implicit Layer priority=6 code_file=../gdk/gdkvulkancontext.c code_line=1695 code_func=gdk_vulkan_debug_report glib_domain=Gdk
INFO Vulkan: Loader Message:                Disable Env Var:  DISABLE_LAYER_NV_OPTIMUS_1 priority=6 code_file=../gdk/gdkvulkancontext.c code_line=1695 code_func=gdk_vulkan_debug_report glib_domain=Gdk
INFO Vulkan: Loader Message:            Manifest: /run/opengl-driver/share/vulkan/implicit_layer.d/nvidia_layers.json priority=6 code_file=../gdk/gdkvulkancontext.c code_line=1695 code_func=gdk_vulkan_debug_report glib_domain=Gdk
INFO Vulkan: Loader Message:            Library:  /nix/store/3j48fzaihxwl5yba2bghicwwshfcd1nv-nvidia-x11-570.169-6.12.38/lib/libGLX_nvidia.so.0 priority=6 code_file=../gdk/gdkvulkancontext.c code_line=1695 code_func=gdk_vulkan_debug_report glib_domain=Gdk
INFO Vulkan: Loader Message:      || priority=6 code_file=../gdk/gdkvulkancontext.c code_line=1695 code_func=gdk_vulkan_debug_report glib_domain=Gdk
INFO Vulkan: Loader Message:    <Device> priority=6 code_file=../gdk/gdkvulkancontext.c code_line=1695 code_func=gdk_vulkan_debug_report glib_domain=Gdk
INFO Vulkan: Loader Message:        Using "AMD Radeon Graphics (RADV RAPHAEL_MENDOCINO)" with driver: "/nix/store/ig8h5hjy3s9lfhi75zc64acmyzr8zzyd-mesa-25.1.6/lib/libvulkan_radeon.so" priority=6 code_file=../gdk/gdkvulkancontext.c code_line=1695 code_func=gdk_vulkan_debug_report glib_domain=Gdk
[2025-08-23 12:45:25.195] [info] Quitting.
[2025-08-23 12:45:25.198] [info] Hyprland IPC stopping...
[2025-08-23 12:45:25.840] [info] Using configuration file /home/chilly/.config/waybar/config
[2025-08-23 12:45:25.841] [info] Using CSS file /home/chilly/.config/waybar/style.css
[2025-08-23 12:45:25.844] [info] Hyprland IPC starting
[2025-08-23 12:45:25.845] [info] Loading persistent workspaces from Hyprland workspace rules
[2025-08-23 12:45:25.845] [info] Registering for Hyprland's 'windowtitlev2' events because a user-defined window rewrite rule uses the 'title' field.
[2025-08-23 12:45:25.969] [info] Bar configured (width: 1920, height: 39) for output: HDMI-A-1
[2025-08-23 12:45:25.969] [error] Item '': No icon name or pixmap given.
ERROR layout "not found"=anarchy
Calc disabled: currently 'qalc' only.
INFO Vulkan: Loader Message: linux_read_sorted_physical_devices: priority=6 code_file=../gdk/gdkvulkancontext.c code_line=1695 code_func=gdk_vulkan_debug_report glib_domain=Gdk
INFO Vulkan: Loader Message:      Original order: priority=6 code_file=../gdk/gdkvulkancontext.c code_line=1695 code_func=gdk_vulkan_debug_report glib_domain=Gdk
INFO Vulkan: Loader Message:            [0] llvmpipe (LLVM 19.1.7, 256 bits) priority=6 code_file=../gdk/gdkvulkancontext.c code_line=1695 code_func=gdk_vulkan_debug_report glib_domain=Gdk
INFO Vulkan: Loader Message:            [1] AMD Radeon Graphics (RADV RAPHAEL_MENDOCINO) priority=6 code_file=../gdk/gdkvulkancontext.c code_line=1695 code_func=gdk_vulkan_debug_report glib_domain=Gdk
INFO Vulkan: Loader Message:            [2] llvmpipe (LLVM 19.1.7, 256 bits) priority=6 code_file=../gdk/gdkvulkancontext.c code_line=1695 code_func=gdk_vulkan_debug_report glib_domain=Gdk
INFO Vulkan: Loader Message:            [3] NVIDIA GeForce RTX 4070 SUPER priority=6 code_file=../gdk/gdkvulkancontext.c code_line=1695 code_func=gdk_vulkan_debug_report glib_domain=Gdk
INFO Vulkan: Loader Message:            [4] AMD Radeon Graphics (RADV RAPHAEL_MENDOCINO) priority=6 code_file=../gdk/gdkvulkancontext.c code_line=1695 code_func=gdk_vulkan_debug_report glib_domain=Gdk
INFO Vulkan: Loader Message:      Sorted order: priority=6 code_file=../gdk/gdkvulkancontext.c code_line=1695 code_func=gdk_vulkan_debug_report glib_domain=Gdk
INFO Vulkan: Loader Message:            [0] NVIDIA GeForce RTX 4070 SUPER   priority=6 code_file=../gdk/gdkvulkancontext.c code_line=1695 code_func=gdk_vulkan_debug_report glib_domain=Gdk
INFO Vulkan: Loader Message:            [1] AMD Radeon Graphics (RADV RAPHAEL_MENDOCINO)   priority=6 code_file=../gdk/gdkvulkancontext.c code_line=1695 code_func=gdk_vulkan_debug_report glib_domain=Gdk
INFO Vulkan: Loader Message:            [2] AMD Radeon Graphics (RADV RAPHAEL_MENDOCINO)   priority=6 code_file=../gdk/gdkvulkancontext.c code_line=1695 code_func=gdk_vulkan_debug_report glib_domain=Gdk
INFO Vulkan: Loader Message:            [3] llvmpipe (LLVM 19.1.7, 256 bits)   priority=6 code_file=../gdk/gdkvulkancontext.c code_line=1695 code_func=gdk_vulkan_debug_report glib_domain=Gdk
INFO Vulkan: Loader Message:            [4] llvmpipe (LLVM 19.1.7, 256 bits)   priority=6 code_file=../gdk/gdkvulkancontext.c code_line=1695 code_func=gdk_vulkan_debug_report glib_domain=Gdk
INFO Vulkan: Loader Message: linux_read_sorted_physical_devices: priority=6 code_file=../gdk/gdkvulkancontext.c code_line=1695 code_func=gdk_vulkan_debug_report glib_domain=Gdk
INFO Vulkan: Loader Message:      Original order: priority=6 code_file=../gdk/gdkvulkancontext.c code_line=1695 code_func=gdk_vulkan_debug_report glib_domain=Gdk
INFO Vulkan: Loader Message:            [0] llvmpipe (LLVM 19.1.7, 256 bits) priority=6 code_file=../gdk/gdkvulkancontext.c code_line=1695 code_func=gdk_vulkan_debug_report glib_domain=Gdk
INFO Vulkan: Loader Message:            [1] AMD Radeon Graphics (RADV RAPHAEL_MENDOCINO) priority=6 code_file=../gdk/gdkvulkancontext.c code_line=1695 code_func=gdk_vulkan_debug_report glib_domain=Gdk
INFO Vulkan: Loader Message:            [2] llvmpipe (LLVM 19.1.7, 256 bits) priority=6 code_file=../gdk/gdkvulkancontext.c code_line=1695 code_func=gdk_vulkan_debug_report glib_domain=Gdk
INFO Vulkan: Loader Message:            [3] NVIDIA GeForce RTX 4070 SUPER priority=6 code_file=../gdk/gdkvulkancontext.c code_line=1695 code_func=gdk_vulkan_debug_report glib_domain=Gdk
INFO Vulkan: Loader Message:            [4] AMD Radeon Graphics (RADV RAPHAEL_MENDOCINO) priority=6 code_file=../gdk/gdkvulkancontext.c code_line=1695 code_func=gdk_vulkan_debug_report glib_domain=Gdk
INFO Vulkan: Loader Message:      Sorted order: priority=6 code_file=../gdk/gdkvulkancontext.c code_line=1695 code_func=gdk_vulkan_debug_report glib_domain=Gdk
INFO Vulkan: Loader Message:            [0] NVIDIA GeForce RTX 4070 SUPER   priority=6 code_file=../gdk/gdkvulkancontext.c code_line=1695 code_func=gdk_vulkan_debug_report glib_domain=Gdk
INFO Vulkan: Loader Message:            [1] AMD Radeon Graphics (RADV RAPHAEL_MENDOCINO)   priority=6 code_file=../gdk/gdkvulkancontext.c code_line=1695 code_func=gdk_vulkan_debug_report glib_domain=Gdk
INFO Vulkan: Loader Message:            [2] AMD Radeon Graphics (RADV RAPHAEL_MENDOCINO)   priority=6 code_file=../gdk/gdkvulkancontext.c code_line=1695 code_func=gdk_vulkan_debug_report glib_domain=Gdk
INFO Vulkan: Loader Message:            [3] llvmpipe (LLVM 19.1.7, 256 bits)   priority=6 code_file=../gdk/gdkvulkancontext.c code_line=1695 code_func=gdk_vulkan_debug_report glib_domain=Gdk
INFO Vulkan: Loader Message:            [4] llvmpipe (LLVM 19.1.7, 256 bits)   priority=6 code_file=../gdk/gdkvulkancontext.c code_line=1695 code_func=gdk_vulkan_debug_report glib_domain=Gdk
INFO Vulkan: Loader Message: linux_read_sorted_physical_devices: priority=6 code_file=../gdk/gdkvulkancontext.c code_line=1695 code_func=gdk_vulkan_debug_report glib_domain=Gdk
INFO Vulkan: Loader Message:      Original order: priority=6 code_file=../gdk/gdkvulkancontext.c code_line=1695 code_func=gdk_vulkan_debug_report glib_domain=Gdk
INFO Vulkan: Loader Message:            [0] llvmpipe (LLVM 19.1.7, 256 bits) priority=6 code_file=../gdk/gdkvulkancontext.c code_line=1695 code_func=gdk_vulkan_debug_report glib_domain=Gdk
INFO Vulkan: Loader Message:            [1] AMD Radeon Graphics (RADV RAPHAEL_MENDOCINO) priority=6 code_file=../gdk/gdkvulkancontext.c code_line=1695 code_func=gdk_vulkan_debug_report glib_domain=Gdk
INFO Vulkan: Loader Message:            [2] llvmpipe (LLVM 19.1.7, 256 bits) priority=6 code_file=../gdk/gdkvulkancontext.c code_line=1695 code_func=gdk_vulkan_debug_report glib_domain=Gdk
INFO Vulkan: Loader Message:            [3] NVIDIA GeForce RTX 4070 SUPER priority=6 code_file=../gdk/gdkvulkancontext.c code_line=1695 code_func=gdk_vulkan_debug_report glib_domain=Gdk
INFO Vulkan: Loader Message:            [4] AMD Radeon Graphics (RADV RAPHAEL_MENDOCINO) priority=6 code_file=../gdk/gdkvulkancontext.c code_line=1695 code_func=gdk_vulkan_debug_report glib_domain=Gdk
INFO Vulkan: Loader Message:      Sorted order: priority=6 code_file=../gdk/gdkvulkancontext.c code_line=1695 code_func=gdk_vulkan_debug_report glib_domain=Gdk
INFO Vulkan: Loader Message:            [0] NVIDIA GeForce RTX 4070 SUPER   priority=6 code_file=../gdk/gdkvulkancontext.c code_line=1695 code_func=gdk_vulkan_debug_report glib_domain=Gdk
INFO Vulkan: Loader Message:            [1] AMD Radeon Graphics (RADV RAPHAEL_MENDOCINO)   priority=6 code_file=../gdk/gdkvulkancontext.c code_line=1695 code_func=gdk_vulkan_debug_report glib_domain=Gdk
INFO Vulkan: Loader Message:            [2] AMD Radeon Graphics (RADV RAPHAEL_MENDOCINO)   priority=6 code_file=../gdk/gdkvulkancontext.c code_line=1695 code_func=gdk_vulkan_debug_report glib_domain=Gdk
INFO Vulkan: Loader Message:            [3] llvmpipe (LLVM 19.1.7, 256 bits)   priority=6 code_file=../gdk/gdkvulkancontext.c code_line=1695 code_func=gdk_vulkan_debug_report glib_domain=Gdk
INFO Vulkan: Loader Message:            [4] llvmpipe (LLVM 19.1.7, 256 bits)   priority=6 code_file=../gdk/gdkvulkancontext.c code_line=1695 code_func=gdk_vulkan_debug_report glib_domain=Gdk
INFO Vulkan: Loader Message: linux_read_sorted_physical_devices: priority=6 code_file=../gdk/gdkvulkancontext.c code_line=1695 code_func=gdk_vulkan_debug_report glib_domain=Gdk
INFO Vulkan: Loader Message:      Original order: priority=6 code_file=../gdk/gdkvulkancontext.c code_line=1695 code_func=gdk_vulkan_debug_report glib_domain=Gdk
INFO Vulkan: Loader Message:            [0] llvmpipe (LLVM 19.1.7, 256 bits) priority=6 code_file=../gdk/gdkvulkancontext.c code_line=1695 code_func=gdk_vulkan_debug_report glib_domain=Gdk
INFO Vulkan: Loader Message:            [1] AMD Radeon Graphics (RADV RAPHAEL_MENDOCINO) priority=6 code_file=../gdk/gdkvulkancontext.c code_line=1695 code_func=gdk_vulkan_debug_report glib_domain=Gdk
INFO Vulkan: Loader Message:            [2] llvmpipe (LLVM 19.1.7, 256 bits) priority=6 code_file=../gdk/gdkvulkancontext.c code_line=1695 code_func=gdk_vulkan_debug_report glib_domain=Gdk
INFO Vulkan: Loader Message:            [3] NVIDIA GeForce RTX 4070 SUPER priority=6 code_file=../gdk/gdkvulkancontext.c code_line=1695 code_func=gdk_vulkan_debug_report glib_domain=Gdk
INFO Vulkan: Loader Message:            [4] AMD Radeon Graphics (RADV RAPHAEL_MENDOCINO) priority=6 code_file=../gdk/gdkvulkancontext.c code_line=1695 code_func=gdk_vulkan_debug_report glib_domain=Gdk
INFO Vulkan: Loader Message:      Sorted order: priority=6 code_file=../gdk/gdkvulkancontext.c code_line=1695 code_func=gdk_vulkan_debug_report glib_domain=Gdk
INFO Vulkan: Loader Message:            [0] NVIDIA GeForce RTX 4070 SUPER   priority=6 code_file=../gdk/gdkvulkancontext.c code_line=1695 code_func=gdk_vulkan_debug_report glib_domain=Gdk
INFO Vulkan: Loader Message:            [1] AMD Radeon Graphics (RADV RAPHAEL_MENDOCINO)   priority=6 code_file=../gdk/gdkvulkancontext.c code_line=1695 code_func=gdk_vulkan_debug_report glib_domain=Gdk
INFO Vulkan: Loader Message:            [2] AMD Radeon Graphics (RADV RAPHAEL_MENDOCINO)   priority=6 code_file=../gdk/gdkvulkancontext.c code_line=1695 code_func=gdk_vulkan_debug_report glib_domain=Gdk
INFO Vulkan: Loader Message:            [3] llvmpipe (LLVM 19.1.7, 256 bits)   priority=6 code_file=../gdk/gdkvulkancontext.c code_line=1695 code_func=gdk_vulkan_debug_report glib_domain=Gdk
INFO Vulkan: Loader Message:            [4] llvmpipe (LLVM 19.1.7, 256 bits)   priority=6 code_file=../gdk/gdkvulkancontext.c code_line=1695 code_func=gdk_vulkan_debug_report glib_domain=Gdk
INFO Vulkan: Loader Message: linux_read_sorted_physical_devices: priority=6 code_file=../gdk/gdkvulkancontext.c code_line=1695 code_func=gdk_vulkan_debug_report glib_domain=Gdk
INFO Vulkan: Loader Message:      Original order: priority=6 code_file=../gdk/gdkvulkancontext.c code_line=1695 code_func=gdk_vulkan_debug_report glib_domain=Gdk
INFO Vulkan: Loader Message:            [0] llvmpipe (LLVM 19.1.7, 256 bits) priority=6 code_file=../gdk/gdkvulkancontext.c code_line=1695 code_func=gdk_vulkan_debug_report glib_domain=Gdk
INFO Vulkan: Loader Message:            [1] AMD Radeon Graphics (RADV RAPHAEL_MENDOCINO) priority=6 code_file=../gdk/gdkvulkancontext.c code_line=1695 code_func=gdk_vulkan_debug_report glib_domain=Gdk
INFO Vulkan: Loader Message:            [2] llvmpipe (LLVM 19.1.7, 256 bits) priority=6 code_file=../gdk/gdkvulkancontext.c code_line=1695 code_func=gdk_vulkan_debug_report glib_domain=Gdk
INFO Vulkan: Loader Message:            [3] NVIDIA GeForce RTX 4070 SUPER priority=6 code_file=../gdk/gdkvulkancontext.c code_line=1695 code_func=gdk_vulkan_debug_report glib_domain=Gdk
INFO Vulkan: Loader Message:            [4] AMD Radeon Graphics (RADV RAPHAEL_MENDOCINO) priority=6 code_file=../gdk/gdkvulkancontext.c code_line=1695 code_func=gdk_vulkan_debug_report glib_domain=Gdk
INFO Vulkan: Loader Message:      Sorted order: priority=6 code_file=../gdk/gdkvulkancontext.c code_line=1695 code_func=gdk_vulkan_debug_report glib_domain=Gdk
INFO Vulkan: Loader Message:            [0] NVIDIA GeForce RTX 4070 SUPER   priority=6 code_file=../gdk/gdkvulkancontext.c code_line=1695 code_func=gdk_vulkan_debug_report glib_domain=Gdk
INFO Vulkan: Loader Message:            [1] AMD Radeon Graphics (RADV RAPHAEL_MENDOCINO)   priority=6 code_file=../gdk/gdkvulkancontext.c code_line=1695 code_func=gdk_vulkan_debug_report glib_domain=Gdk
INFO Vulkan: Loader Message:            [2] AMD Radeon Graphics (RADV RAPHAEL_MENDOCINO)   priority=6 code_file=../gdk/gdkvulkancontext.c code_line=1695 code_func=gdk_vulkan_debug_report glib_domain=Gdk
INFO Vulkan: Loader Message:            [3] llvmpipe (LLVM 19.1.7, 256 bits)   priority=6 code_file=../gdk/gdkvulkancontext.c code_line=1695 code_func=gdk_vulkan_debug_report glib_domain=Gdk
INFO Vulkan: Loader Message:            [4] llvmpipe (LLVM 19.1.7, 256 bits)   priority=6 code_file=../gdk/gdkvulkancontext.c code_line=1695 code_func=gdk_vulkan_debug_report glib_domain=Gdk
INFO Vulkan: Loader Message: linux_read_sorted_physical_devices: priority=6 code_file=../gdk/gdkvulkancontext.c code_line=1695 code_func=gdk_vulkan_debug_report glib_domain=Gdk
INFO Vulkan: Loader Message:      Original order: priority=6 code_file=../gdk/gdkvulkancontext.c code_line=1695 code_func=gdk_vulkan_debug_report glib_domain=Gdk
INFO Vulkan: Loader Message:            [0] llvmpipe (LLVM 19.1.7, 256 bits) priority=6 code_file=../gdk/gdkvulkancontext.c code_line=1695 code_func=gdk_vulkan_debug_report glib_domain=Gdk
INFO Vulkan: Loader Message:            [1] AMD Radeon Graphics (RADV RAPHAEL_MENDOCINO) priority=6 code_file=../gdk/gdkvulkancontext.c code_line=1695 code_func=gdk_vulkan_debug_report glib_domain=Gdk
INFO Vulkan: Loader Message:            [2] llvmpipe (LLVM 19.1.7, 256 bits) priority=6 code_file=../gdk/gdkvulkancontext.c code_line=1695 code_func=gdk_vulkan_debug_report glib_domain=Gdk
INFO Vulkan: Loader Message:            [3] NVIDIA GeForce RTX 4070 SUPER priority=6 code_file=../gdk/gdkvulkancontext.c code_line=1695 code_func=gdk_vulkan_debug_report glib_domain=Gdk
INFO Vulkan: Loader Message:            [4] AMD Radeon Graphics (RADV RAPHAEL_MENDOCINO) priority=6 code_file=../gdk/gdkvulkancontext.c code_line=1695 code_func=gdk_vulkan_debug_report glib_domain=Gdk
INFO Vulkan: Loader Message:      Sorted order: priority=6 code_file=../gdk/gdkvulkancontext.c code_line=1695 code_func=gdk_vulkan_debug_report glib_domain=Gdk
INFO Vulkan: Loader Message:            [0] NVIDIA GeForce RTX 4070 SUPER   priority=6 code_file=../gdk/gdkvulkancontext.c code_line=1695 code_func=gdk_vulkan_debug_report glib_domain=Gdk
INFO Vulkan: Loader Message:            [1] AMD Radeon Graphics (RADV RAPHAEL_MENDOCINO)   priority=6 code_file=../gdk/gdkvulkancontext.c code_line=1695 code_func=gdk_vulkan_debug_report glib_domain=Gdk
INFO Vulkan: Loader Message:            [2] AMD Radeon Graphics (RADV RAPHAEL_MENDOCINO)   priority=6 code_file=../gdk/gdkvulkancontext.c code_line=1695 code_func=gdk_vulkan_debug_report glib_domain=Gdk
INFO Vulkan: Loader Message:            [3] llvmpipe (LLVM 19.1.7, 256 bits)   priority=6 code_file=../gdk/gdkvulkancontext.c code_line=1695 code_func=gdk_vulkan_debug_report glib_domain=Gdk
INFO Vulkan: Loader Message:            [4] llvmpipe (LLVM 19.1.7, 256 bits)   priority=6 code_file=../gdk/gdkvulkancontext.c code_line=1695 code_func=gdk_vulkan_debug_report glib_domain=Gdk
INFO Vulkan: Loader Message: linux_read_sorted_physical_devices: priority=6 code_file=../gdk/gdkvulkancontext.c code_line=1695 code_func=gdk_vulkan_debug_report glib_domain=Gdk
INFO Vulkan: Loader Message:      Original order: priority=6 code_file=../gdk/gdkvulkancontext.c code_line=1695 code_func=gdk_vulkan_debug_report glib_domain=Gdk
INFO Vulkan: Loader Message:            [0] llvmpipe (LLVM 19.1.7, 256 bits) priority=6 code_file=../gdk/gdkvulkancontext.c code_line=1695 code_func=gdk_vulkan_debug_report glib_domain=Gdk
INFO Vulkan: Loader Message:            [1] AMD Radeon Graphics (RADV RAPHAEL_MENDOCINO) priority=6 code_file=../gdk/gdkvulkancontext.c code_line=1695 code_func=gdk_vulkan_debug_report glib_domain=Gdk
INFO Vulkan: Loader Message:            [2] llvmpipe (LLVM 19.1.7, 256 bits) priority=6 code_file=../gdk/gdkvulkancontext.c code_line=1695 code_func=gdk_vulkan_debug_report glib_domain=Gdk
INFO Vulkan: Loader Message:            [3] NVIDIA GeForce RTX 4070 SUPER priority=6 code_file=../gdk/gdkvulkancontext.c code_line=1695 code_func=gdk_vulkan_debug_report glib_domain=Gdk
INFO Vulkan: Loader Message:            [4] AMD Radeon Graphics (RADV RAPHAEL_MENDOCINO) priority=6 code_file=../gdk/gdkvulkancontext.c code_line=1695 code_func=gdk_vulkan_debug_report glib_domain=Gdk
INFO Vulkan: Loader Message:      Sorted order: priority=6 code_file=../gdk/gdkvulkancontext.c code_line=1695 code_func=gdk_vulkan_debug_report glib_domain=Gdk
INFO Vulkan: Loader Message:            [0] NVIDIA GeForce RTX 4070 SUPER   priority=6 code_file=../gdk/gdkvulkancontext.c code_line=1695 code_func=gdk_vulkan_debug_report glib_domain=Gdk
INFO Vulkan: Loader Message:            [1] AMD Radeon Graphics (RADV RAPHAEL_MENDOCINO)   priority=6 code_file=../gdk/gdkvulkancontext.c code_line=1695 code_func=gdk_vulkan_debug_report glib_domain=Gdk
INFO Vulkan: Loader Message:            [2] AMD Radeon Graphics (RADV RAPHAEL_MENDOCINO)   priority=6 code_file=../gdk/gdkvulkancontext.c code_line=1695 code_func=gdk_vulkan_debug_report glib_domain=Gdk
INFO Vulkan: Loader Message:            [3] llvmpipe (LLVM 19.1.7, 256 bits)   priority=6 code_file=../gdk/gdkvulkancontext.c code_line=1695 code_func=gdk_vulkan_debug_report glib_domain=Gdk
INFO Vulkan: Loader Message:            [4] llvmpipe (LLVM 19.1.7, 256 bits)   priority=6 code_file=../gdk/gdkvulkancontext.c code_line=1695 code_func=gdk_vulkan_debug_report glib_domain=Gdk
INFO Vulkan: Loader Message: linux_read_sorted_physical_devices: priority=6 code_file=../gdk/gdkvulkancontext.c code_line=1695 code_func=gdk_vulkan_debug_report glib_domain=Gdk
INFO Vulkan: Loader Message:      Original order: priority=6 code_file=../gdk/gdkvulkancontext.c code_line=1695 code_func=gdk_vulkan_debug_report glib_domain=Gdk
INFO Vulkan: Loader Message:            [0] llvmpipe (LLVM 19.1.7, 256 bits) priority=6 code_file=../gdk/gdkvulkancontext.c code_line=1695 code_func=gdk_vulkan_debug_report glib_domain=Gdk
INFO Vulkan: Loader Message:            [1] AMD Radeon Graphics (RADV RAPHAEL_MENDOCINO) priority=6 code_file=../gdk/gdkvulkancontext.c code_line=1695 code_func=gdk_vulkan_debug_report glib_domain=Gdk
INFO Vulkan: Loader Message:            [2] llvmpipe (LLVM 19.1.7, 256 bits) priority=6 code_file=../gdk/gdkvulkancontext.c code_line=1695 code_func=gdk_vulkan_debug_report glib_domain=Gdk
INFO Vulkan: Loader Message:            [3] NVIDIA GeForce RTX 4070 SUPER priority=6 code_file=../gdk/gdkvulkancontext.c code_line=1695 code_func=gdk_vulkan_debug_report glib_domain=Gdk
INFO Vulkan: Loader Message:            [4] AMD Radeon Graphics (RADV RAPHAEL_MENDOCINO) priority=6 code_file=../gdk/gdkvulkancontext.c code_line=1695 code_func=gdk_vulkan_debug_report glib_domain=Gdk
INFO Vulkan: Loader Message:      Sorted order: priority=6 code_file=../gdk/gdkvulkancontext.c code_line=1695 code_func=gdk_vulkan_debug_report glib_domain=Gdk
INFO Vulkan: Loader Message:            [0] NVIDIA GeForce RTX 4070 SUPER   priority=6 code_file=../gdk/gdkvulkancontext.c code_line=1695 code_func=gdk_vulkan_debug_report glib_domain=Gdk
INFO Vulkan: Loader Message:            [1] AMD Radeon Graphics (RADV RAPHAEL_MENDOCINO)   priority=6 code_file=../gdk/gdkvulkancontext.c code_line=1695 code_func=gdk_vulkan_debug_report glib_domain=Gdk
INFO Vulkan: Loader Message:            [2] AMD Radeon Graphics (RADV RAPHAEL_MENDOCINO)   priority=6 code_file=../gdk/gdkvulkancontext.c code_line=1695 code_func=gdk_vulkan_debug_report glib_domain=Gdk
INFO Vulkan: Loader Message:            [3] llvmpipe (LLVM 19.1.7, 256 bits)   priority=6 code_file=../gdk/gdkvulkancontext.c code_line=1695 code_func=gdk_vulkan_debug_report glib_domain=Gdk
INFO Vulkan: Loader Message:            [4] llvmpipe (LLVM 19.1.7, 256 bits)   priority=6 code_file=../gdk/gdkvulkancontext.c code_line=1695 code_func=gdk_vulkan_debug_report glib_domain=Gdk
INFO Vulkan: Loader Message: Removing driver /nix/store/ig8h5hjy3s9lfhi75zc64acmyzr8zzyd-mesa-25.1.6/lib/libvulkan_virtio.so due to not having any physical devices priority=6 code_file=../gdk/gdkvulkancontext.c code_line=1695 code_func=gdk_vulkan_debug_report glib_domain=Gdk
INFO Vulkan: Loader Message: Removing driver /nix/store/ig8h5hjy3s9lfhi75zc64acmyzr8zzyd-mesa-25.1.6/lib/libvulkan_asahi.so due to not having any physical devices priority=6 code_file=../gdk/gdkvulkancontext.c code_line=1695 code_func=gdk_vulkan_debug_report glib_domain=Gdk
INFO Vulkan: Loader Message: Removing driver /nix/store/ig8h5hjy3s9lfhi75zc64acmyzr8zzyd-mesa-25.1.6/lib/libvulkan_intel.so due to not having any physical devices priority=6 code_file=../gdk/gdkvulkancontext.c code_line=1695 code_func=gdk_vulkan_debug_report glib_domain=Gdk
INFO Vulkan: Loader Message: Removing driver /nix/store/ig8h5hjy3s9lfhi75zc64acmyzr8zzyd-mesa-25.1.6/lib/libvulkan_intel_hasvk.so due to not having any physical devices priority=6 code_file=../gdk/gdkvulkancontext.c code_line=1695 code_func=gdk_vulkan_debug_report glib_domain=Gdk
INFO Vulkan: Loader Message: Removing driver /nix/store/ig8h5hjy3s9lfhi75zc64acmyzr8zzyd-mesa-25.1.6/lib/libvulkan_nouveau.so due to not having any physical devices priority=6 code_file=../gdk/gdkvulkancontext.c code_line=1695 code_func=gdk_vulkan_debug_report glib_domain=Gdk
INFO Vulkan: Loader Message: Removing driver /nix/store/ig8h5hjy3s9lfhi75zc64acmyzr8zzyd-mesa-25.1.6/lib/libvulkan_virtio.so due to not having any physical devices priority=6 code_file=../gdk/gdkvulkancontext.c code_line=1695 code_func=gdk_vulkan_debug_report glib_domain=Gdk
INFO Vulkan: Loader Message: Removing driver /nix/store/ig8h5hjy3s9lfhi75zc64acmyzr8zzyd-mesa-25.1.6/lib/libvulkan_asahi.so due to not having any physical devices priority=6 code_file=../gdk/gdkvulkancontext.c code_line=1695 code_func=gdk_vulkan_debug_report glib_domain=Gdk
INFO Vulkan: Loader Message: Removing driver /nix/store/ig8h5hjy3s9lfhi75zc64acmyzr8zzyd-mesa-25.1.6/lib/libvulkan_intel.so due to not having any physical devices priority=6 code_file=../gdk/gdkvulkancontext.c code_line=1695 code_func=gdk_vulkan_debug_report glib_domain=Gdk
INFO Vulkan: Loader Message: Removing driver /nix/store/ig8h5hjy3s9lfhi75zc64acmyzr8zzyd-mesa-25.1.6/lib/libvulkan_intel_hasvk.so due to not having any physical devices priority=6 code_file=../gdk/gdkvulkancontext.c code_line=1695 code_func=gdk_vulkan_debug_report glib_domain=Gdk
INFO Vulkan: Loader Message: Removing driver /nix/store/ig8h5hjy3s9lfhi75zc64acmyzr8zzyd-mesa-25.1.6/lib/libvulkan_nouveau.so due to not having any physical devices priority=6 code_file=../gdk/gdkvulkancontext.c code_line=1695 code_func=gdk_vulkan_debug_report glib_domain=Gdk
INFO Vulkan: Loader Message: Inserted device layer "VK_LAYER_NV_optimus" (/nix/store/3j48fzaihxwl5yba2bghicwwshfcd1nv-nvidia-x11-570.169-6.12.38/lib/libGLX_nvidia.so.0) priority=6 code_file=../gdk/gdkvulkancontext.c code_line=1695 code_func=gdk_vulkan_debug_report glib_domain=Gdk
INFO Vulkan: Loader Message: Failed to find vkGetDeviceProcAddr in layer "/nix/store/ig8h5hjy3s9lfhi75zc64acmyzr8zzyd-mesa-25.1.6/lib/libVkLayer_MESA_device_select.so" priority=6 code_file=../gdk/gdkvulkancontext.c code_line=1695 code_func=gdk_vulkan_debug_report glib_domain=Gdk
INFO Vulkan: Loader Message: vkCreateDevice layer callstack setup to: priority=6 code_file=../gdk/gdkvulkancontext.c code_line=1695 code_func=gdk_vulkan_debug_report glib_domain=Gdk
INFO Vulkan: Loader Message:    <Application> priority=6 code_file=../gdk/gdkvulkancontext.c code_line=1695 code_func=gdk_vulkan_debug_report glib_domain=Gdk
INFO Vulkan: Loader Message:      || priority=6 code_file=../gdk/gdkvulkancontext.c code_line=1695 code_func=gdk_vulkan_debug_report glib_domain=Gdk
INFO Vulkan: Loader Message:    <Loader> priority=6 code_file=../gdk/gdkvulkancontext.c code_line=1695 code_func=gdk_vulkan_debug_report glib_domain=Gdk
INFO Vulkan: Loader Message:      || priority=6 code_file=../gdk/gdkvulkancontext.c code_line=1695 code_func=gdk_vulkan_debug_report glib_domain=Gdk
INFO Vulkan: Loader Message:    VK_LAYER_NV_optimus priority=6 code_file=../gdk/gdkvulkancontext.c code_line=1695 code_func=gdk_vulkan_debug_report glib_domain=Gdk
INFO Vulkan: Loader Message:            Type: Implicit priority=6 code_file=../gdk/gdkvulkancontext.c code_line=1695 code_func=gdk_vulkan_debug_report glib_domain=Gdk
INFO Vulkan: Loader Message:            Enabled By: Implicit Layer priority=6 code_file=../gdk/gdkvulkancontext.c code_line=1695 code_func=gdk_vulkan_debug_report glib_domain=Gdk
INFO Vulkan: Loader Message:                Disable Env Var:  DISABLE_LAYER_NV_OPTIMUS_1 priority=6 code_file=../gdk/gdkvulkancontext.c code_line=1695 code_func=gdk_vulkan_debug_report glib_domain=Gdk
INFO Vulkan: Loader Message:            Manifest: /run/opengl-driver/share/vulkan/implicit_layer.d/nvidia_layers.json priority=6 code_file=../gdk/gdkvulkancontext.c code_line=1695 code_func=gdk_vulkan_debug_report glib_domain=Gdk
INFO Vulkan: Loader Message:            Library:  /nix/store/3j48fzaihxwl5yba2bghicwwshfcd1nv-nvidia-x11-570.169-6.12.38/lib/libGLX_nvidia.so.0 priority=6 code_file=../gdk/gdkvulkancontext.c code_line=1695 code_func=gdk_vulkan_debug_report glib_domain=Gdk
INFO Vulkan: Loader Message:      || priority=6 code_file=../gdk/gdkvulkancontext.c code_line=1695 code_func=gdk_vulkan_debug_report glib_domain=Gdk
INFO Vulkan: Loader Message:    <Device> priority=6 code_file=../gdk/gdkvulkancontext.c code_line=1695 code_func=gdk_vulkan_debug_report glib_domain=Gdk
INFO Vulkan: Loader Message:        Using "AMD Radeon Graphics (RADV RAPHAEL_MENDOCINO)" with driver: "/nix/store/ig8h5hjy3s9lfhi75zc64acmyzr8zzyd-mesa-25.1.6/lib/libvulkan_radeon.so" priority=6 code_file=../gdk/gdkvulkancontext.c code_line=1695 code_func=gdk_vulkan_debug_report glib_domain=Gdk
[2025-08-23 12:47:45.467] [info] Quitting.
[2025-08-23 12:47:45.470] [info] Hyprland IPC stopping...
[2025-08-23 12:47:46.140] [info] Using configuration file /home/chilly/.config/waybar/config
[2025-08-23 12:47:46.142] [info] Using CSS file /home/chilly/.config/waybar/style.css
[2025-08-23 12:47:46.144] [info] Hyprland IPC starting
[2025-08-23 12:47:46.145] [info] Loading persistent workspaces from Hyprland workspace rules
[2025-08-23 12:47:46.145] [info] Registering for Hyprland's 'windowtitlev2' events because a user-defined window rewrite rule uses the 'title' field.
[2025-08-23 12:47:46.269] [info] Bar configured (width: 1920, height: 39) for output: HDMI-A-1
[2025-08-23 12:47:46.269] [error] Item '': No icon name or pixmap given.
[2025-08-23 12:47:58.867] [info] Quitting.
[2025-08-23 12:47:58.870] [info] Hyprland IPC stopping...
[2025-08-23 12:47:59.496] [info] Using configuration file /home/chilly/.config/waybar/config
[2025-08-23 12:47:59.498] [info] Using CSS file /home/chilly/.config/waybar/style.css
[2025-08-23 12:47:59.500] [info] Hyprland IPC starting
[2025-08-23 12:47:59.501] [info] Loading persistent workspaces from Hyprland workspace rules
[2025-08-23 12:47:59.501] [info] Registering for Hyprland's 'windowtitlev2' events because a user-defined window rewrite rule uses the 'title' field.
[2025-08-23 12:47:59.654] [info] Bar configured (width: 1920, height: 39) for output: HDMI-A-1
[2025-08-23 12:48:07.843] [info] Quitting.
[2025-08-23 12:48:07.846] [info] Hyprland IPC stopping...
[2025-08-23 12:48:08.415] [info] Using configuration file /home/chilly/.config/waybar/config
[2025-08-23 12:48:08.417] [info] Using CSS file /home/chilly/.config/waybar/style.css
[2025-08-23 12:48:08.419] [info] Hyprland IPC starting
[2025-08-23 12:48:08.420] [info] Loading persistent workspaces from Hyprland workspace rules
[2025-08-23 12:48:08.420] [info] Registering for Hyprland's 'windowtitlev2' events because a user-defined window rewrite rule uses the 'title' field.
[2025-08-23 12:48:08.543] [info] Bar configured (width: 1920, height: 39) for output: HDMI-A-1
[2025-08-23 12:48:08.543] [error] Item '': No icon name or pixmap given.
[2025-08-23 12:48:24.059] [info] Quitting.
[2025-08-23 12:48:24.062] [info] Hyprland IPC stopping...
[2025-08-23 12:48:24.756] [info] Using configuration file /home/chilly/.config/waybar/config
[2025-08-23 12:48:24.758] [info] Using CSS file /home/chilly/.config/waybar/style.css
[2025-08-23 12:48:24.760] [info] Hyprland IPC starting
[2025-08-23 12:48:24.761] [info] Loading persistent workspaces from Hyprland workspace rules
[2025-08-23 12:48:24.761] [info] Registering for Hyprland's 'windowtitlev2' events because a user-defined window rewrite rule uses the 'title' field.
[2025-08-23 12:48:24.915] [info] Bar configured (width: 1920, height: 39) for output: HDMI-A-1
[2025-08-23 12:50:22.330] [info] Quitting.
[2025-08-23 12:50:22.334] [info] Hyprland IPC stopping...
[2025-08-23 12:50:23.041] [info] Using configuration file /home/chilly/.config/waybar/config
[2025-08-23 12:50:23.042] [info] Using CSS file /home/chilly/.config/waybar/style.css
[2025-08-23 12:50:23.045] [info] Hyprland IPC starting
[2025-08-23 12:50:23.045] [info] Loading persistent workspaces from Hyprland workspace rules
[2025-08-23 12:50:23.045] [info] Registering for Hyprland's 'windowtitlev2' events because a user-defined window rewrite rule uses the 'title' field.
[2025-08-23 12:50:23.168] [info] Bar configured (width: 1920, height: 39) for output: HDMI-A-1
[2025-08-23 12:50:23.168] [error] Item '': No icon name or pixmap given.
[2025-08-23 12:51:47.786] [info] Quitting.
[2025-08-23 12:51:47.790] [info] Hyprland IPC stopping...
[2025-08-23 12:51:48.518] [info] Using configuration file /home/chilly/.config/waybar/config
[2025-08-23 12:51:48.520] [info] Using CSS file /home/chilly/.config/waybar/style.css
[2025-08-23 12:51:48.523] [info] Hyprland IPC starting
[2025-08-23 12:51:48.523] [info] Loading persistent workspaces from Hyprland workspace rules
[2025-08-23 12:51:48.523] [info] Registering for Hyprland's 'windowtitlev2' events because a user-defined window rewrite rule uses the 'title' field.
[2025-08-23 12:51:48.646] [info] Bar configured (width: 1920, height: 39) for output: HDMI-A-1
[2025-08-23 12:51:48.646] [error] Item '': No icon name or pixmap given.
[2025-08-23 12:51:52.898] [info] Quitting.
[2025-08-23 12:51:52.902] [info] Hyprland IPC stopping...
[2025-08-23 12:51:58.712] [info] Using configuration file /home/chilly/.config/waybar/config
[2025-08-23 12:51:58.713] [info] Using CSS file /home/chilly/.config/waybar/style.css
[2025-08-23 12:51:58.716] [info] Hyprland IPC starting
[2025-08-23 12:51:58.716] [info] Loading persistent workspaces from Hyprland workspace rules
[2025-08-23 12:51:58.716] [info] Registering for Hyprland's 'windowtitlev2' events because a user-defined window rewrite rule uses the 'title' field.
[2025-08-23 12:51:58.870] [info] Bar configured (width: 1920, height: 39) for output: HDMI-A-1
[2025-08-23 12:53:12.834] [info] Quitting.
[2025-08-23 12:53:12.838] [info] Hyprland IPC stopping...
[2025-08-23 12:53:13.490] [info] Using configuration file /home/chilly/.config/waybar/config
[2025-08-23 12:53:13.491] [info] Using CSS file /home/chilly/.config/waybar/style.css
[2025-08-23 12:53:13.494] [info] Hyprland IPC starting
[2025-08-23 12:53:13.495] [info] Loading persistent workspaces from Hyprland workspace rules
[2025-08-23 12:53:13.495] [info] Registering for Hyprland's 'windowtitlev2' events because a user-defined window rewrite rule uses the 'title' field.
[2025-08-23 12:53:13.618] [info] Bar configured (width: 1920, height: 39) for output: HDMI-A-1
[2025-08-23 12:53:13.618] [error] Item '': No icon name or pixmap given.
[2025-08-23 12:53:22.650] [info] Quitting.
[2025-08-23 12:53:22.653] [info] Hyprland IPC stopping...
[2025-08-23 12:53:23.615] [info] Using configuration file /home/chilly/.config/waybar/config
[2025-08-23 12:53:23.616] [info] Using CSS file /home/chilly/.config/waybar/style.css
[2025-08-23 12:53:23.619] [info] Hyprland IPC starting
[2025-08-23 12:53:23.619] [info] Loading persistent workspaces from Hyprland workspace rules
[2025-08-23 12:53:23.619] [info] Registering for Hyprland's 'windowtitlev2' events because a user-defined window rewrite rule uses the 'title' field.
[2025-08-23 12:53:23.741] [info] Bar configured (width: 1920, height: 39) for output: HDMI-A-1
[2025-08-23 12:53:23.741] [error] Item '': No icon name or pixmap given.
[2025-08-23 12:53:45.842] [info] Quitting.
[2025-08-23 12:53:45.845] [info] Hyprland IPC stopping...
[2025-08-23 12:53:46.525] [info] Using configuration file /home/chilly/.config/waybar/config
[2025-08-23 12:53:46.527] [info] Using CSS file /home/chilly/.config/waybar/style.css
[2025-08-23 12:53:46.530] [info] Hyprland IPC starting
[2025-08-23 12:53:46.530] [info] Loading persistent workspaces from Hyprland workspace rules
[2025-08-23 12:53:46.530] [info] Registering for Hyprland's 'windowtitlev2' events because a user-defined window rewrite rule uses the 'title' field.
[2025-08-23 12:53:46.652] [info] Bar configured (width: 1920, height: 39) for output: HDMI-A-1
[2025-08-23 12:53:46.652] [error] Item '': No icon name or pixmap given.
[2025-08-23 12:54:11.706] [info] Quitting.
[2025-08-23 12:54:11.709] [info] Hyprland IPC stopping...
[2025-08-23 12:54:12.406] [info] Using configuration file /home/chilly/.config/waybar/config
[2025-08-23 12:54:12.407] [info] Using CSS file /home/chilly/.config/waybar/style.css
[2025-08-23 12:54:12.410] [info] Hyprland IPC starting
[2025-08-23 12:54:12.410] [info] Loading persistent workspaces from Hyprland workspace rules
[2025-08-23 12:54:12.410] [info] Registering for Hyprland's 'windowtitlev2' events because a user-defined window rewrite rule uses the 'title' field.
[2025-08-23 12:54:12.531] [info] Bar configured (width: 1920, height: 39) for output: HDMI-A-1
[2025-08-23 12:54:12.531] [error] Item '': No icon name or pixmap given.
[2025-08-23 12:54:25.586] [info] Quitting.
[2025-08-23 12:54:25.589] [info] Hyprland IPC stopping...
[2025-08-23 12:54:26.205] [info] Using configuration file /home/chilly/.config/waybar/config
[2025-08-23 12:54:26.206] [error] Error parsing JSON: * Line 26, Column 1
  Missing '}' or object member name

[2025-08-23 12:54:28.483] [info] Using configuration file /home/chilly/.config/waybar/config
[2025-08-23 12:54:28.484] [error] Error parsing JSON: * Line 26, Column 1
  Missing '}' or object member name

[2025-08-23 12:56:02.681] [info] Using configuration file /home/chilly/.config/waybar/config
[2025-08-23 12:56:02.683] [info] Using CSS file /home/chilly/.config/waybar/style.css
[2025-08-23 12:56:02.685] [info] Hyprland IPC starting
[2025-08-23 12:56:02.685] [info] Loading persistent workspaces from Hyprland workspace rules
[2025-08-23 12:56:02.685] [info] Registering for Hyprland's 'windowtitlev2' events because a user-defined window rewrite rule uses the 'title' field.
[2025-08-23 12:56:02.808] [info] Bar configured (width: 1920, height: 39) for output: HDMI-A-1
[2025-08-23 12:56:02.808] [error] Item '': No icon name or pixmap given.
[2025-08-23 12:58:04.298] [info] Quitting.
[2025-08-23 12:58:04.301] [info] Hyprland IPC stopping...
[2025-08-23 12:58:05.244] [info] Using configuration file /home/chilly/.config/waybar/config
[2025-08-23 12:58:05.245] [info] Using CSS file /home/chilly/.config/waybar/style.css
[2025-08-23 12:58:05.248] [info] Hyprland IPC starting
[2025-08-23 12:58:05.249] [info] Loading persistent workspaces from Hyprland workspace rules
[2025-08-23 12:58:05.249] [info] Registering for Hyprland's 'windowtitlev2' events because a user-defined window rewrite rule uses the 'title' field.
[2025-08-23 12:58:05.372] [info] Bar configured (width: 1920, height: 39) for output: HDMI-A-1
[2025-08-23 12:58:05.372] [error] Item '': No icon name or pixmap given.
[2025-08-23 12:58:30.386] [info] Quitting.
[2025-08-23 12:58:30.389] [info] Hyprland IPC stopping...
[2025-08-23 12:58:31.036] [info] Using configuration file /home/chilly/.config/waybar/config
[2025-08-23 12:58:31.037] [info] Using CSS file /home/chilly/.config/waybar/style.css
[2025-08-23 12:58:31.040] [info] Hyprland IPC starting
[2025-08-23 12:58:31.041] [info] Loading persistent workspaces from Hyprland workspace rules
[2025-08-23 12:58:31.041] [info] Registering for Hyprland's 'windowtitlev2' events because a user-defined window rewrite rule uses the 'title' field.
[2025-08-23 12:58:31.194] [info] Bar configured (width: 1920, height: 39) for output: HDMI-A-1
[2025-08-23 12:58:44.354] [info] Quitting.
[2025-08-23 12:58:44.356] [info] Hyprland IPC stopping...
[2025-08-23 12:58:44.990] [info] Using configuration file /home/chilly/.config/waybar/config
[2025-08-23 12:58:44.991] [info] Using CSS file /home/chilly/.config/waybar/style.css
[2025-08-23 12:58:44.994] [info] Hyprland IPC starting
[2025-08-23 12:58:44.995] [info] Loading persistent workspaces from Hyprland workspace rules
[2025-08-23 12:58:44.995] [info] Registering for Hyprland's 'windowtitlev2' events because a user-defined window rewrite rule uses the 'title' field.
[2025-08-23 12:58:45.118] [info] Bar configured (width: 1920, height: 39) for output: HDMI-A-1
[2025-08-23 12:58:45.118] [error] Item '': No icon name or pixmap given.
[2025-08-23 13:01:13.575] [info] Quitting.
[2025-08-23 13:01:13.578] [info] Hyprland IPC stopping...
[2025-08-23 13:01:14.170] [info] Using configuration file /home/chilly/.config/waybar/config
[2025-08-23 13:01:14.172] [info] Using CSS file /home/chilly/.config/waybar/style.css
[2025-08-23 13:01:14.174] [info] Hyprland IPC starting
[2025-08-23 13:01:14.175] [info] Loading persistent workspaces from Hyprland workspace rules
[2025-08-23 13:01:14.175] [info] Registering for Hyprland's 'windowtitlev2' events because a user-defined window rewrite rule uses the 'title' field.
[2025-08-23 13:01:14.299] [info] Bar configured (width: 1920, height: 39) for output: HDMI-A-1
[2025-08-23 13:01:14.299] [error] Item '': No icon name or pixmap given.
[2025-08-23 13:01:35.214] [info] Quitting.
[2025-08-23 13:01:35.217] [info] Hyprland IPC stopping...
[2025-08-23 13:01:35.840] [info] Using configuration file /home/chilly/.config/waybar/config
[2025-08-23 13:01:35.842] [info] Using CSS file /home/chilly/.config/waybar/style.css
[2025-08-23 13:01:35.844] [info] Hyprland IPC starting
[2025-08-23 13:01:35.845] [info] Loading persistent workspaces from Hyprland workspace rules
[2025-08-23 13:01:35.845] [info] Registering for Hyprland's 'windowtitlev2' events because a user-defined window rewrite rule uses the 'title' field.
[2025-08-23 13:01:35.968] [info] Bar configured (width: 1920, height: 39) for output: HDMI-A-1
[2025-08-23 13:01:35.968] [error] Item '': No icon name or pixmap given.
[2025-08-23 13:01:53.605] [info] Quitting.
[2025-08-23 13:01:53.609] [info] Hyprland IPC stopping...
[2025-08-23 13:01:54.217] [info] Using configuration file /home/chilly/.config/waybar/config
[2025-08-23 13:01:54.218] [info] Using CSS file /home/chilly/.config/waybar/style.css
[2025-08-23 13:01:54.221] [info] Hyprland IPC starting
[2025-08-23 13:01:54.221] [info] Loading persistent workspaces from Hyprland workspace rules
[2025-08-23 13:01:54.221] [info] Registering for Hyprland's 'windowtitlev2' events because a user-defined window rewrite rule uses the 'title' field.
[2025-08-23 13:01:54.344] [info] Bar configured (width: 1920, height: 39) for output: HDMI-A-1
[2025-08-23 13:01:54.344] [error] Item '': No icon name or pixmap given.
[2025-08-23 13:02:12.477] [info] Quitting.
[2025-08-23 13:02:12.480] [info] Hyprland IPC stopping...
[2025-08-23 13:02:13.096] [info] Using configuration file /home/chilly/.config/waybar/config
[2025-08-23 13:02:13.098] [info] Using CSS file /home/chilly/.config/waybar/style.css
[2025-08-23 13:02:13.100] [info] Hyprland IPC starting
[2025-08-23 13:02:13.101] [info] Loading persistent workspaces from Hyprland workspace rules
[2025-08-23 13:02:13.101] [info] Registering for Hyprland's 'windowtitlev2' events because a user-defined window rewrite rule uses the 'title' field.
[2025-08-23 13:02:13.224] [info] Bar configured (width: 1920, height: 39) for output: HDMI-A-1
[2025-08-23 13:02:13.224] [error] Item '': No icon name or pixmap given.
[2025-08-23 13:03:05.619] [info] Quitting.
[2025-08-23 13:03:05.622] [info] Hyprland IPC stopping...
[2025-08-23 13:03:06.273] [info] Using configuration file /home/chilly/.config/waybar/config
[2025-08-23 13:03:06.275] [info] Using CSS file /home/chilly/.config/waybar/style.css
[2025-08-23 13:03:06.278] [info] Hyprland IPC starting
[2025-08-23 13:03:06.278] [info] Loading persistent workspaces from Hyprland workspace rules
[2025-08-23 13:03:06.278] [info] Registering for Hyprland's 'windowtitlev2' events because a user-defined window rewrite rule uses the 'title' field.
[2025-08-23 13:03:06.403] [info] Bar configured (width: 1920, height: 39) for output: HDMI-A-1
[2025-08-23 13:03:06.403] [error] Item '': No icon name or pixmap given.
[2025-08-23 13:03:43.746] [info] Quitting.
[2025-08-23 13:03:43.749] [info] Hyprland IPC stopping...
[2025-08-23 13:03:44.365] [info] Using configuration file /home/chilly/.config/waybar/config
[2025-08-23 13:03:44.367] [info] Using CSS file /home/chilly/.config/waybar/style.css
[2025-08-23 13:03:44.369] [info] Hyprland IPC starting
[2025-08-23 13:03:44.370] [info] Loading persistent workspaces from Hyprland workspace rules
[2025-08-23 13:03:44.370] [info] Registering for Hyprland's 'windowtitlev2' events because a user-defined window rewrite rule uses the 'title' field.
[2025-08-23 13:03:44.494] [info] Bar configured (width: 1920, height: 39) for output: HDMI-A-1
[2025-08-23 13:03:44.494] [error] Item '': No icon name or pixmap given.
[2025-08-23 13:03:52.153] [info] Quitting.
[2025-08-23 13:03:52.156] [info] Hyprland IPC stopping...
[2025-08-23 13:03:52.757] [info] Using configuration file /home/chilly/.config/waybar/config
[2025-08-23 13:03:52.759] [info] Using CSS file /home/chilly/.config/waybar/style.css
[2025-08-23 13:03:52.762] [info] Hyprland IPC starting
[2025-08-23 13:03:52.762] [info] Loading persistent workspaces from Hyprland workspace rules
[2025-08-23 13:03:52.762] [info] Registering for Hyprland's 'windowtitlev2' events because a user-defined window rewrite rule uses the 'title' field.
[2025-08-23 13:03:52.885] [info] Bar configured (width: 1920, height: 39) for output: HDMI-A-1
[2025-08-23 13:03:52.885] [error] Item '': No icon name or pixmap given.
[2025-08-23 13:05:32.703] [info] Quitting.
[2025-08-23 13:05:32.706] [info] Hyprland IPC stopping...
[2025-08-23 13:05:33.348] [info] Using configuration file /home/chilly/.config/waybar/config
[2025-08-23 13:05:33.350] [info] Using CSS file /home/chilly/.config/waybar/style.css
[2025-08-23 13:05:33.352] [info] Hyprland IPC starting
[2025-08-23 13:05:33.353] [info] Loading persistent workspaces from Hyprland workspace rules
[2025-08-23 13:05:33.353] [info] Registering for Hyprland's 'windowtitlev2' events because a user-defined window rewrite rule uses the 'title' field.
[2025-08-23 13:05:33.477] [info] Bar configured (width: 1920, height: 39) for output: HDMI-A-1
[2025-08-23 13:05:33.477] [error] Item '': No icon name or pixmap given.
[2025-08-23 13:06:43.989] [info] Quitting.
[2025-08-23 13:06:43.992] [info] Hyprland IPC stopping...
[2025-08-23 13:06:44.624] [info] Using configuration file /home/chilly/.config/waybar/config
[2025-08-23 13:06:44.626] [info] Using CSS file /home/chilly/.config/waybar/style.css
[2025-08-23 13:06:44.628] [info] Hyprland IPC starting
[2025-08-23 13:06:44.629] [info] Loading persistent workspaces from Hyprland workspace rules
[2025-08-23 13:06:44.629] [info] Registering for Hyprland's 'windowtitlev2' events because a user-defined window rewrite rule uses the 'title' field.
[2025-08-23 13:06:44.752] [info] Bar configured (width: 1920, height: 39) for output: HDMI-A-1
[2025-08-23 13:06:44.752] [error] Item '': No icon name or pixmap given.
[2025-08-23 13:08:30.787] [info] Quitting.
cut: write error: Broken pipe
[2025-08-23 13:08:30.790] [info] Hyprland IPC stopping...
[2025-08-23 13:08:31.338] [info] Using configuration file /home/chilly/.config/waybar/config
[2025-08-23 13:08:31.339] [info] Using CSS file /home/chilly/.config/waybar/style.css
[2025-08-23 13:08:31.343] [info] Hyprland IPC starting
[2025-08-23 13:08:31.343] [info] Loading persistent workspaces from Hyprland workspace rules
[2025-08-23 13:08:31.343] [info] Registering for Hyprland's 'windowtitlev2' events because a user-defined window rewrite rule uses the 'title' field.
[2025-08-23 13:08:31.496] [info] Bar configured (width: 1920, height: 39) for output: HDMI-A-1
[2025-08-23 13:08:34.595] [info] Quitting.
[2025-08-23 13:08:34.597] [info] Hyprland IPC stopping...
[2025-08-23 13:08:35.322] [info] Using configuration file /home/chilly/.config/waybar/config
[2025-08-23 13:08:35.323] [info] Using CSS file /home/chilly/.config/waybar/style.css
[2025-08-23 13:08:35.326] [info] Hyprland IPC starting
[2025-08-23 13:08:35.327] [info] Loading persistent workspaces from Hyprland workspace rules
[2025-08-23 13:08:35.327] [info] Registering for Hyprland's 'windowtitlev2' events because a user-defined window rewrite rule uses the 'title' field.
[2025-08-23 13:08:35.485] [info] Bar configured (width: 1920, height: 39) for output: HDMI-A-1
[2025-08-23 13:08:37.547] [info] Quitting.
[2025-08-23 13:08:37.550] [info] Hyprland IPC stopping...
[2025-08-23 13:08:38.166] [info] Using configuration file /home/chilly/.config/waybar/config
[2025-08-23 13:08:38.167] [info] Using CSS file /home/chilly/.config/waybar/style.css
[2025-08-23 13:08:38.170] [info] Hyprland IPC starting
[2025-08-23 13:08:38.171] [info] Loading persistent workspaces from Hyprland workspace rules
[2025-08-23 13:08:38.171] [info] Registering for Hyprland's 'windowtitlev2' events because a user-defined window rewrite rule uses the 'title' field.
[2025-08-23 13:08:38.293] [info] Bar configured (width: 1920, height: 39) for output: HDMI-A-1
[2025-08-23 13:08:38.293] [error] Item '': No icon name or pixmap given.
[2025-08-23 13:11:27.856] [info] Quitting.
[2025-08-23 13:11:27.859] [info] Hyprland IPC stopping...
[2025-08-23 13:11:28.406] [info] Using configuration file /home/chilly/.config/waybar/config
[2025-08-23 13:11:28.407] [info] Using CSS file /home/chilly/.config/waybar/style.css
[2025-08-23 13:11:28.410] [info] Hyprland IPC starting
[2025-08-23 13:11:28.411] [info] Loading persistent workspaces from Hyprland workspace rules
[2025-08-23 13:11:28.411] [info] Registering for Hyprland's 'windowtitlev2' events because a user-defined window rewrite rule uses the 'title' field.
[2025-08-23 13:11:28.565] [info] Bar configured (width: 1920, height: 39) for output: HDMI-A-1
[2025-08-23 13:11:36.520] [info] Quitting.
[2025-08-23 13:11:36.522] [info] Hyprland IPC stopping...
[2025-08-23 13:11:37.185] [info] Using configuration file /home/chilly/.config/waybar/config
[2025-08-23 13:11:37.187] [info] Using CSS file /home/chilly/.config/waybar/style.css
[2025-08-23 13:11:37.189] [info] Hyprland IPC starting
[2025-08-23 13:11:37.190] [info] Loading persistent workspaces from Hyprland workspace rules
[2025-08-23 13:11:37.190] [info] Registering for Hyprland's 'windowtitlev2' events because a user-defined window rewrite rule uses the 'title' field.
[2025-08-23 13:11:37.345] [info] Bar configured (width: 1920, height: 39) for output: HDMI-A-1
[2025-08-23 13:11:56.791] [info] Quitting.
[2025-08-23 13:11:56.795] [info] Hyprland IPC stopping...
[2025-08-23 13:11:57.419] [info] Using configuration file /home/chilly/.config/waybar/config
[2025-08-23 13:11:57.420] [info] Using CSS file /home/chilly/.config/waybar/style.css
[2025-08-23 13:11:57.423] [info] Hyprland IPC starting
[2025-08-23 13:11:57.424] [info] Loading persistent workspaces from Hyprland workspace rules
[2025-08-23 13:11:57.424] [info] Registering for Hyprland's 'windowtitlev2' events because a user-defined window rewrite rule uses the 'title' field.
[2025-08-23 13:11:57.547] [info] Bar configured (width: 1920, height: 39) for output: HDMI-A-1
[2025-08-23 13:11:57.547] [error] Item '': No icon name or pixmap given.
[2025-08-23 13:12:03.151] [info] Quitting.
[2025-08-23 13:12:03.154] [info] Hyprland IPC stopping...
[2025-08-23 13:12:03.714] [info] Using configuration file /home/chilly/.config/waybar/config
[2025-08-23 13:12:03.715] [info] Using CSS file /home/chilly/.config/waybar/style.css
[2025-08-23 13:12:03.718] [info] Hyprland IPC starting
[2025-08-23 13:12:03.719] [info] Loading persistent workspaces from Hyprland workspace rules
[2025-08-23 13:12:03.719] [info] Registering for Hyprland's 'windowtitlev2' events because a user-defined window rewrite rule uses the 'title' field.
[2025-08-23 13:12:03.845] [info] Bar configured (width: 1920, height: 39) for output: HDMI-A-1
[2025-08-23 13:12:03.845] [error] Item '': No icon name or pixmap given.
[2025-08-23 13:12:41.911] [info] Quitting.
[2025-08-23 13:12:41.913] [info] Hyprland IPC stopping...
[2025-08-23 13:12:42.593] [info] Using configuration file /home/chilly/.config/waybar/config
[2025-08-23 13:12:42.594] [info] Using CSS file /home/chilly/.config/waybar/style.css
[2025-08-23 13:12:42.598] [info] Hyprland IPC starting
[2025-08-23 13:12:42.598] [info] Loading persistent workspaces from Hyprland workspace rules
[2025-08-23 13:12:42.598] [info] Registering for Hyprland's 'windowtitlev2' events because a user-defined window rewrite rule uses the 'title' field.
[2025-08-23 13:12:42.723] [info] Bar configured (width: 1920, height: 39) for output: HDMI-A-1
[2025-08-23 13:12:42.723] [error] Item '': No icon name or pixmap given.
[2025-08-23 13:12:59.918] [info] Quitting.
[2025-08-23 13:12:59.922] [info] Hyprland IPC stopping...
[2025-08-23 13:13:00.508] [info] Using configuration file /home/chilly/.config/waybar/config
[2025-08-23 13:13:00.510] [info] Using CSS file /home/chilly/.config/waybar/style.css
[2025-08-23 13:13:00.512] [info] Hyprland IPC starting
[2025-08-23 13:13:00.513] [info] Loading persistent workspaces from Hyprland workspace rules
[2025-08-23 13:13:00.513] [info] Registering for Hyprland's 'windowtitlev2' events because a user-defined window rewrite rule uses the 'title' field.
[2025-08-23 13:13:00.666] [info] Bar configured (width: 1920, height: 39) for output: HDMI-A-1
[2025-08-23 13:13:40.390] [info] Quitting.
[2025-08-23 13:13:40.393] [info] Hyprland IPC stopping...
[2025-08-23 13:13:41.057] [info] Using configuration file /home/chilly/.config/waybar/config
[2025-08-23 13:13:41.058] [info] Using CSS file /home/chilly/.config/waybar/style.css
[2025-08-23 13:13:41.061] [info] Hyprland IPC starting
[2025-08-23 13:13:41.061] [info] Loading persistent workspaces from Hyprland workspace rules
[2025-08-23 13:13:41.061] [info] Registering for Hyprland's 'windowtitlev2' events because a user-defined window rewrite rule uses the 'title' field.
[2025-08-23 13:13:41.186] [info] Bar configured (width: 1920, height: 39) for output: HDMI-A-1
[2025-08-23 13:13:41.186] [error] Item '': No icon name or pixmap given.
[2025-08-23 13:14:14.637] [info] Quitting.
[2025-08-23 13:14:14.640] [info] Hyprland IPC stopping...
[2025-08-23 13:14:15.188] [info] Using configuration file /home/chilly/.config/waybar/config
[2025-08-23 13:14:15.189] [info] Using CSS file /home/chilly/.config/waybar/style.css
[2025-08-23 13:14:15.192] [info] Hyprland IPC starting
[2025-08-23 13:14:15.192] [info] Loading persistent workspaces from Hyprland workspace rules
[2025-08-23 13:14:15.192] [info] Registering for Hyprland's 'windowtitlev2' events because a user-defined window rewrite rule uses the 'title' field.
[2025-08-23 13:14:15.347] [info] Bar configured (width: 1920, height: 39) for output: HDMI-A-1
[2025-08-23 13:16:44.203] [info] Quitting.
[2025-08-23 13:16:44.207] [info] Hyprland IPC stopping...
[2025-08-23 13:16:44.818] [info] Using configuration file /home/chilly/.config/waybar/config
[2025-08-23 13:16:44.819] [info] Using CSS file /home/chilly/.config/waybar/style.css
[2025-08-23 13:16:44.822] [info] Hyprland IPC starting
[2025-08-23 13:16:44.822] [info] Loading persistent workspaces from Hyprland workspace rules
[2025-08-23 13:16:44.822] [info] Registering for Hyprland's 'windowtitlev2' events because a user-defined window rewrite rule uses the 'title' field.
[2025-08-23 13:16:44.975] [info] Bar configured (width: 1920, height: 39) for output: HDMI-A-1
[2025-08-23 13:16:47.491] [info] Quitting.
[2025-08-23 13:16:47.494] [info] Hyprland IPC stopping...
[2025-08-23 13:16:48.120] [info] Using configuration file /home/chilly/.config/waybar/config
[2025-08-23 13:16:48.121] [info] Using CSS file /home/chilly/.config/waybar/style.css
[2025-08-23 13:16:48.124] [info] Hyprland IPC starting
[2025-08-23 13:16:48.124] [info] Loading persistent workspaces from Hyprland workspace rules
[2025-08-23 13:16:48.124] [info] Registering for Hyprland's 'windowtitlev2' events because a user-defined window rewrite rule uses the 'title' field.
[2025-08-23 13:16:48.248] [info] Bar configured (width: 1920, height: 39) for output: HDMI-A-1
[2025-08-23 13:16:48.248] [error] Item '': No icon name or pixmap given.
[2025-08-23 13:17:19.219] [info] Quitting.
[2025-08-23 13:17:19.222] [info] Hyprland IPC stopping...
[2025-08-23 13:17:19.803] [info] Using configuration file /home/chilly/.config/waybar/config
[2025-08-23 13:17:19.804] [info] Using CSS file /home/chilly/.config/waybar/style.css
[2025-08-23 13:17:19.807] [info] Hyprland IPC starting
[2025-08-23 13:17:19.807] [info] Loading persistent workspaces from Hyprland workspace rules
[2025-08-23 13:17:19.807] [info] Registering for Hyprland's 'windowtitlev2' events because a user-defined window rewrite rule uses the 'title' field.
[2025-08-23 13:17:19.934] [info] Bar configured (width: 1920, height: 39) for output: HDMI-A-1
[2025-08-23 13:17:19.934] [error] Item '': No icon name or pixmap given.
[2025-08-23 13:19:34.354] [info] Quitting.
[2025-08-23 13:19:34.357] [info] Hyprland IPC stopping...
[2025-08-23 13:19:35.021] [info] Using configuration file /home/chilly/.config/waybar/config
[2025-08-23 13:19:35.023] [info] Using CSS file /home/chilly/.config/waybar/style.css
[2025-08-23 13:19:35.026] [info] Hyprland IPC starting
[2025-08-23 13:19:35.026] [info] Loading persistent workspaces from Hyprland workspace rules
[2025-08-23 13:19:35.026] [info] Registering for Hyprland's 'windowtitlev2' events because a user-defined window rewrite rule uses the 'title' field.
[2025-08-23 13:19:35.180] [info] Bar configured (width: 1920, height: 39) for output: HDMI-A-1
ERROR layout "not found"=anarchy
Calc disabled: currently 'qalc' only.
INFO Vulkan: Loader Message: linux_read_sorted_physical_devices: priority=6 code_file=../gdk/gdkvulkancontext.c code_line=1695 code_func=gdk_vulkan_debug_report glib_domain=Gdk
INFO Vulkan: Loader Message:      Original order: priority=6 code_file=../gdk/gdkvulkancontext.c code_line=1695 code_func=gdk_vulkan_debug_report glib_domain=Gdk
INFO Vulkan: Loader Message:            [0] llvmpipe (LLVM 19.1.7, 256 bits) priority=6 code_file=../gdk/gdkvulkancontext.c code_line=1695 code_func=gdk_vulkan_debug_report glib_domain=Gdk
INFO Vulkan: Loader Message:            [1] AMD Radeon Graphics (RADV RAPHAEL_MENDOCINO) priority=6 code_file=../gdk/gdkvulkancontext.c code_line=1695 code_func=gdk_vulkan_debug_report glib_domain=Gdk
INFO Vulkan: Loader Message:            [2] llvmpipe (LLVM 19.1.7, 256 bits) priority=6 code_file=../gdk/gdkvulkancontext.c code_line=1695 code_func=gdk_vulkan_debug_report glib_domain=Gdk
INFO Vulkan: Loader Message:            [3] NVIDIA GeForce RTX 4070 SUPER priority=6 code_file=../gdk/gdkvulkancontext.c code_line=1695 code_func=gdk_vulkan_debug_report glib_domain=Gdk
INFO Vulkan: Loader Message:            [4] AMD Radeon Graphics (RADV RAPHAEL_MENDOCINO) priority=6 code_file=../gdk/gdkvulkancontext.c code_line=1695 code_func=gdk_vulkan_debug_report glib_domain=Gdk
INFO Vulkan: Loader Message:      Sorted order: priority=6 code_file=../gdk/gdkvulkancontext.c code_line=1695 code_func=gdk_vulkan_debug_report glib_domain=Gdk
INFO Vulkan: Loader Message:            [0] NVIDIA GeForce RTX 4070 SUPER   priority=6 code_file=../gdk/gdkvulkancontext.c code_line=1695 code_func=gdk_vulkan_debug_report glib_domain=Gdk
INFO Vulkan: Loader Message:            [1] AMD Radeon Graphics (RADV RAPHAEL_MENDOCINO)   priority=6 code_file=../gdk/gdkvulkancontext.c code_line=1695 code_func=gdk_vulkan_debug_report glib_domain=Gdk
INFO Vulkan: Loader Message:            [2] AMD Radeon Graphics (RADV RAPHAEL_MENDOCINO)   priority=6 code_file=../gdk/gdkvulkancontext.c code_line=1695 code_func=gdk_vulkan_debug_report glib_domain=Gdk
INFO Vulkan: Loader Message:            [3] llvmpipe (LLVM 19.1.7, 256 bits)   priority=6 code_file=../gdk/gdkvulkancontext.c code_line=1695 code_func=gdk_vulkan_debug_report glib_domain=Gdk
INFO Vulkan: Loader Message:            [4] llvmpipe (LLVM 19.1.7, 256 bits)   priority=6 code_file=../gdk/gdkvulkancontext.c code_line=1695 code_func=gdk_vulkan_debug_report glib_domain=Gdk
INFO Vulkan: Loader Message: linux_read_sorted_physical_devices: priority=6 code_file=../gdk/gdkvulkancontext.c code_line=1695 code_func=gdk_vulkan_debug_report glib_domain=Gdk
INFO Vulkan: Loader Message:      Original order: priority=6 code_file=../gdk/gdkvulkancontext.c code_line=1695 code_func=gdk_vulkan_debug_report glib_domain=Gdk
INFO Vulkan: Loader Message:            [0] llvmpipe (LLVM 19.1.7, 256 bits) priority=6 code_file=../gdk/gdkvulkancontext.c code_line=1695 code_func=gdk_vulkan_debug_report glib_domain=Gdk
INFO Vulkan: Loader Message:            [1] AMD Radeon Graphics (RADV RAPHAEL_MENDOCINO) priority=6 code_file=../gdk/gdkvulkancontext.c code_line=1695 code_func=gdk_vulkan_debug_report glib_domain=Gdk
INFO Vulkan: Loader Message:            [2] llvmpipe (LLVM 19.1.7, 256 bits) priority=6 code_file=../gdk/gdkvulkancontext.c code_line=1695 code_func=gdk_vulkan_debug_report glib_domain=Gdk
INFO Vulkan: Loader Message:            [3] NVIDIA GeForce RTX 4070 SUPER priority=6 code_file=../gdk/gdkvulkancontext.c code_line=1695 code_func=gdk_vulkan_debug_report glib_domain=Gdk
INFO Vulkan: Loader Message:            [4] AMD Radeon Graphics (RADV RAPHAEL_MENDOCINO) priority=6 code_file=../gdk/gdkvulkancontext.c code_line=1695 code_func=gdk_vulkan_debug_report glib_domain=Gdk
INFO Vulkan: Loader Message:      Sorted order: priority=6 code_file=../gdk/gdkvulkancontext.c code_line=1695 code_func=gdk_vulkan_debug_report glib_domain=Gdk
INFO Vulkan: Loader Message:            [0] NVIDIA GeForce RTX 4070 SUPER   priority=6 code_file=../gdk/gdkvulkancontext.c code_line=1695 code_func=gdk_vulkan_debug_report glib_domain=Gdk
INFO Vulkan: Loader Message:            [1] AMD Radeon Graphics (RADV RAPHAEL_MENDOCINO)   priority=6 code_file=../gdk/gdkvulkancontext.c code_line=1695 code_func=gdk_vulkan_debug_report glib_domain=Gdk
INFO Vulkan: Loader Message:            [2] AMD Radeon Graphics (RADV RAPHAEL_MENDOCINO)   priority=6 code_file=../gdk/gdkvulkancontext.c code_line=1695 code_func=gdk_vulkan_debug_report glib_domain=Gdk
INFO Vulkan: Loader Message:            [3] llvmpipe (LLVM 19.1.7, 256 bits)   priority=6 code_file=../gdk/gdkvulkancontext.c code_line=1695 code_func=gdk_vulkan_debug_report glib_domain=Gdk
INFO Vulkan: Loader Message:            [4] llvmpipe (LLVM 19.1.7, 256 bits)   priority=6 code_file=../gdk/gdkvulkancontext.c code_line=1695 code_func=gdk_vulkan_debug_report glib_domain=Gdk
INFO Vulkan: Loader Message: linux_read_sorted_physical_devices: priority=6 code_file=../gdk/gdkvulkancontext.c code_line=1695 code_func=gdk_vulkan_debug_report glib_domain=Gdk
INFO Vulkan: Loader Message:      Original order: priority=6 code_file=../gdk/gdkvulkancontext.c code_line=1695 code_func=gdk_vulkan_debug_report glib_domain=Gdk
INFO Vulkan: Loader Message:            [0] llvmpipe (LLVM 19.1.7, 256 bits) priority=6 code_file=../gdk/gdkvulkancontext.c code_line=1695 code_func=gdk_vulkan_debug_report glib_domain=Gdk
INFO Vulkan: Loader Message:            [1] AMD Radeon Graphics (RADV RAPHAEL_MENDOCINO) priority=6 code_file=../gdk/gdkvulkancontext.c code_line=1695 code_func=gdk_vulkan_debug_report glib_domain=Gdk
INFO Vulkan: Loader Message:            [2] llvmpipe (LLVM 19.1.7, 256 bits) priority=6 code_file=../gdk/gdkvulkancontext.c code_line=1695 code_func=gdk_vulkan_debug_report glib_domain=Gdk
INFO Vulkan: Loader Message:            [3] NVIDIA GeForce RTX 4070 SUPER priority=6 code_file=../gdk/gdkvulkancontext.c code_line=1695 code_func=gdk_vulkan_debug_report glib_domain=Gdk
INFO Vulkan: Loader Message:            [4] AMD Radeon Graphics (RADV RAPHAEL_MENDOCINO) priority=6 code_file=../gdk/gdkvulkancontext.c code_line=1695 code_func=gdk_vulkan_debug_report glib_domain=Gdk
INFO Vulkan: Loader Message:      Sorted order: priority=6 code_file=../gdk/gdkvulkancontext.c code_line=1695 code_func=gdk_vulkan_debug_report glib_domain=Gdk
INFO Vulkan: Loader Message:            [0] NVIDIA GeForce RTX 4070 SUPER   priority=6 code_file=../gdk/gdkvulkancontext.c code_line=1695 code_func=gdk_vulkan_debug_report glib_domain=Gdk
INFO Vulkan: Loader Message:            [1] AMD Radeon Graphics (RADV RAPHAEL_MENDOCINO)   priority=6 code_file=../gdk/gdkvulkancontext.c code_line=1695 code_func=gdk_vulkan_debug_report glib_domain=Gdk
INFO Vulkan: Loader Message:            [2] AMD Radeon Graphics (RADV RAPHAEL_MENDOCINO)   priority=6 code_file=../gdk/gdkvulkancontext.c code_line=1695 code_func=gdk_vulkan_debug_report glib_domain=Gdk
INFO Vulkan: Loader Message:            [3] llvmpipe (LLVM 19.1.7, 256 bits)   priority=6 code_file=../gdk/gdkvulkancontext.c code_line=1695 code_func=gdk_vulkan_debug_report glib_domain=Gdk
INFO Vulkan: Loader Message:            [4] llvmpipe (LLVM 19.1.7, 256 bits)   priority=6 code_file=../gdk/gdkvulkancontext.c code_line=1695 code_func=gdk_vulkan_debug_report glib_domain=Gdk
INFO Vulkan: Loader Message: linux_read_sorted_physical_devices: priority=6 code_file=../gdk/gdkvulkancontext.c code_line=1695 code_func=gdk_vulkan_debug_report glib_domain=Gdk
INFO Vulkan: Loader Message:      Original order: priority=6 code_file=../gdk/gdkvulkancontext.c code_line=1695 code_func=gdk_vulkan_debug_report glib_domain=Gdk
INFO Vulkan: Loader Message:            [0] llvmpipe (LLVM 19.1.7, 256 bits) priority=6 code_file=../gdk/gdkvulkancontext.c code_line=1695 code_func=gdk_vulkan_debug_report glib_domain=Gdk
INFO Vulkan: Loader Message:            [1] AMD Radeon Graphics (RADV RAPHAEL_MENDOCINO) priority=6 code_file=../gdk/gdkvulkancontext.c code_line=1695 code_func=gdk_vulkan_debug_report glib_domain=Gdk
INFO Vulkan: Loader Message:            [2] llvmpipe (LLVM 19.1.7, 256 bits) priority=6 code_file=../gdk/gdkvulkancontext.c code_line=1695 code_func=gdk_vulkan_debug_report glib_domain=Gdk
INFO Vulkan: Loader Message:            [3] NVIDIA GeForce RTX 4070 SUPER priority=6 code_file=../gdk/gdkvulkancontext.c code_line=1695 code_func=gdk_vulkan_debug_report glib_domain=Gdk
INFO Vulkan: Loader Message:            [4] AMD Radeon Graphics (RADV RAPHAEL_MENDOCINO) priority=6 code_file=../gdk/gdkvulkancontext.c code_line=1695 code_func=gdk_vulkan_debug_report glib_domain=Gdk
INFO Vulkan: Loader Message:      Sorted order: priority=6 code_file=../gdk/gdkvulkancontext.c code_line=1695 code_func=gdk_vulkan_debug_report glib_domain=Gdk
INFO Vulkan: Loader Message:            [0] NVIDIA GeForce RTX 4070 SUPER   priority=6 code_file=../gdk/gdkvulkancontext.c code_line=1695 code_func=gdk_vulkan_debug_report glib_domain=Gdk
INFO Vulkan: Loader Message:            [1] AMD Radeon Graphics (RADV RAPHAEL_MENDOCINO)   priority=6 code_file=../gdk/gdkvulkancontext.c code_line=1695 code_func=gdk_vulkan_debug_report glib_domain=Gdk
INFO Vulkan: Loader Message:            [2] AMD Radeon Graphics (RADV RAPHAEL_MENDOCINO)   priority=6 code_file=../gdk/gdkvulkancontext.c code_line=1695 code_func=gdk_vulkan_debug_report glib_domain=Gdk
INFO Vulkan: Loader Message:            [3] llvmpipe (LLVM 19.1.7, 256 bits)   priority=6 code_file=../gdk/gdkvulkancontext.c code_line=1695 code_func=gdk_vulkan_debug_report glib_domain=Gdk
INFO Vulkan: Loader Message:            [4] llvmpipe (LLVM 19.1.7, 256 bits)   priority=6 code_file=../gdk/gdkvulkancontext.c code_line=1695 code_func=gdk_vulkan_debug_report glib_domain=Gdk
INFO Vulkan: Loader Message: linux_read_sorted_physical_devices: priority=6 code_file=../gdk/gdkvulkancontext.c code_line=1695 code_func=gdk_vulkan_debug_report glib_domain=Gdk
INFO Vulkan: Loader Message:      Original order: priority=6 code_file=../gdk/gdkvulkancontext.c code_line=1695 code_func=gdk_vulkan_debug_report glib_domain=Gdk
INFO Vulkan: Loader Message:            [0] llvmpipe (LLVM 19.1.7, 256 bits) priority=6 code_file=../gdk/gdkvulkancontext.c code_line=1695 code_func=gdk_vulkan_debug_report glib_domain=Gdk
INFO Vulkan: Loader Message:            [1] AMD Radeon Graphics (RADV RAPHAEL_MENDOCINO) priority=6 code_file=../gdk/gdkvulkancontext.c code_line=1695 code_func=gdk_vulkan_debug_report glib_domain=Gdk
INFO Vulkan: Loader Message:            [2] llvmpipe (LLVM 19.1.7, 256 bits) priority=6 code_file=../gdk/gdkvulkancontext.c code_line=1695 code_func=gdk_vulkan_debug_report glib_domain=Gdk
INFO Vulkan: Loader Message:            [3] NVIDIA GeForce RTX 4070 SUPER priority=6 code_file=../gdk/gdkvulkancontext.c code_line=1695 code_func=gdk_vulkan_debug_report glib_domain=Gdk
INFO Vulkan: Loader Message:            [4] AMD Radeon Graphics (RADV RAPHAEL_MENDOCINO) priority=6 code_file=../gdk/gdkvulkancontext.c code_line=1695 code_func=gdk_vulkan_debug_report glib_domain=Gdk
INFO Vulkan: Loader Message:      Sorted order: priority=6 code_file=../gdk/gdkvulkancontext.c code_line=1695 code_func=gdk_vulkan_debug_report glib_domain=Gdk
INFO Vulkan: Loader Message:            [0] NVIDIA GeForce RTX 4070 SUPER   priority=6 code_file=../gdk/gdkvulkancontext.c code_line=1695 code_func=gdk_vulkan_debug_report glib_domain=Gdk
INFO Vulkan: Loader Message:            [1] AMD Radeon Graphics (RADV RAPHAEL_MENDOCINO)   priority=6 code_file=../gdk/gdkvulkancontext.c code_line=1695 code_func=gdk_vulkan_debug_report glib_domain=Gdk
INFO Vulkan: Loader Message:            [2] AMD Radeon Graphics (RADV RAPHAEL_MENDOCINO)   priority=6 code_file=../gdk/gdkvulkancontext.c code_line=1695 code_func=gdk_vulkan_debug_report glib_domain=Gdk
INFO Vulkan: Loader Message:            [3] llvmpipe (LLVM 19.1.7, 256 bits)   priority=6 code_file=../gdk/gdkvulkancontext.c code_line=1695 code_func=gdk_vulkan_debug_report glib_domain=Gdk
INFO Vulkan: Loader Message:            [4] llvmpipe (LLVM 19.1.7, 256 bits)   priority=6 code_file=../gdk/gdkvulkancontext.c code_line=1695 code_func=gdk_vulkan_debug_report glib_domain=Gdk
INFO Vulkan: Loader Message: linux_read_sorted_physical_devices: priority=6 code_file=../gdk/gdkvulkancontext.c code_line=1695 code_func=gdk_vulkan_debug_report glib_domain=Gdk
INFO Vulkan: Loader Message:      Original order: priority=6 code_file=../gdk/gdkvulkancontext.c code_line=1695 code_func=gdk_vulkan_debug_report glib_domain=Gdk
INFO Vulkan: Loader Message:            [0] llvmpipe (LLVM 19.1.7, 256 bits) priority=6 code_file=../gdk/gdkvulkancontext.c code_line=1695 code_func=gdk_vulkan_debug_report glib_domain=Gdk
INFO Vulkan: Loader Message:            [1] AMD Radeon Graphics (RADV RAPHAEL_MENDOCINO) priority=6 code_file=../gdk/gdkvulkancontext.c code_line=1695 code_func=gdk_vulkan_debug_report glib_domain=Gdk
INFO Vulkan: Loader Message:            [2] llvmpipe (LLVM 19.1.7, 256 bits) priority=6 code_file=../gdk/gdkvulkancontext.c code_line=1695 code_func=gdk_vulkan_debug_report glib_domain=Gdk
INFO Vulkan: Loader Message:            [3] NVIDIA GeForce RTX 4070 SUPER priority=6 code_file=../gdk/gdkvulkancontext.c code_line=1695 code_func=gdk_vulkan_debug_report glib_domain=Gdk
INFO Vulkan: Loader Message:            [4] AMD Radeon Graphics (RADV RAPHAEL_MENDOCINO) priority=6 code_file=../gdk/gdkvulkancontext.c code_line=1695 code_func=gdk_vulkan_debug_report glib_domain=Gdk
INFO Vulkan: Loader Message:      Sorted order: priority=6 code_file=../gdk/gdkvulkancontext.c code_line=1695 code_func=gdk_vulkan_debug_report glib_domain=Gdk
INFO Vulkan: Loader Message:            [0] NVIDIA GeForce RTX 4070 SUPER   priority=6 code_file=../gdk/gdkvulkancontext.c code_line=1695 code_func=gdk_vulkan_debug_report glib_domain=Gdk
INFO Vulkan: Loader Message:            [1] AMD Radeon Graphics (RADV RAPHAEL_MENDOCINO)   priority=6 code_file=../gdk/gdkvulkancontext.c code_line=1695 code_func=gdk_vulkan_debug_report glib_domain=Gdk
INFO Vulkan: Loader Message:            [2] AMD Radeon Graphics (RADV RAPHAEL_MENDOCINO)   priority=6 code_file=../gdk/gdkvulkancontext.c code_line=1695 code_func=gdk_vulkan_debug_report glib_domain=Gdk
INFO Vulkan: Loader Message:            [3] llvmpipe (LLVM 19.1.7, 256 bits)   priority=6 code_file=../gdk/gdkvulkancontext.c code_line=1695 code_func=gdk_vulkan_debug_report glib_domain=Gdk
INFO Vulkan: Loader Message:            [4] llvmpipe (LLVM 19.1.7, 256 bits)   priority=6 code_file=../gdk/gdkvulkancontext.c code_line=1695 code_func=gdk_vulkan_debug_report glib_domain=Gdk
INFO Vulkan: Loader Message: linux_read_sorted_physical_devices: priority=6 code_file=../gdk/gdkvulkancontext.c code_line=1695 code_func=gdk_vulkan_debug_report glib_domain=Gdk
INFO Vulkan: Loader Message:      Original order: priority=6 code_file=../gdk/gdkvulkancontext.c code_line=1695 code_func=gdk_vulkan_debug_report glib_domain=Gdk
INFO Vulkan: Loader Message:            [0] llvmpipe (LLVM 19.1.7, 256 bits) priority=6 code_file=../gdk/gdkvulkancontext.c code_line=1695 code_func=gdk_vulkan_debug_report glib_domain=Gdk
INFO Vulkan: Loader Message:            [1] AMD Radeon Graphics (RADV RAPHAEL_MENDOCINO) priority=6 code_file=../gdk/gdkvulkancontext.c code_line=1695 code_func=gdk_vulkan_debug_report glib_domain=Gdk
INFO Vulkan: Loader Message:            [2] llvmpipe (LLVM 19.1.7, 256 bits) priority=6 code_file=../gdk/gdkvulkancontext.c code_line=1695 code_func=gdk_vulkan_debug_report glib_domain=Gdk
INFO Vulkan: Loader Message:            [3] NVIDIA GeForce RTX 4070 SUPER priority=6 code_file=../gdk/gdkvulkancontext.c code_line=1695 code_func=gdk_vulkan_debug_report glib_domain=Gdk
INFO Vulkan: Loader Message:            [4] AMD Radeon Graphics (RADV RAPHAEL_MENDOCINO) priority=6 code_file=../gdk/gdkvulkancontext.c code_line=1695 code_func=gdk_vulkan_debug_report glib_domain=Gdk
INFO Vulkan: Loader Message:      Sorted order: priority=6 code_file=../gdk/gdkvulkancontext.c code_line=1695 code_func=gdk_vulkan_debug_report glib_domain=Gdk
INFO Vulkan: Loader Message:            [0] NVIDIA GeForce RTX 4070 SUPER   priority=6 code_file=../gdk/gdkvulkancontext.c code_line=1695 code_func=gdk_vulkan_debug_report glib_domain=Gdk
INFO Vulkan: Loader Message:            [1] AMD Radeon Graphics (RADV RAPHAEL_MENDOCINO)   priority=6 code_file=../gdk/gdkvulkancontext.c code_line=1695 code_func=gdk_vulkan_debug_report glib_domain=Gdk
INFO Vulkan: Loader Message:            [2] AMD Radeon Graphics (RADV RAPHAEL_MENDOCINO)   priority=6 code_file=../gdk/gdkvulkancontext.c code_line=1695 code_func=gdk_vulkan_debug_report glib_domain=Gdk
INFO Vulkan: Loader Message:            [3] llvmpipe (LLVM 19.1.7, 256 bits)   priority=6 code_file=../gdk/gdkvulkancontext.c code_line=1695 code_func=gdk_vulkan_debug_report glib_domain=Gdk
INFO Vulkan: Loader Message:            [4] llvmpipe (LLVM 19.1.7, 256 bits)   priority=6 code_file=../gdk/gdkvulkancontext.c code_line=1695 code_func=gdk_vulkan_debug_report glib_domain=Gdk
INFO Vulkan: Loader Message: linux_read_sorted_physical_devices: priority=6 code_file=../gdk/gdkvulkancontext.c code_line=1695 code_func=gdk_vulkan_debug_report glib_domain=Gdk
INFO Vulkan: Loader Message:      Original order: priority=6 code_file=../gdk/gdkvulkancontext.c code_line=1695 code_func=gdk_vulkan_debug_report glib_domain=Gdk
INFO Vulkan: Loader Message:            [0] llvmpipe (LLVM 19.1.7, 256 bits) priority=6 code_file=../gdk/gdkvulkancontext.c code_line=1695 code_func=gdk_vulkan_debug_report glib_domain=Gdk
INFO Vulkan: Loader Message:            [1] AMD Radeon Graphics (RADV RAPHAEL_MENDOCINO) priority=6 code_file=../gdk/gdkvulkancontext.c code_line=1695 code_func=gdk_vulkan_debug_report glib_domain=Gdk
INFO Vulkan: Loader Message:            [2] llvmpipe (LLVM 19.1.7, 256 bits) priority=6 code_file=../gdk/gdkvulkancontext.c code_line=1695 code_func=gdk_vulkan_debug_report glib_domain=Gdk
INFO Vulkan: Loader Message:            [3] NVIDIA GeForce RTX 4070 SUPER priority=6 code_file=../gdk/gdkvulkancontext.c code_line=1695 code_func=gdk_vulkan_debug_report glib_domain=Gdk
INFO Vulkan: Loader Message:            [4] AMD Radeon Graphics (RADV RAPHAEL_MENDOCINO) priority=6 code_file=../gdk/gdkvulkancontext.c code_line=1695 code_func=gdk_vulkan_debug_report glib_domain=Gdk
INFO Vulkan: Loader Message:      Sorted order: priority=6 code_file=../gdk/gdkvulkancontext.c code_line=1695 code_func=gdk_vulkan_debug_report glib_domain=Gdk
INFO Vulkan: Loader Message:            [0] NVIDIA GeForce RTX 4070 SUPER   priority=6 code_file=../gdk/gdkvulkancontext.c code_line=1695 code_func=gdk_vulkan_debug_report glib_domain=Gdk
INFO Vulkan: Loader Message:            [1] AMD Radeon Graphics (RADV RAPHAEL_MENDOCINO)   priority=6 code_file=../gdk/gdkvulkancontext.c code_line=1695 code_func=gdk_vulkan_debug_report glib_domain=Gdk
INFO Vulkan: Loader Message:            [2] AMD Radeon Graphics (RADV RAPHAEL_MENDOCINO)   priority=6 code_file=../gdk/gdkvulkancontext.c code_line=1695 code_func=gdk_vulkan_debug_report glib_domain=Gdk
INFO Vulkan: Loader Message:            [3] llvmpipe (LLVM 19.1.7, 256 bits)   priority=6 code_file=../gdk/gdkvulkancontext.c code_line=1695 code_func=gdk_vulkan_debug_report glib_domain=Gdk
INFO Vulkan: Loader Message:            [4] llvmpipe (LLVM 19.1.7, 256 bits)   priority=6 code_file=../gdk/gdkvulkancontext.c code_line=1695 code_func=gdk_vulkan_debug_report glib_domain=Gdk
INFO Vulkan: Loader Message: Removing driver /nix/store/ig8h5hjy3s9lfhi75zc64acmyzr8zzyd-mesa-25.1.6/lib/libvulkan_virtio.so due to not having any physical devices priority=6 code_file=../gdk/gdkvulkancontext.c code_line=1695 code_func=gdk_vulkan_debug_report glib_domain=Gdk
INFO Vulkan: Loader Message: Removing driver /nix/store/ig8h5hjy3s9lfhi75zc64acmyzr8zzyd-mesa-25.1.6/lib/libvulkan_asahi.so due to not having any physical devices priority=6 code_file=../gdk/gdkvulkancontext.c code_line=1695 code_func=gdk_vulkan_debug_report glib_domain=Gdk
INFO Vulkan: Loader Message: Removing driver /nix/store/ig8h5hjy3s9lfhi75zc64acmyzr8zzyd-mesa-25.1.6/lib/libvulkan_intel.so due to not having any physical devices priority=6 code_file=../gdk/gdkvulkancontext.c code_line=1695 code_func=gdk_vulkan_debug_report glib_domain=Gdk
INFO Vulkan: Loader Message: Removing driver /nix/store/ig8h5hjy3s9lfhi75zc64acmyzr8zzyd-mesa-25.1.6/lib/libvulkan_intel_hasvk.so due to not having any physical devices priority=6 code_file=../gdk/gdkvulkancontext.c code_line=1695 code_func=gdk_vulkan_debug_report glib_domain=Gdk
INFO Vulkan: Loader Message: Removing driver /nix/store/ig8h5hjy3s9lfhi75zc64acmyzr8zzyd-mesa-25.1.6/lib/libvulkan_nouveau.so due to not having any physical devices priority=6 code_file=../gdk/gdkvulkancontext.c code_line=1695 code_func=gdk_vulkan_debug_report glib_domain=Gdk
INFO Vulkan: Loader Message: Removing driver /nix/store/ig8h5hjy3s9lfhi75zc64acmyzr8zzyd-mesa-25.1.6/lib/libvulkan_virtio.so due to not having any physical devices priority=6 code_file=../gdk/gdkvulkancontext.c code_line=1695 code_func=gdk_vulkan_debug_report glib_domain=Gdk
INFO Vulkan: Loader Message: Removing driver /nix/store/ig8h5hjy3s9lfhi75zc64acmyzr8zzyd-mesa-25.1.6/lib/libvulkan_asahi.so due to not having any physical devices priority=6 code_file=../gdk/gdkvulkancontext.c code_line=1695 code_func=gdk_vulkan_debug_report glib_domain=Gdk
INFO Vulkan: Loader Message: Removing driver /nix/store/ig8h5hjy3s9lfhi75zc64acmyzr8zzyd-mesa-25.1.6/lib/libvulkan_intel.so due to not having any physical devices priority=6 code_file=../gdk/gdkvulkancontext.c code_line=1695 code_func=gdk_vulkan_debug_report glib_domain=Gdk
INFO Vulkan: Loader Message: Removing driver /nix/store/ig8h5hjy3s9lfhi75zc64acmyzr8zzyd-mesa-25.1.6/lib/libvulkan_intel_hasvk.so due to not having any physical devices priority=6 code_file=../gdk/gdkvulkancontext.c code_line=1695 code_func=gdk_vulkan_debug_report glib_domain=Gdk
INFO Vulkan: Loader Message: Removing driver /nix/store/ig8h5hjy3s9lfhi75zc64acmyzr8zzyd-mesa-25.1.6/lib/libvulkan_nouveau.so due to not having any physical devices priority=6 code_file=../gdk/gdkvulkancontext.c code_line=1695 code_func=gdk_vulkan_debug_report glib_domain=Gdk
INFO Vulkan: Loader Message: Inserted device layer "VK_LAYER_NV_optimus" (/nix/store/3j48fzaihxwl5yba2bghicwwshfcd1nv-nvidia-x11-570.169-6.12.38/lib/libGLX_nvidia.so.0) priority=6 code_file=../gdk/gdkvulkancontext.c code_line=1695 code_func=gdk_vulkan_debug_report glib_domain=Gdk
INFO Vulkan: Loader Message: Failed to find vkGetDeviceProcAddr in layer "/nix/store/ig8h5hjy3s9lfhi75zc64acmyzr8zzyd-mesa-25.1.6/lib/libVkLayer_MESA_device_select.so" priority=6 code_file=../gdk/gdkvulkancontext.c code_line=1695 code_func=gdk_vulkan_debug_report glib_domain=Gdk
INFO Vulkan: Loader Message: vkCreateDevice layer callstack setup to: priority=6 code_file=../gdk/gdkvulkancontext.c code_line=1695 code_func=gdk_vulkan_debug_report glib_domain=Gdk
INFO Vulkan: Loader Message:    <Application> priority=6 code_file=../gdk/gdkvulkancontext.c code_line=1695 code_func=gdk_vulkan_debug_report glib_domain=Gdk
INFO Vulkan: Loader Message:      || priority=6 code_file=../gdk/gdkvulkancontext.c code_line=1695 code_func=gdk_vulkan_debug_report glib_domain=Gdk
INFO Vulkan: Loader Message:    <Loader> priority=6 code_file=../gdk/gdkvulkancontext.c code_line=1695 code_func=gdk_vulkan_debug_report glib_domain=Gdk
INFO Vulkan: Loader Message:      || priority=6 code_file=../gdk/gdkvulkancontext.c code_line=1695 code_func=gdk_vulkan_debug_report glib_domain=Gdk
INFO Vulkan: Loader Message:    VK_LAYER_NV_optimus priority=6 code_file=../gdk/gdkvulkancontext.c code_line=1695 code_func=gdk_vulkan_debug_report glib_domain=Gdk
INFO Vulkan: Loader Message:            Type: Implicit priority=6 code_file=../gdk/gdkvulkancontext.c code_line=1695 code_func=gdk_vulkan_debug_report glib_domain=Gdk
INFO Vulkan: Loader Message:            Enabled By: Implicit Layer priority=6 code_file=../gdk/gdkvulkancontext.c code_line=1695 code_func=gdk_vulkan_debug_report glib_domain=Gdk
INFO Vulkan: Loader Message:                Disable Env Var:  DISABLE_LAYER_NV_OPTIMUS_1 priority=6 code_file=../gdk/gdkvulkancontext.c code_line=1695 code_func=gdk_vulkan_debug_report glib_domain=Gdk
INFO Vulkan: Loader Message:            Manifest: /run/opengl-driver/share/vulkan/implicit_layer.d/nvidia_layers.json priority=6 code_file=../gdk/gdkvulkancontext.c code_line=1695 code_func=gdk_vulkan_debug_report glib_domain=Gdk
INFO Vulkan: Loader Message:            Library:  /nix/store/3j48fzaihxwl5yba2bghicwwshfcd1nv-nvidia-x11-570.169-6.12.38/lib/libGLX_nvidia.so.0 priority=6 code_file=../gdk/gdkvulkancontext.c code_line=1695 code_func=gdk_vulkan_debug_report glib_domain=Gdk
INFO Vulkan: Loader Message:      || priority=6 code_file=../gdk/gdkvulkancontext.c code_line=1695 code_func=gdk_vulkan_debug_report glib_domain=Gdk
INFO Vulkan: Loader Message:    <Device> priority=6 code_file=../gdk/gdkvulkancontext.c code_line=1695 code_func=gdk_vulkan_debug_report glib_domain=Gdk
INFO Vulkan: Loader Message:        Using "AMD Radeon Graphics (RADV RAPHAEL_MENDOCINO)" with driver: "/nix/store/ig8h5hjy3s9lfhi75zc64acmyzr8zzyd-mesa-25.1.6/lib/libvulkan_radeon.so" priority=6 code_file=../gdk/gdkvulkancontext.c code_line=1695 code_func=gdk_vulkan_debug_report glib_domain=Gdk
ERROR layout "not found"=anarchy
Calc disabled: currently 'qalc' only.
INFO Vulkan: Loader Message: linux_read_sorted_physical_devices: priority=6 code_file=../gdk/gdkvulkancontext.c code_line=1695 code_func=gdk_vulkan_debug_report glib_domain=Gdk
INFO Vulkan: Loader Message:      Original order: priority=6 code_file=../gdk/gdkvulkancontext.c code_line=1695 code_func=gdk_vulkan_debug_report glib_domain=Gdk
INFO Vulkan: Loader Message:            [0] llvmpipe (LLVM 19.1.7, 256 bits) priority=6 code_file=../gdk/gdkvulkancontext.c code_line=1695 code_func=gdk_vulkan_debug_report glib_domain=Gdk
INFO Vulkan: Loader Message:            [1] AMD Radeon Graphics (RADV RAPHAEL_MENDOCINO) priority=6 code_file=../gdk/gdkvulkancontext.c code_line=1695 code_func=gdk_vulkan_debug_report glib_domain=Gdk
INFO Vulkan: Loader Message:            [2] llvmpipe (LLVM 19.1.7, 256 bits) priority=6 code_file=../gdk/gdkvulkancontext.c code_line=1695 code_func=gdk_vulkan_debug_report glib_domain=Gdk
INFO Vulkan: Loader Message:            [3] NVIDIA GeForce RTX 4070 SUPER priority=6 code_file=../gdk/gdkvulkancontext.c code_line=1695 code_func=gdk_vulkan_debug_report glib_domain=Gdk
INFO Vulkan: Loader Message:            [4] AMD Radeon Graphics (RADV RAPHAEL_MENDOCINO) priority=6 code_file=../gdk/gdkvulkancontext.c code_line=1695 code_func=gdk_vulkan_debug_report glib_domain=Gdk
INFO Vulkan: Loader Message:      Sorted order: priority=6 code_file=../gdk/gdkvulkancontext.c code_line=1695 code_func=gdk_vulkan_debug_report glib_domain=Gdk
INFO Vulkan: Loader Message:            [0] NVIDIA GeForce RTX 4070 SUPER   priority=6 code_file=../gdk/gdkvulkancontext.c code_line=1695 code_func=gdk_vulkan_debug_report glib_domain=Gdk
INFO Vulkan: Loader Message:            [1] AMD Radeon Graphics (RADV RAPHAEL_MENDOCINO)   priority=6 code_file=../gdk/gdkvulkancontext.c code_line=1695 code_func=gdk_vulkan_debug_report glib_domain=Gdk
INFO Vulkan: Loader Message:            [2] AMD Radeon Graphics (RADV RAPHAEL_MENDOCINO)   priority=6 code_file=../gdk/gdkvulkancontext.c code_line=1695 code_func=gdk_vulkan_debug_report glib_domain=Gdk
INFO Vulkan: Loader Message:            [3] llvmpipe (LLVM 19.1.7, 256 bits)   priority=6 code_file=../gdk/gdkvulkancontext.c code_line=1695 code_func=gdk_vulkan_debug_report glib_domain=Gdk
INFO Vulkan: Loader Message:            [4] llvmpipe (LLVM 19.1.7, 256 bits)   priority=6 code_file=../gdk/gdkvulkancontext.c code_line=1695 code_func=gdk_vulkan_debug_report glib_domain=Gdk
INFO Vulkan: Loader Message: linux_read_sorted_physical_devices: priority=6 code_file=../gdk/gdkvulkancontext.c code_line=1695 code_func=gdk_vulkan_debug_report glib_domain=Gdk
INFO Vulkan: Loader Message:      Original order: priority=6 code_file=../gdk/gdkvulkancontext.c code_line=1695 code_func=gdk_vulkan_debug_report glib_domain=Gdk
INFO Vulkan: Loader Message:            [0] llvmpipe (LLVM 19.1.7, 256 bits) priority=6 code_file=../gdk/gdkvulkancontext.c code_line=1695 code_func=gdk_vulkan_debug_report glib_domain=Gdk
INFO Vulkan: Loader Message:            [1] AMD Radeon Graphics (RADV RAPHAEL_MENDOCINO) priority=6 code_file=../gdk/gdkvulkancontext.c code_line=1695 code_func=gdk_vulkan_debug_report glib_domain=Gdk
INFO Vulkan: Loader Message:            [2] llvmpipe (LLVM 19.1.7, 256 bits) priority=6 code_file=../gdk/gdkvulkancontext.c code_line=1695 code_func=gdk_vulkan_debug_report glib_domain=Gdk
INFO Vulkan: Loader Message:            [3] NVIDIA GeForce RTX 4070 SUPER priority=6 code_file=../gdk/gdkvulkancontext.c code_line=1695 code_func=gdk_vulkan_debug_report glib_domain=Gdk
INFO Vulkan: Loader Message:            [4] AMD Radeon Graphics (RADV RAPHAEL_MENDOCINO) priority=6 code_file=../gdk/gdkvulkancontext.c code_line=1695 code_func=gdk_vulkan_debug_report glib_domain=Gdk
INFO Vulkan: Loader Message:      Sorted order: priority=6 code_file=../gdk/gdkvulkancontext.c code_line=1695 code_func=gdk_vulkan_debug_report glib_domain=Gdk
INFO Vulkan: Loader Message:            [0] NVIDIA GeForce RTX 4070 SUPER   priority=6 code_file=../gdk/gdkvulkancontext.c code_line=1695 code_func=gdk_vulkan_debug_report glib_domain=Gdk
INFO Vulkan: Loader Message:            [1] AMD Radeon Graphics (RADV RAPHAEL_MENDOCINO)   priority=6 code_file=../gdk/gdkvulkancontext.c code_line=1695 code_func=gdk_vulkan_debug_report glib_domain=Gdk
INFO Vulkan: Loader Message:            [2] AMD Radeon Graphics (RADV RAPHAEL_MENDOCINO)   priority=6 code_file=../gdk/gdkvulkancontext.c code_line=1695 code_func=gdk_vulkan_debug_report glib_domain=Gdk
INFO Vulkan: Loader Message:            [3] llvmpipe (LLVM 19.1.7, 256 bits)   priority=6 code_file=../gdk/gdkvulkancontext.c code_line=1695 code_func=gdk_vulkan_debug_report glib_domain=Gdk
INFO Vulkan: Loader Message:            [4] llvmpipe (LLVM 19.1.7, 256 bits)   priority=6 code_file=../gdk/gdkvulkancontext.c code_line=1695 code_func=gdk_vulkan_debug_report glib_domain=Gdk
INFO Vulkan: Loader Message: linux_read_sorted_physical_devices: priority=6 code_file=../gdk/gdkvulkancontext.c code_line=1695 code_func=gdk_vulkan_debug_report glib_domain=Gdk
INFO Vulkan: Loader Message:      Original order: priority=6 code_file=../gdk/gdkvulkancontext.c code_line=1695 code_func=gdk_vulkan_debug_report glib_domain=Gdk
INFO Vulkan: Loader Message:            [0] llvmpipe (LLVM 19.1.7, 256 bits) priority=6 code_file=../gdk/gdkvulkancontext.c code_line=1695 code_func=gdk_vulkan_debug_report glib_domain=Gdk
INFO Vulkan: Loader Message:            [1] AMD Radeon Graphics (RADV RAPHAEL_MENDOCINO) priority=6 code_file=../gdk/gdkvulkancontext.c code_line=1695 code_func=gdk_vulkan_debug_report glib_domain=Gdk
INFO Vulkan: Loader Message:            [2] llvmpipe (LLVM 19.1.7, 256 bits) priority=6 code_file=../gdk/gdkvulkancontext.c code_line=1695 code_func=gdk_vulkan_debug_report glib_domain=Gdk
INFO Vulkan: Loader Message:            [3] NVIDIA GeForce RTX 4070 SUPER priority=6 code_file=../gdk/gdkvulkancontext.c code_line=1695 code_func=gdk_vulkan_debug_report glib_domain=Gdk
INFO Vulkan: Loader Message:            [4] AMD Radeon Graphics (RADV RAPHAEL_MENDOCINO) priority=6 code_file=../gdk/gdkvulkancontext.c code_line=1695 code_func=gdk_vulkan_debug_report glib_domain=Gdk
INFO Vulkan: Loader Message:      Sorted order: priority=6 code_file=../gdk/gdkvulkancontext.c code_line=1695 code_func=gdk_vulkan_debug_report glib_domain=Gdk
INFO Vulkan: Loader Message:            [0] NVIDIA GeForce RTX 4070 SUPER   priority=6 code_file=../gdk/gdkvulkancontext.c code_line=1695 code_func=gdk_vulkan_debug_report glib_domain=Gdk
INFO Vulkan: Loader Message:            [1] AMD Radeon Graphics (RADV RAPHAEL_MENDOCINO)   priority=6 code_file=../gdk/gdkvulkancontext.c code_line=1695 code_func=gdk_vulkan_debug_report glib_domain=Gdk
INFO Vulkan: Loader Message:            [2] AMD Radeon Graphics (RADV RAPHAEL_MENDOCINO)   priority=6 code_file=../gdk/gdkvulkancontext.c code_line=1695 code_func=gdk_vulkan_debug_report glib_domain=Gdk
INFO Vulkan: Loader Message:            [3] llvmpipe (LLVM 19.1.7, 256 bits)   priority=6 code_file=../gdk/gdkvulkancontext.c code_line=1695 code_func=gdk_vulkan_debug_report glib_domain=Gdk
INFO Vulkan: Loader Message:            [4] llvmpipe (LLVM 19.1.7, 256 bits)   priority=6 code_file=../gdk/gdkvulkancontext.c code_line=1695 code_func=gdk_vulkan_debug_report glib_domain=Gdk
INFO Vulkan: Loader Message: linux_read_sorted_physical_devices: priority=6 code_file=../gdk/gdkvulkancontext.c code_line=1695 code_func=gdk_vulkan_debug_report glib_domain=Gdk
INFO Vulkan: Loader Message:      Original order: priority=6 code_file=../gdk/gdkvulkancontext.c code_line=1695 code_func=gdk_vulkan_debug_report glib_domain=Gdk
INFO Vulkan: Loader Message:            [0] llvmpipe (LLVM 19.1.7, 256 bits) priority=6 code_file=../gdk/gdkvulkancontext.c code_line=1695 code_func=gdk_vulkan_debug_report glib_domain=Gdk
INFO Vulkan: Loader Message:            [1] AMD Radeon Graphics (RADV RAPHAEL_MENDOCINO) priority=6 code_file=../gdk/gdkvulkancontext.c code_line=1695 code_func=gdk_vulkan_debug_report glib_domain=Gdk
INFO Vulkan: Loader Message:            [2] llvmpipe (LLVM 19.1.7, 256 bits) priority=6 code_file=../gdk/gdkvulkancontext.c code_line=1695 code_func=gdk_vulkan_debug_report glib_domain=Gdk
INFO Vulkan: Loader Message:            [3] NVIDIA GeForce RTX 4070 SUPER priority=6 code_file=../gdk/gdkvulkancontext.c code_line=1695 code_func=gdk_vulkan_debug_report glib_domain=Gdk
INFO Vulkan: Loader Message:            [4] AMD Radeon Graphics (RADV RAPHAEL_MENDOCINO) priority=6 code_file=../gdk/gdkvulkancontext.c code_line=1695 code_func=gdk_vulkan_debug_report glib_domain=Gdk
INFO Vulkan: Loader Message:      Sorted order: priority=6 code_file=../gdk/gdkvulkancontext.c code_line=1695 code_func=gdk_vulkan_debug_report glib_domain=Gdk
INFO Vulkan: Loader Message:            [0] NVIDIA GeForce RTX 4070 SUPER   priority=6 code_file=../gdk/gdkvulkancontext.c code_line=1695 code_func=gdk_vulkan_debug_report glib_domain=Gdk
INFO Vulkan: Loader Message:            [1] AMD Radeon Graphics (RADV RAPHAEL_MENDOCINO)   priority=6 code_file=../gdk/gdkvulkancontext.c code_line=1695 code_func=gdk_vulkan_debug_report glib_domain=Gdk
INFO Vulkan: Loader Message:            [2] AMD Radeon Graphics (RADV RAPHAEL_MENDOCINO)   priority=6 code_file=../gdk/gdkvulkancontext.c code_line=1695 code_func=gdk_vulkan_debug_report glib_domain=Gdk
INFO Vulkan: Loader Message:            [3] llvmpipe (LLVM 19.1.7, 256 bits)   priority=6 code_file=../gdk/gdkvulkancontext.c code_line=1695 code_func=gdk_vulkan_debug_report glib_domain=Gdk
INFO Vulkan: Loader Message:            [4] llvmpipe (LLVM 19.1.7, 256 bits)   priority=6 code_file=../gdk/gdkvulkancontext.c code_line=1695 code_func=gdk_vulkan_debug_report glib_domain=Gdk
INFO Vulkan: Loader Message: linux_read_sorted_physical_devices: priority=6 code_file=../gdk/gdkvulkancontext.c code_line=1695 code_func=gdk_vulkan_debug_report glib_domain=Gdk
INFO Vulkan: Loader Message:      Original order: priority=6 code_file=../gdk/gdkvulkancontext.c code_line=1695 code_func=gdk_vulkan_debug_report glib_domain=Gdk
INFO Vulkan: Loader Message:            [0] llvmpipe (LLVM 19.1.7, 256 bits) priority=6 code_file=../gdk/gdkvulkancontext.c code_line=1695 code_func=gdk_vulkan_debug_report glib_domain=Gdk
INFO Vulkan: Loader Message:            [1] AMD Radeon Graphics (RADV RAPHAEL_MENDOCINO) priority=6 code_file=../gdk/gdkvulkancontext.c code_line=1695 code_func=gdk_vulkan_debug_report glib_domain=Gdk
INFO Vulkan: Loader Message:            [2] llvmpipe (LLVM 19.1.7, 256 bits) priority=6 code_file=../gdk/gdkvulkancontext.c code_line=1695 code_func=gdk_vulkan_debug_report glib_domain=Gdk
INFO Vulkan: Loader Message:            [3] NVIDIA GeForce RTX 4070 SUPER priority=6 code_file=../gdk/gdkvulkancontext.c code_line=1695 code_func=gdk_vulkan_debug_report glib_domain=Gdk
INFO Vulkan: Loader Message:            [4] AMD Radeon Graphics (RADV RAPHAEL_MENDOCINO) priority=6 code_file=../gdk/gdkvulkancontext.c code_line=1695 code_func=gdk_vulkan_debug_report glib_domain=Gdk
INFO Vulkan: Loader Message:      Sorted order: priority=6 code_file=../gdk/gdkvulkancontext.c code_line=1695 code_func=gdk_vulkan_debug_report glib_domain=Gdk
INFO Vulkan: Loader Message:            [0] NVIDIA GeForce RTX 4070 SUPER   priority=6 code_file=../gdk/gdkvulkancontext.c code_line=1695 code_func=gdk_vulkan_debug_report glib_domain=Gdk
INFO Vulkan: Loader Message:            [1] AMD Radeon Graphics (RADV RAPHAEL_MENDOCINO)   priority=6 code_file=../gdk/gdkvulkancontext.c code_line=1695 code_func=gdk_vulkan_debug_report glib_domain=Gdk
INFO Vulkan: Loader Message:            [2] AMD Radeon Graphics (RADV RAPHAEL_MENDOCINO)   priority=6 code_file=../gdk/gdkvulkancontext.c code_line=1695 code_func=gdk_vulkan_debug_report glib_domain=Gdk
INFO Vulkan: Loader Message:            [3] llvmpipe (LLVM 19.1.7, 256 bits)   priority=6 code_file=../gdk/gdkvulkancontext.c code_line=1695 code_func=gdk_vulkan_debug_report glib_domain=Gdk
INFO Vulkan: Loader Message:            [4] llvmpipe (LLVM 19.1.7, 256 bits)   priority=6 code_file=../gdk/gdkvulkancontext.c code_line=1695 code_func=gdk_vulkan_debug_report glib_domain=Gdk
INFO Vulkan: Loader Message: linux_read_sorted_physical_devices: priority=6 code_file=../gdk/gdkvulkancontext.c code_line=1695 code_func=gdk_vulkan_debug_report glib_domain=Gdk
INFO Vulkan: Loader Message:      Original order: priority=6 code_file=../gdk/gdkvulkancontext.c code_line=1695 code_func=gdk_vulkan_debug_report glib_domain=Gdk
INFO Vulkan: Loader Message:            [0] llvmpipe (LLVM 19.1.7, 256 bits) priority=6 code_file=../gdk/gdkvulkancontext.c code_line=1695 code_func=gdk_vulkan_debug_report glib_domain=Gdk
INFO Vulkan: Loader Message:            [1] AMD Radeon Graphics (RADV RAPHAEL_MENDOCINO) priority=6 code_file=../gdk/gdkvulkancontext.c code_line=1695 code_func=gdk_vulkan_debug_report glib_domain=Gdk
INFO Vulkan: Loader Message:            [2] llvmpipe (LLVM 19.1.7, 256 bits) priority=6 code_file=../gdk/gdkvulkancontext.c code_line=1695 code_func=gdk_vulkan_debug_report glib_domain=Gdk
INFO Vulkan: Loader Message:            [3] NVIDIA GeForce RTX 4070 SUPER priority=6 code_file=../gdk/gdkvulkancontext.c code_line=1695 code_func=gdk_vulkan_debug_report glib_domain=Gdk
INFO Vulkan: Loader Message:            [4] AMD Radeon Graphics (RADV RAPHAEL_MENDOCINO) priority=6 code_file=../gdk/gdkvulkancontext.c code_line=1695 code_func=gdk_vulkan_debug_report glib_domain=Gdk
INFO Vulkan: Loader Message:      Sorted order: priority=6 code_file=../gdk/gdkvulkancontext.c code_line=1695 code_func=gdk_vulkan_debug_report glib_domain=Gdk
INFO Vulkan: Loader Message:            [0] NVIDIA GeForce RTX 4070 SUPER   priority=6 code_file=../gdk/gdkvulkancontext.c code_line=1695 code_func=gdk_vulkan_debug_report glib_domain=Gdk
INFO Vulkan: Loader Message:            [1] AMD Radeon Graphics (RADV RAPHAEL_MENDOCINO)   priority=6 code_file=../gdk/gdkvulkancontext.c code_line=1695 code_func=gdk_vulkan_debug_report glib_domain=Gdk
INFO Vulkan: Loader Message:            [2] AMD Radeon Graphics (RADV RAPHAEL_MENDOCINO)   priority=6 code_file=../gdk/gdkvulkancontext.c code_line=1695 code_func=gdk_vulkan_debug_report glib_domain=Gdk
INFO Vulkan: Loader Message:            [3] llvmpipe (LLVM 19.1.7, 256 bits)   priority=6 code_file=../gdk/gdkvulkancontext.c code_line=1695 code_func=gdk_vulkan_debug_report glib_domain=Gdk
INFO Vulkan: Loader Message:            [4] llvmpipe (LLVM 19.1.7, 256 bits)   priority=6 code_file=../gdk/gdkvulkancontext.c code_line=1695 code_func=gdk_vulkan_debug_report glib_domain=Gdk
INFO Vulkan: Loader Message: linux_read_sorted_physical_devices: priority=6 code_file=../gdk/gdkvulkancontext.c code_line=1695 code_func=gdk_vulkan_debug_report glib_domain=Gdk
INFO Vulkan: Loader Message:      Original order: priority=6 code_file=../gdk/gdkvulkancontext.c code_line=1695 code_func=gdk_vulkan_debug_report glib_domain=Gdk
INFO Vulkan: Loader Message:            [0] llvmpipe (LLVM 19.1.7, 256 bits) priority=6 code_file=../gdk/gdkvulkancontext.c code_line=1695 code_func=gdk_vulkan_debug_report glib_domain=Gdk
INFO Vulkan: Loader Message:            [1] AMD Radeon Graphics (RADV RAPHAEL_MENDOCINO) priority=6 code_file=../gdk/gdkvulkancontext.c code_line=1695 code_func=gdk_vulkan_debug_report glib_domain=Gdk
INFO Vulkan: Loader Message:            [2] llvmpipe (LLVM 19.1.7, 256 bits) priority=6 code_file=../gdk/gdkvulkancontext.c code_line=1695 code_func=gdk_vulkan_debug_report glib_domain=Gdk
INFO Vulkan: Loader Message:            [3] NVIDIA GeForce RTX 4070 SUPER priority=6 code_file=../gdk/gdkvulkancontext.c code_line=1695 code_func=gdk_vulkan_debug_report glib_domain=Gdk
INFO Vulkan: Loader Message:            [4] AMD Radeon Graphics (RADV RAPHAEL_MENDOCINO) priority=6 code_file=../gdk/gdkvulkancontext.c code_line=1695 code_func=gdk_vulkan_debug_report glib_domain=Gdk
INFO Vulkan: Loader Message:      Sorted order: priority=6 code_file=../gdk/gdkvulkancontext.c code_line=1695 code_func=gdk_vulkan_debug_report glib_domain=Gdk
INFO Vulkan: Loader Message:            [0] NVIDIA GeForce RTX 4070 SUPER   priority=6 code_file=../gdk/gdkvulkancontext.c code_line=1695 code_func=gdk_vulkan_debug_report glib_domain=Gdk
INFO Vulkan: Loader Message:            [1] AMD Radeon Graphics (RADV RAPHAEL_MENDOCINO)   priority=6 code_file=../gdk/gdkvulkancontext.c code_line=1695 code_func=gdk_vulkan_debug_report glib_domain=Gdk
INFO Vulkan: Loader Message:            [2] AMD Radeon Graphics (RADV RAPHAEL_MENDOCINO)   priority=6 code_file=../gdk/gdkvulkancontext.c code_line=1695 code_func=gdk_vulkan_debug_report glib_domain=Gdk
INFO Vulkan: Loader Message:            [3] llvmpipe (LLVM 19.1.7, 256 bits)   priority=6 code_file=../gdk/gdkvulkancontext.c code_line=1695 code_func=gdk_vulkan_debug_report glib_domain=Gdk
INFO Vulkan: Loader Message:            [4] llvmpipe (LLVM 19.1.7, 256 bits)   priority=6 code_file=../gdk/gdkvulkancontext.c code_line=1695 code_func=gdk_vulkan_debug_report glib_domain=Gdk
INFO Vulkan: Loader Message: linux_read_sorted_physical_devices: priority=6 code_file=../gdk/gdkvulkancontext.c code_line=1695 code_func=gdk_vulkan_debug_report glib_domain=Gdk
INFO Vulkan: Loader Message:      Original order: priority=6 code_file=../gdk/gdkvulkancontext.c code_line=1695 code_func=gdk_vulkan_debug_report glib_domain=Gdk
INFO Vulkan: Loader Message:            [0] llvmpipe (LLVM 19.1.7, 256 bits) priority=6 code_file=../gdk/gdkvulkancontext.c code_line=1695 code_func=gdk_vulkan_debug_report glib_domain=Gdk
INFO Vulkan: Loader Message:            [1] AMD Radeon Graphics (RADV RAPHAEL_MENDOCINO) priority=6 code_file=../gdk/gdkvulkancontext.c code_line=1695 code_func=gdk_vulkan_debug_report glib_domain=Gdk
INFO Vulkan: Loader Message:            [2] llvmpipe (LLVM 19.1.7, 256 bits) priority=6 code_file=../gdk/gdkvulkancontext.c code_line=1695 code_func=gdk_vulkan_debug_report glib_domain=Gdk
INFO Vulkan: Loader Message:            [3] NVIDIA GeForce RTX 4070 SUPER priority=6 code_file=../gdk/gdkvulkancontext.c code_line=1695 code_func=gdk_vulkan_debug_report glib_domain=Gdk
INFO Vulkan: Loader Message:            [4] AMD Radeon Graphics (RADV RAPHAEL_MENDOCINO) priority=6 code_file=../gdk/gdkvulkancontext.c code_line=1695 code_func=gdk_vulkan_debug_report glib_domain=Gdk
INFO Vulkan: Loader Message:      Sorted order: priority=6 code_file=../gdk/gdkvulkancontext.c code_line=1695 code_func=gdk_vulkan_debug_report glib_domain=Gdk
INFO Vulkan: Loader Message:            [0] NVIDIA GeForce RTX 4070 SUPER   priority=6 code_file=../gdk/gdkvulkancontext.c code_line=1695 code_func=gdk_vulkan_debug_report glib_domain=Gdk
INFO Vulkan: Loader Message:            [1] AMD Radeon Graphics (RADV RAPHAEL_MENDOCINO)   priority=6 code_file=../gdk/gdkvulkancontext.c code_line=1695 code_func=gdk_vulkan_debug_report glib_domain=Gdk
INFO Vulkan: Loader Message:            [2] AMD Radeon Graphics (RADV RAPHAEL_MENDOCINO)   priority=6 code_file=../gdk/gdkvulkancontext.c code_line=1695 code_func=gdk_vulkan_debug_report glib_domain=Gdk
INFO Vulkan: Loader Message:            [3] llvmpipe (LLVM 19.1.7, 256 bits)   priority=6 code_file=../gdk/gdkvulkancontext.c code_line=1695 code_func=gdk_vulkan_debug_report glib_domain=Gdk
INFO Vulkan: Loader Message:            [4] llvmpipe (LLVM 19.1.7, 256 bits)   priority=6 code_file=../gdk/gdkvulkancontext.c code_line=1695 code_func=gdk_vulkan_debug_report glib_domain=Gdk
INFO Vulkan: Loader Message: Removing driver /nix/store/ig8h5hjy3s9lfhi75zc64acmyzr8zzyd-mesa-25.1.6/lib/libvulkan_virtio.so due to not having any physical devices priority=6 code_file=../gdk/gdkvulkancontext.c code_line=1695 code_func=gdk_vulkan_debug_report glib_domain=Gdk
INFO Vulkan: Loader Message: Removing driver /nix/store/ig8h5hjy3s9lfhi75zc64acmyzr8zzyd-mesa-25.1.6/lib/libvulkan_asahi.so due to not having any physical devices priority=6 code_file=../gdk/gdkvulkancontext.c code_line=1695 code_func=gdk_vulkan_debug_report glib_domain=Gdk
INFO Vulkan: Loader Message: Removing driver /nix/store/ig8h5hjy3s9lfhi75zc64acmyzr8zzyd-mesa-25.1.6/lib/libvulkan_intel.so due to not having any physical devices priority=6 code_file=../gdk/gdkvulkancontext.c code_line=1695 code_func=gdk_vulkan_debug_report glib_domain=Gdk
INFO Vulkan: Loader Message: Removing driver /nix/store/ig8h5hjy3s9lfhi75zc64acmyzr8zzyd-mesa-25.1.6/lib/libvulkan_intel_hasvk.so due to not having any physical devices priority=6 code_file=../gdk/gdkvulkancontext.c code_line=1695 code_func=gdk_vulkan_debug_report glib_domain=Gdk
INFO Vulkan: Loader Message: Removing driver /nix/store/ig8h5hjy3s9lfhi75zc64acmyzr8zzyd-mesa-25.1.6/lib/libvulkan_nouveau.so due to not having any physical devices priority=6 code_file=../gdk/gdkvulkancontext.c code_line=1695 code_func=gdk_vulkan_debug_report glib_domain=Gdk
INFO Vulkan: Loader Message: Removing driver /nix/store/ig8h5hjy3s9lfhi75zc64acmyzr8zzyd-mesa-25.1.6/lib/libvulkan_virtio.so due to not having any physical devices priority=6 code_file=../gdk/gdkvulkancontext.c code_line=1695 code_func=gdk_vulkan_debug_report glib_domain=Gdk
INFO Vulkan: Loader Message: Removing driver /nix/store/ig8h5hjy3s9lfhi75zc64acmyzr8zzyd-mesa-25.1.6/lib/libvulkan_asahi.so due to not having any physical devices priority=6 code_file=../gdk/gdkvulkancontext.c code_line=1695 code_func=gdk_vulkan_debug_report glib_domain=Gdk
INFO Vulkan: Loader Message: Removing driver /nix/store/ig8h5hjy3s9lfhi75zc64acmyzr8zzyd-mesa-25.1.6/lib/libvulkan_intel.so due to not having any physical devices priority=6 code_file=../gdk/gdkvulkancontext.c code_line=1695 code_func=gdk_vulkan_debug_report glib_domain=Gdk
INFO Vulkan: Loader Message: Removing driver /nix/store/ig8h5hjy3s9lfhi75zc64acmyzr8zzyd-mesa-25.1.6/lib/libvulkan_intel_hasvk.so due to not having any physical devices priority=6 code_file=../gdk/gdkvulkancontext.c code_line=1695 code_func=gdk_vulkan_debug_report glib_domain=Gdk
INFO Vulkan: Loader Message: Removing driver /nix/store/ig8h5hjy3s9lfhi75zc64acmyzr8zzyd-mesa-25.1.6/lib/libvulkan_nouveau.so due to not having any physical devices priority=6 code_file=../gdk/gdkvulkancontext.c code_line=1695 code_func=gdk_vulkan_debug_report glib_domain=Gdk
INFO Vulkan: Loader Message: Inserted device layer "VK_LAYER_NV_optimus" (/nix/store/3j48fzaihxwl5yba2bghicwwshfcd1nv-nvidia-x11-570.169-6.12.38/lib/libGLX_nvidia.so.0) priority=6 code_file=../gdk/gdkvulkancontext.c code_line=1695 code_func=gdk_vulkan_debug_report glib_domain=Gdk
INFO Vulkan: Loader Message: Failed to find vkGetDeviceProcAddr in layer "/nix/store/ig8h5hjy3s9lfhi75zc64acmyzr8zzyd-mesa-25.1.6/lib/libVkLayer_MESA_device_select.so" priority=6 code_file=../gdk/gdkvulkancontext.c code_line=1695 code_func=gdk_vulkan_debug_report glib_domain=Gdk
INFO Vulkan: Loader Message: vkCreateDevice layer callstack setup to: priority=6 code_file=../gdk/gdkvulkancontext.c code_line=1695 code_func=gdk_vulkan_debug_report glib_domain=Gdk
INFO Vulkan: Loader Message:    <Application> priority=6 code_file=../gdk/gdkvulkancontext.c code_line=1695 code_func=gdk_vulkan_debug_report glib_domain=Gdk
INFO Vulkan: Loader Message:      || priority=6 code_file=../gdk/gdkvulkancontext.c code_line=1695 code_func=gdk_vulkan_debug_report glib_domain=Gdk
INFO Vulkan: Loader Message:    <Loader> priority=6 code_file=../gdk/gdkvulkancontext.c code_line=1695 code_func=gdk_vulkan_debug_report glib_domain=Gdk
INFO Vulkan: Loader Message:      || priority=6 code_file=../gdk/gdkvulkancontext.c code_line=1695 code_func=gdk_vulkan_debug_report glib_domain=Gdk
INFO Vulkan: Loader Message:    VK_LAYER_NV_optimus priority=6 code_file=../gdk/gdkvulkancontext.c code_line=1695 code_func=gdk_vulkan_debug_report glib_domain=Gdk
INFO Vulkan: Loader Message:            Type: Implicit priority=6 code_file=../gdk/gdkvulkancontext.c code_line=1695 code_func=gdk_vulkan_debug_report glib_domain=Gdk
INFO Vulkan: Loader Message:            Enabled By: Implicit Layer priority=6 code_file=../gdk/gdkvulkancontext.c code_line=1695 code_func=gdk_vulkan_debug_report glib_domain=Gdk
INFO Vulkan: Loader Message:                Disable Env Var:  DISABLE_LAYER_NV_OPTIMUS_1 priority=6 code_file=../gdk/gdkvulkancontext.c code_line=1695 code_func=gdk_vulkan_debug_report glib_domain=Gdk
INFO Vulkan: Loader Message:            Manifest: /run/opengl-driver/share/vulkan/implicit_layer.d/nvidia_layers.json priority=6 code_file=../gdk/gdkvulkancontext.c code_line=1695 code_func=gdk_vulkan_debug_report glib_domain=Gdk
INFO Vulkan: Loader Message:            Library:  /nix/store/3j48fzaihxwl5yba2bghicwwshfcd1nv-nvidia-x11-570.169-6.12.38/lib/libGLX_nvidia.so.0 priority=6 code_file=../gdk/gdkvulkancontext.c code_line=1695 code_func=gdk_vulkan_debug_report glib_domain=Gdk
INFO Vulkan: Loader Message:      || priority=6 code_file=../gdk/gdkvulkancontext.c code_line=1695 code_func=gdk_vulkan_debug_report glib_domain=Gdk
INFO Vulkan: Loader Message:    <Device> priority=6 code_file=../gdk/gdkvulkancontext.c code_line=1695 code_func=gdk_vulkan_debug_report glib_domain=Gdk
INFO Vulkan: Loader Message:        Using "AMD Radeon Graphics (RADV RAPHAEL_MENDOCINO)" with driver: "/nix/store/ig8h5hjy3s9lfhi75zc64acmyzr8zzyd-mesa-25.1.6/lib/libvulkan_radeon.so" priority=6 code_file=../gdk/gdkvulkancontext.c code_line=1695 code_func=gdk_vulkan_debug_report glib_domain=Gdk
[2025-08-23 13:20:59.041] [info] Quitting.
[2025-08-23 13:20:59.044] [info] Hyprland IPC stopping...
[2025-08-23 13:20:59.661] [info] Using configuration file /home/chilly/.config/waybar/config
[2025-08-23 13:20:59.661] [error] Error parsing JSON: * Line 189, Column 9
  Missing ',' or '}' in object declaration

[2025-08-23 13:21:05.003] [info] Using configuration file /home/chilly/.config/waybar/config
[2025-08-23 13:21:05.005] [info] Using CSS file /home/chilly/.config/waybar/style.css
[2025-08-23 13:21:05.007] [info] Hyprland IPC starting
[2025-08-23 13:21:05.008] [info] Loading persistent workspaces from Hyprland workspace rules
[2025-08-23 13:21:05.008] [info] Registering for Hyprland's 'windowtitlev2' events because a user-defined window rewrite rule uses the 'title' field.
[2025-08-23 13:21:05.163] [info] Bar configured (width: 1920, height: 39) for output: HDMI-A-1
[2025-08-23 13:22:48.280] [info] Quitting.
[2025-08-23 13:22:48.283] [info] Hyprland IPC stopping...
[2025-08-23 13:22:50.777] [info] Using configuration file /home/chilly/.config/waybar/config
[2025-08-23 13:22:50.778] [info] Using CSS file /home/chilly/.config/waybar/style.css
[2025-08-23 13:22:50.781] [info] Hyprland IPC starting
[2025-08-23 13:22:50.781] [info] Loading persistent workspaces from Hyprland workspace rules
[2025-08-23 13:22:50.782] [info] Registering for Hyprland's 'windowtitlev2' events because a user-defined window rewrite rule uses the 'title' field.
[2025-08-23 13:22:50.906] [info] Bar configured (width: 1920, height: 39) for output: HDMI-A-1
[2025-08-23 13:22:50.906] [error] Item '': No icon name or pixmap given.
[2025-08-23 13:23:32.575] [info] Quitting.
[2025-08-23 13:23:32.578] [info] Hyprland IPC stopping...
[2025-08-23 13:23:33.175] [info] Using configuration file /home/chilly/.config/waybar/config
[2025-08-23 13:23:33.176] [info] Using CSS file /home/chilly/.config/waybar/style.css
[2025-08-23 13:23:33.179] [info] Hyprland IPC starting
[2025-08-23 13:23:33.179] [info] Loading persistent workspaces from Hyprland workspace rules
[2025-08-23 13:23:33.179] [info] Registering for Hyprland's 'windowtitlev2' events because a user-defined window rewrite rule uses the 'title' field.
[2025-08-23 13:23:33.334] [info] Bar configured (width: 1920, height: 39) for output: HDMI-A-1
[2025-08-23 13:24:38.223] [info] Quitting.
[2025-08-23 13:24:38.227] [info] Hyprland IPC stopping...
[2025-08-23 13:24:39.289] [info] Using configuration file /home/chilly/.config/waybar/config
[2025-08-23 13:24:39.291] [info] Using CSS file /home/chilly/.config/waybar/style.css
[2025-08-23 13:24:39.293] [info] Hyprland IPC starting
[2025-08-23 13:24:39.294] [info] Loading persistent workspaces from Hyprland workspace rules
[2025-08-23 13:24:39.294] [info] Registering for Hyprland's 'windowtitlev2' events because a user-defined window rewrite rule uses the 'title' field.
[2025-08-23 13:24:39.420] [info] Bar configured (width: 1920, height: 39) for output: HDMI-A-1
[2025-08-23 13:24:39.420] [error] Item '': No icon name or pixmap given.
[2025-08-23 13:24:50.711] [info] Quitting.
[2025-08-23 13:24:50.714] [info] Hyprland IPC stopping...
[2025-08-23 13:24:51.331] [info] Using configuration file /home/chilly/.config/waybar/config
[2025-08-23 13:24:51.333] [info] Using CSS file /home/chilly/.config/waybar/style.css
[2025-08-23 13:24:51.335] [info] Hyprland IPC starting
[2025-08-23 13:24:51.336] [info] Loading persistent workspaces from Hyprland workspace rules
[2025-08-23 13:24:51.336] [info] Registering for Hyprland's 'windowtitlev2' events because a user-defined window rewrite rule uses the 'title' field.
[2025-08-23 13:24:51.460] [info] Bar configured (width: 1920, height: 39) for output: HDMI-A-1
[2025-08-23 13:24:51.461] [error] Item '': No icon name or pixmap given.
[2025-08-23 13:25:10.311] [info] Quitting.
[2025-08-23 13:25:10.314] [info] Hyprland IPC stopping...
[2025-08-23 13:25:11.002] [info] Using configuration file /home/chilly/.config/waybar/config
[2025-08-23 13:25:11.004] [info] Using CSS file /home/chilly/.config/waybar/style.css
[2025-08-23 13:25:11.006] [info] Hyprland IPC starting
[2025-08-23 13:25:11.007] [info] Loading persistent workspaces from Hyprland workspace rules
[2025-08-23 13:25:11.007] [info] Registering for Hyprland's 'windowtitlev2' events because a user-defined window rewrite rule uses the 'title' field.
[2025-08-23 13:25:11.130] [info] Bar configured (width: 1920, height: 39) for output: HDMI-A-1
[2025-08-23 13:25:11.130] [error] Item '': No icon name or pixmap given.
sh: line 1: pactl: command not found
sh: line 1: pactl: command not found
sh: line 1: pactl: command not found
sh: line 1: pactl: command not found
sh: line 1: pactl: command not found
sh: line 1: pactl: command not found
sh: line 1: pactl: command not found
sh: line 1: pactl: command not found
sh: line 1: pactl: command not found
sh: line 1: pactl: command not found
sh: line 1: pactl: command not found
sh: line 1: pactl: command not found
sh: line 1: pactl: command not found
sh: line 1: pactl: command not found
sh: line 1: pactl: command not found
sh: line 1: pactl: command not found
sh: line 1: pactl: command not found
sh: line 1: pactl: command not found
sh: line 1: pactl: command not found
[2025-08-23 13:25:54.022] [info] Quitting.
[2025-08-23 13:25:54.026] [info] Hyprland IPC stopping...
[2025-08-23 13:25:54.594] [info] Using configuration file /home/chilly/.config/waybar/config
[2025-08-23 13:25:54.595] [info] Using CSS file /home/chilly/.config/waybar/style.css
[2025-08-23 13:25:54.598] [info] Hyprland IPC starting
[2025-08-23 13:25:54.598] [info] Loading persistent workspaces from Hyprland workspace rules
[2025-08-23 13:25:54.598] [info] Registering for Hyprland's 'windowtitlev2' events because a user-defined window rewrite rule uses the 'title' field.
[2025-08-23 13:25:54.722] [info] Bar configured (width: 1920, height: 39) for output: HDMI-A-1
[2025-08-23 13:25:54.722] [error] Item '': No icon name or pixmap given.
sh: line 1: pactl: command not found
[2025-08-23 13:26:20.062] [info] Quitting.
[2025-08-23 13:26:20.065] [info] Hyprland IPC stopping...
[2025-08-23 13:26:20.660] [info] Using configuration file /home/chilly/.config/waybar/config
[2025-08-23 13:26:20.661] [info] Using CSS file /home/chilly/.config/waybar/style.css
[2025-08-23 13:26:20.664] [info] Hyprland IPC starting
[2025-08-23 13:26:20.665] [info] Loading persistent workspaces from Hyprland workspace rules
[2025-08-23 13:26:20.665] [info] Registering for Hyprland's 'windowtitlev2' events because a user-defined window rewrite rule uses the 'title' field.
[2025-08-23 13:26:20.819] [info] Bar configured (width: 1920, height: 39) for output: HDMI-A-1
[2025-08-23 15:49:07.669] [info] Using configuration file /home/chilly/.config/waybar/config
[2025-08-23 15:49:07.670] [info] Using CSS file /home/chilly/.config/waybar/style.css
[2025-08-23 15:49:07.673] [info] Hyprland IPC starting
[2025-08-23 15:49:07.673] [info] Loading persistent workspaces from Hyprland workspace rules
[2025-08-23 15:49:07.673] [info] Registering for Hyprland's 'windowtitlev2' events because a user-defined window rewrite rule uses the 'title' field.
[2025-08-23 15:49:07.796] [info] Bar configured (width: 1920, height: 39) for output: HDMI-A-1
[2025-08-23 15:49:09.072] [info] Quitting.
[2025-08-23 15:49:09.075] [info] Hyprland IPC stopping...
[2025-08-23 15:49:10.924] [info] Using configuration file /home/chilly/.config/waybar/config
[2025-08-23 15:49:10.925] [info] Using CSS file /home/chilly/.config/waybar/style.css
[2025-08-23 15:49:10.928] [info] Hyprland IPC starting
[2025-08-23 15:49:10.928] [info] Loading persistent workspaces from Hyprland workspace rules
[2025-08-23 15:49:10.928] [info] Registering for Hyprland's 'windowtitlev2' events because a user-defined window rewrite rule uses the 'title' field.
[2025-08-23 15:49:11.080] [info] Bar configured (width: 1920, height: 39) for output: HDMI-A-1
[2025-08-23 15:49:47.736] [info] Quitting.
[2025-08-23 15:49:47.739] [info] Hyprland IPC stopping...
[2025-08-23 15:49:51.271] [info] Using configuration file /home/chilly/.config/waybar/config
[2025-08-23 15:49:51.273] [info] Using CSS file /home/chilly/.config/waybar/style.css
[2025-08-23 15:49:51.275] [info] Hyprland IPC starting
[2025-08-23 15:49:51.276] [info] Loading persistent workspaces from Hyprland workspace rules
[2025-08-23 15:49:51.276] [info] Registering for Hyprland's 'windowtitlev2' events because a user-defined window rewrite rule uses the 'title' field.
[2025-08-23 15:49:51.399] [info] Bar configured (width: 1920, height: 39) for output: HDMI-A-1
[2025-08-23 15:49:51.399] [error] Item '': No icon name or pixmap given.

(waybar:3096026): Gtk-WARNING **: 15:51:42.458: Failed to set text '  I Don't Care - Ed Sheeran & Ju' from markup due to error parsing markup: Error on line 1: Entity did not end with a semicolon; most likely you used an ampersand character without intending to start an entity — escape ampersand as &amp;

(waybar:3096026): Gtk-WARNING **: 15:51:43.487: Failed to set text '  I Don't Care - Ed Sheeran & Ju' from markup due to error parsing markup: Error on line 1: Entity did not end with a semicolon; most likely you used an ampersand character without intending to start an entity — escape ampersand as &amp;

(waybar:3096026): Gtk-WARNING **: 15:51:44.515: Failed to set text '  I Don't Care - Ed Sheeran & Ju' from markup due to error parsing markup: Error on line 1: Entity did not end with a semicolon; most likely you used an ampersand character without intending to start an entity — escape ampersand as &amp;

(waybar:3096026): Gtk-WARNING **: 15:51:45.544: Failed to set text '  I Don't Care - Ed Sheeran & Ju' from markup due to error parsing markup: Error on line 1: Entity did not end with a semicolon; most likely you used an ampersand character without intending to start an entity — escape ampersand as &amp;

(waybar:3096026): Gtk-WARNING **: 15:51:46.573: Failed to set text '  I Don't Care - Ed Sheeran & Ju' from markup due to error parsing markup: Error on line 1: Entity did not end with a semicolon; most likely you used an ampersand character without intending to start an entity — escape ampersand as &amp;

(waybar:3096026): Gtk-WARNING **: 15:51:47.601: Failed to set text '  I Don't Care - Ed Sheeran & Ju' from markup due to error parsing markup: Error on line 1: Entity did not end with a semicolon; most likely you used an ampersand character without intending to start an entity — escape ampersand as &amp;

(waybar:3096026): Gtk-WARNING **: 15:51:48.630: Failed to set text '  I Don't Care - Ed Sheeran & Ju' from markup due to error parsing markup: Error on line 1: Entity did not end with a semicolon; most likely you used an ampersand character without intending to start an entity — escape ampersand as &amp;

(waybar:3096026): Gtk-WARNING **: 15:51:49.660: Failed to set text '  I Don't Care - Ed Sheeran & Ju' from markup due to error parsing markup: Error on line 1: Entity did not end with a semicolon; most likely you used an ampersand character without intending to start an entity — escape ampersand as &amp;

(waybar:3096026): Gtk-WARNING **: 15:51:50.688: Failed to set text '  I Don't Care - Ed Sheeran & Ju' from markup due to error parsing markup: Error on line 1: Entity did not end with a semicolon; most likely you used an ampersand character without intending to start an entity — escape ampersand as &amp;

(waybar:3096026): Gtk-WARNING **: 15:51:51.718: Failed to set text '  I Don't Care - Ed Sheeran & Ju' from markup due to error parsing markup: Error on line 1: Entity did not end with a semicolon; most likely you used an ampersand character without intending to start an entity — escape ampersand as &amp;

(waybar:3096026): Gtk-WARNING **: 15:51:52.747: Failed to set text '  I Don't Care - Ed Sheeran & Ju' from markup due to error parsing markup: Error on line 1: Entity did not end with a semicolon; most likely you used an ampersand character without intending to start an entity — escape ampersand as &amp;

(waybar:3096026): Gtk-WARNING **: 15:51:53.775: Failed to set text '  I Don't Care - Ed Sheeran & Ju' from markup due to error parsing markup: Error on line 1: Entity did not end with a semicolon; most likely you used an ampersand character without intending to start an entity — escape ampersand as &amp;

(waybar:3096026): Gtk-WARNING **: 15:51:54.803: Failed to set text '  I Don't Care - Ed Sheeran & Ju' from markup due to error parsing markup: Error on line 1: Entity did not end with a semicolon; most likely you used an ampersand character without intending to start an entity — escape ampersand as &amp;

(waybar:3096026): Gtk-WARNING **: 15:51:55.832: Failed to set text '  I Don't Care - Ed Sheeran & Ju' from markup due to error parsing markup: Error on line 1: Entity did not end with a semicolon; most likely you used an ampersand character without intending to start an entity — escape ampersand as &amp;

(waybar:3096026): Gtk-WARNING **: 15:51:56.861: Failed to set text '  I Don't Care - Ed Sheeran & Ju' from markup due to error parsing markup: Error on line 1: Entity did not end with a semicolon; most likely you used an ampersand character without intending to start an entity — escape ampersand as &amp;

(waybar:3096026): Gtk-WARNING **: 15:51:57.890: Failed to set text '  I Don't Care - Ed Sheeran & Ju' from markup due to error parsing markup: Error on line 1: Entity did not end with a semicolon; most likely you used an ampersand character without intending to start an entity — escape ampersand as &amp;

(waybar:3096026): Gtk-WARNING **: 15:51:58.919: Failed to set text '  I Don't Care - Ed Sheeran & Ju' from markup due to error parsing markup: Error on line 1: Entity did not end with a semicolon; most likely you used an ampersand character without intending to start an entity — escape ampersand as &amp;

(waybar:3096026): Gtk-WARNING **: 15:51:59.948: Failed to set text '  I Don't Care - Ed Sheeran & Ju' from markup due to error parsing markup: Error on line 1: Entity did not end with a semicolon; most likely you used an ampersand character without intending to start an entity — escape ampersand as &amp;

(waybar:3096026): Gtk-WARNING **: 15:52:00.977: Failed to set text '  I Don't Care - Ed Sheeran & Ju' from markup due to error parsing markup: Error on line 1: Entity did not end with a semicolon; most likely you used an ampersand character without intending to start an entity — escape ampersand as &amp;

(waybar:3096026): Gtk-WARNING **: 15:52:02.006: Failed to set text '  I Don't Care - Ed Sheeran & Ju' from markup due to error parsing markup: Error on line 1: Entity did not end with a semicolon; most likely you used an ampersand character without intending to start an entity — escape ampersand as &amp;

(waybar:3096026): Gtk-WARNING **: 15:52:03.035: Failed to set text '  I Don't Care - Ed Sheeran & Ju' from markup due to error parsing markup: Error on line 1: Entity did not end with a semicolon; most likely you used an ampersand character without intending to start an entity — escape ampersand as &amp;

(waybar:3096026): Gtk-WARNING **: 15:52:04.064: Failed to set text '  I Don't Care - Ed Sheeran & Ju' from markup due to error parsing markup: Error on line 1: Entity did not end with a semicolon; most likely you used an ampersand character without intending to start an entity — escape ampersand as &amp;

(waybar:3096026): Gtk-WARNING **: 15:52:05.093: Failed to set text '  I Don't Care - Ed Sheeran & Ju' from markup due to error parsing markup: Error on line 1: Entity did not end with a semicolon; most likely you used an ampersand character without intending to start an entity — escape ampersand as &amp;

(waybar:3096026): Gtk-WARNING **: 15:52:06.123: Failed to set text '  I Don't Care - Ed Sheeran & Ju' from markup due to error parsing markup: Error on line 1: Entity did not end with a semicolon; most likely you used an ampersand character without intending to start an entity — escape ampersand as &amp;

(waybar:3096026): Gtk-WARNING **: 15:52:07.152: Failed to set text '  I Don't Care - Ed Sheeran & Ju' from markup due to error parsing markup: Error on line 1: Entity did not end with a semicolon; most likely you used an ampersand character without intending to start an entity — escape ampersand as &amp;

(waybar:3096026): Gtk-WARNING **: 15:52:08.180: Failed to set text '  I Don't Care - Ed Sheeran & Ju' from markup due to error parsing markup: Error on line 1: Entity did not end with a semicolon; most likely you used an ampersand character without intending to start an entity — escape ampersand as &amp;

(waybar:3096026): Gtk-WARNING **: 15:52:09.209: Failed to set text '  I Don't Care - Ed Sheeran & Ju' from markup due to error parsing markup: Error on line 1: Entity did not end with a semicolon; most likely you used an ampersand character without intending to start an entity — escape ampersand as &amp;

(waybar:3096026): Gtk-WARNING **: 15:52:10.238: Failed to set text '  I Don't Care - Ed Sheeran & Ju' from markup due to error parsing markup: Error on line 1: Entity did not end with a semicolon; most likely you used an ampersand character without intending to start an entity — escape ampersand as &amp;

(waybar:3096026): Gtk-WARNING **: 15:52:11.267: Failed to set text '  I Don't Care - Ed Sheeran & Ju' from markup due to error parsing markup: Error on line 1: Entity did not end with a semicolon; most likely you used an ampersand character without intending to start an entity — escape ampersand as &amp;

(waybar:3096026): Gtk-WARNING **: 15:52:12.296: Failed to set text '  I Don't Care - Ed Sheeran & Ju' from markup due to error parsing markup: Error on line 1: Entity did not end with a semicolon; most likely you used an ampersand character without intending to start an entity — escape ampersand as &amp;

(waybar:3096026): Gtk-WARNING **: 15:52:13.326: Failed to set text '  I Don't Care - Ed Sheeran & Ju' from markup due to error parsing markup: Error on line 1: Entity did not end with a semicolon; most likely you used an ampersand character without intending to start an entity — escape ampersand as &amp;

(waybar:3096026): Gtk-WARNING **: 15:52:14.355: Failed to set text '  I Don't Care - Ed Sheeran & Ju' from markup due to error parsing markup: Error on line 1: Entity did not end with a semicolon; most likely you used an ampersand character without intending to start an entity — escape ampersand as &amp;

(waybar:3096026): Gtk-WARNING **: 15:52:15.384: Failed to set text '  I Don't Care - Ed Sheeran & Ju' from markup due to error parsing markup: Error on line 1: Entity did not end with a semicolon; most likely you used an ampersand character without intending to start an entity — escape ampersand as &amp;

(waybar:3096026): Gtk-WARNING **: 15:52:16.414: Failed to set text '  I Don't Care - Ed Sheeran & Ju' from markup due to error parsing markup: Error on line 1: Entity did not end with a semicolon; most likely you used an ampersand character without intending to start an entity — escape ampersand as &amp;

(waybar:3096026): Gtk-WARNING **: 15:52:17.443: Failed to set text '  I Don't Care - Ed Sheeran & Ju' from markup due to error parsing markup: Error on line 1: Entity did not end with a semicolon; most likely you used an ampersand character without intending to start an entity — escape ampersand as &amp;

(waybar:3096026): Gtk-WARNING **: 15:52:18.472: Failed to set text '  I Don't Care - Ed Sheeran & Ju' from markup due to error parsing markup: Error on line 1: Entity did not end with a semicolon; most likely you used an ampersand character without intending to start an entity — escape ampersand as &amp;

(waybar:3096026): Gtk-WARNING **: 15:52:19.500: Failed to set text '  I Don't Care - Ed Sheeran & Ju' from markup due to error parsing markup: Error on line 1: Entity did not end with a semicolon; most likely you used an ampersand character without intending to start an entity — escape ampersand as &amp;

(waybar:3096026): Gtk-WARNING **: 15:52:20.529: Failed to set text '  I Don't Care - Ed Sheeran & Ju' from markup due to error parsing markup: Error on line 1: Entity did not end with a semicolon; most likely you used an ampersand character without intending to start an entity — escape ampersand as &amp;

(waybar:3096026): Gtk-WARNING **: 15:52:21.558: Failed to set text '  I Don't Care - Ed Sheeran & Ju' from markup due to error parsing markup: Error on line 1: Entity did not end with a semicolon; most likely you used an ampersand character without intending to start an entity — escape ampersand as &amp;

(waybar:3096026): Gtk-WARNING **: 15:52:22.587: Failed to set text '  I Don't Care - Ed Sheeran & Ju' from markup due to error parsing markup: Error on line 1: Entity did not end with a semicolon; most likely you used an ampersand character without intending to start an entity — escape ampersand as &amp;

(waybar:3096026): Gtk-WARNING **: 15:52:23.615: Failed to set text '  I Don't Care - Ed Sheeran & Ju' from markup due to error parsing markup: Error on line 1: Entity did not end with a semicolon; most likely you used an ampersand character without intending to start an entity — escape ampersand as &amp;

(waybar:3096026): Gtk-WARNING **: 15:52:24.644: Failed to set text '  I Don't Care - Ed Sheeran & Ju' from markup due to error parsing markup: Error on line 1: Entity did not end with a semicolon; most likely you used an ampersand character without intending to start an entity — escape ampersand as &amp;

(waybar:3096026): Gtk-WARNING **: 15:52:25.672: Failed to set text '  I Don't Care - Ed Sheeran & Ju' from markup due to error parsing markup: Error on line 1: Entity did not end with a semicolon; most likely you used an ampersand character without intending to start an entity — escape ampersand as &amp;

(waybar:3096026): Gtk-WARNING **: 15:52:26.701: Failed to set text '  I Don't Care - Ed Sheeran & Ju' from markup due to error parsing markup: Error on line 1: Entity did not end with a semicolon; most likely you used an ampersand character without intending to start an entity — escape ampersand as &amp;

(waybar:3096026): Gtk-WARNING **: 15:52:27.731: Failed to set text '  I Don't Care - Ed Sheeran & Ju' from markup due to error parsing markup: Error on line 1: Entity did not end with a semicolon; most likely you used an ampersand character without intending to start an entity — escape ampersand as &amp;

(waybar:3096026): Gtk-WARNING **: 15:52:28.761: Failed to set text '  I Don't Care - Ed Sheeran & Ju' from markup due to error parsing markup: Error on line 1: Entity did not end with a semicolon; most likely you used an ampersand character without intending to start an entity — escape ampersand as &amp;

(waybar:3096026): Gtk-WARNING **: 15:52:29.791: Failed to set text '  I Don't Care - Ed Sheeran & Ju' from markup due to error parsing markup: Error on line 1: Entity did not end with a semicolon; most likely you used an ampersand character without intending to start an entity — escape ampersand as &amp;

(waybar:3096026): Gtk-WARNING **: 15:52:30.819: Failed to set text '  I Don't Care - Ed Sheeran & Ju' from markup due to error parsing markup: Error on line 1: Entity did not end with a semicolon; most likely you used an ampersand character without intending to start an entity — escape ampersand as &amp;

(waybar:3096026): Gtk-WARNING **: 15:52:31.848: Failed to set text '  I Don't Care - Ed Sheeran & Ju' from markup due to error parsing markup: Error on line 1: Entity did not end with a semicolon; most likely you used an ampersand character without intending to start an entity — escape ampersand as &amp;

(waybar:3096026): Gtk-WARNING **: 15:52:32.877: Failed to set text '  I Don't Care - Ed Sheeran & Ju' from markup due to error parsing markup: Error on line 1: Entity did not end with a semicolon; most likely you used an ampersand character without intending to start an entity — escape ampersand as &amp;

(waybar:3096026): Gtk-WARNING **: 15:52:33.906: Failed to set text '  I Don't Care - Ed Sheeran & Ju' from markup due to error parsing markup: Error on line 1: Entity did not end with a semicolon; most likely you used an ampersand character without intending to start an entity — escape ampersand as &amp;

(waybar:3096026): Gtk-WARNING **: 15:52:34.935: Failed to set text '  I Don't Care - Ed Sheeran & Ju' from markup due to error parsing markup: Error on line 1: Entity did not end with a semicolon; most likely you used an ampersand character without intending to start an entity — escape ampersand as &amp;

(waybar:3096026): Gtk-WARNING **: 15:52:35.966: Failed to set text '  I Don't Care - Ed Sheeran & Ju' from markup due to error parsing markup: Error on line 1: Entity did not end with a semicolon; most likely you used an ampersand character without intending to start an entity — escape ampersand as &amp;

(waybar:3096026): Gtk-WARNING **: 15:52:36.995: Failed to set text '  I Don't Care - Ed Sheeran & Ju' from markup due to error parsing markup: Error on line 1: Entity did not end with a semicolon; most likely you used an ampersand character without intending to start an entity — escape ampersand as &amp;

(waybar:3096026): Gtk-WARNING **: 15:52:38.025: Failed to set text '  I Don't Care - Ed Sheeran & Ju' from markup due to error parsing markup: Error on line 1: Entity did not end with a semicolon; most likely you used an ampersand character without intending to start an entity — escape ampersand as &amp;

(waybar:3096026): Gtk-WARNING **: 15:52:39.054: Failed to set text '  I Don't Care - Ed Sheeran & Ju' from markup due to error parsing markup: Error on line 1: Entity did not end with a semicolon; most likely you used an ampersand character without intending to start an entity — escape ampersand as &amp;

(waybar:3096026): Gtk-WARNING **: 15:52:40.083: Failed to set text '  I Don't Care - Ed Sheeran & Ju' from markup due to error parsing markup: Error on line 1: Entity did not end with a semicolon; most likely you used an ampersand character without intending to start an entity — escape ampersand as &amp;

(waybar:3096026): Gtk-WARNING **: 15:52:41.111: Failed to set text '  I Don't Care - Ed Sheeran & Ju' from markup due to error parsing markup: Error on line 1: Entity did not end with a semicolon; most likely you used an ampersand character without intending to start an entity — escape ampersand as &amp;

(waybar:3096026): Gtk-WARNING **: 15:52:42.140: Failed to set text '  I Don't Care - Ed Sheeran & Ju' from markup due to error parsing markup: Error on line 1: Entity did not end with a semicolon; most likely you used an ampersand character without intending to start an entity — escape ampersand as &amp;

(waybar:3096026): Gtk-WARNING **: 15:52:43.169: Failed to set text '  I Don't Care - Ed Sheeran & Ju' from markup due to error parsing markup: Error on line 1: Entity did not end with a semicolon; most likely you used an ampersand character without intending to start an entity — escape ampersand as &amp;

(waybar:3096026): Gtk-WARNING **: 15:52:44.198: Failed to set text '  I Don't Care - Ed Sheeran & Ju' from markup due to error parsing markup: Error on line 1: Entity did not end with a semicolon; most likely you used an ampersand character without intending to start an entity — escape ampersand as &amp;

(waybar:3096026): Gtk-WARNING **: 15:52:45.228: Failed to set text '  I Don't Care - Ed Sheeran & Ju' from markup due to error parsing markup: Error on line 1: Entity did not end with a semicolon; most likely you used an ampersand character without intending to start an entity — escape ampersand as &amp;

(waybar:3096026): Gtk-WARNING **: 15:52:46.257: Failed to set text '  I Don't Care - Ed Sheeran & Ju' from markup due to error parsing markup: Error on line 1: Entity did not end with a semicolon; most likely you used an ampersand character without intending to start an entity — escape ampersand as &amp;

(waybar:3096026): Gtk-WARNING **: 15:52:47.286: Failed to set text '  I Don't Care - Ed Sheeran & Ju' from markup due to error parsing markup: Error on line 1: Entity did not end with a semicolon; most likely you used an ampersand character without intending to start an entity — escape ampersand as &amp;

(waybar:3096026): Gtk-WARNING **: 15:52:48.315: Failed to set text '  I Don't Care - Ed Sheeran & Ju' from markup due to error parsing markup: Error on line 1: Entity did not end with a semicolon; most likely you used an ampersand character without intending to start an entity — escape ampersand as &amp;

(waybar:3096026): Gtk-WARNING **: 15:52:49.344: Failed to set text '  I Don't Care - Ed Sheeran & Ju' from markup due to error parsing markup: Error on line 1: Entity did not end with a semicolon; most likely you used an ampersand character without intending to start an entity — escape ampersand as &amp;

(waybar:3096026): Gtk-WARNING **: 15:52:50.373: Failed to set text '  I Don't Care - Ed Sheeran & Ju' from markup due to error parsing markup: Error on line 1: Entity did not end with a semicolon; most likely you used an ampersand character without intending to start an entity — escape ampersand as &amp;

(waybar:3096026): Gtk-WARNING **: 15:52:51.401: Failed to set text '  I Don't Care - Ed Sheeran & Ju' from markup due to error parsing markup: Error on line 1: Entity did not end with a semicolon; most likely you used an ampersand character without intending to start an entity — escape ampersand as &amp;

(waybar:3096026): Gtk-WARNING **: 15:52:52.430: Failed to set text '  I Don't Care - Ed Sheeran & Ju' from markup due to error parsing markup: Error on line 1: Entity did not end with a semicolon; most likely you used an ampersand character without intending to start an entity — escape ampersand as &amp;

(waybar:3096026): Gtk-WARNING **: 15:52:53.458: Failed to set text '  I Don't Care - Ed Sheeran & Ju' from markup due to error parsing markup: Error on line 1: Entity did not end with a semicolon; most likely you used an ampersand character without intending to start an entity — escape ampersand as &amp;

(waybar:3096026): Gtk-WARNING **: 15:52:54.488: Failed to set text '  I Don't Care - Ed Sheeran & Ju' from markup due to error parsing markup: Error on line 1: Entity did not end with a semicolon; most likely you used an ampersand character without intending to start an entity — escape ampersand as &amp;

(waybar:3096026): Gtk-WARNING **: 15:52:55.516: Failed to set text '  I Don't Care - Ed Sheeran & Ju' from markup due to error parsing markup: Error on line 1: Entity did not end with a semicolon; most likely you used an ampersand character without intending to start an entity — escape ampersand as &amp;

(waybar:3096026): Gtk-WARNING **: 15:52:56.546: Failed to set text '  I Don't Care - Ed Sheeran & Ju' from markup due to error parsing markup: Error on line 1: Entity did not end with a semicolon; most likely you used an ampersand character without intending to start an entity — escape ampersand as &amp;

(waybar:3096026): Gtk-WARNING **: 15:52:57.574: Failed to set text '  I Don't Care - Ed Sheeran & Ju' from markup due to error parsing markup: Error on line 1: Entity did not end with a semicolon; most likely you used an ampersand character without intending to start an entity — escape ampersand as &amp;

(waybar:3096026): Gtk-WARNING **: 15:52:58.603: Failed to set text '  I Don't Care - Ed Sheeran & Ju' from markup due to error parsing markup: Error on line 1: Entity did not end with a semicolon; most likely you used an ampersand character without intending to start an entity — escape ampersand as &amp;

(waybar:3096026): Gtk-WARNING **: 15:52:59.632: Failed to set text '  I Don't Care - Ed Sheeran & Ju' from markup due to error parsing markup: Error on line 1: Entity did not end with a semicolon; most likely you used an ampersand character without intending to start an entity — escape ampersand as &amp;

(waybar:3096026): Gtk-WARNING **: 15:53:00.660: Failed to set text '  I Don't Care - Ed Sheeran & Ju' from markup due to error parsing markup: Error on line 1: Entity did not end with a semicolon; most likely you used an ampersand character without intending to start an entity — escape ampersand as &amp;

(waybar:3096026): Gtk-WARNING **: 15:53:01.689: Failed to set text '  I Don't Care - Ed Sheeran & Ju' from markup due to error parsing markup: Error on line 1: Entity did not end with a semicolon; most likely you used an ampersand character without intending to start an entity — escape ampersand as &amp;

(waybar:3096026): Gtk-WARNING **: 15:53:02.718: Failed to set text '  I Don't Care - Ed Sheeran & Ju' from markup due to error parsing markup: Error on line 1: Entity did not end with a semicolon; most likely you used an ampersand character without intending to start an entity — escape ampersand as &amp;

(waybar:3096026): Gtk-WARNING **: 15:53:03.747: Failed to set text '  I Don't Care - Ed Sheeran & Ju' from markup due to error parsing markup: Error on line 1: Entity did not end with a semicolon; most likely you used an ampersand character without intending to start an entity — escape ampersand as &amp;

(waybar:3096026): Gtk-WARNING **: 15:53:04.774: Failed to set text '  I Don't Care - Ed Sheeran & Ju' from markup due to error parsing markup: Error on line 1: Entity did not end with a semicolon; most likely you used an ampersand character without intending to start an entity — escape ampersand as &amp;

(waybar:3096026): Gtk-WARNING **: 15:53:05.802: Failed to set text '  I Don't Care - Ed Sheeran & Ju' from markup due to error parsing markup: Error on line 1: Entity did not end with a semicolon; most likely you used an ampersand character without intending to start an entity — escape ampersand as &amp;

(waybar:3096026): Gtk-WARNING **: 15:53:06.831: Failed to set text '  I Don't Care - Ed Sheeran & Ju' from markup due to error parsing markup: Error on line 1: Entity did not end with a semicolon; most likely you used an ampersand character without intending to start an entity — escape ampersand as &amp;

(waybar:3096026): Gtk-WARNING **: 15:53:07.860: Failed to set text '  I Don't Care - Ed Sheeran & Ju' from markup due to error parsing markup: Error on line 1: Entity did not end with a semicolon; most likely you used an ampersand character without intending to start an entity — escape ampersand as &amp;

(waybar:3096026): Gtk-WARNING **: 15:53:08.888: Failed to set text '  I Don't Care - Ed Sheeran & Ju' from markup due to error parsing markup: Error on line 1: Entity did not end with a semicolon; most likely you used an ampersand character without intending to start an entity — escape ampersand as &amp;

(waybar:3096026): Gtk-WARNING **: 15:53:09.917: Failed to set text '  I Don't Care - Ed Sheeran & Ju' from markup due to error parsing markup: Error on line 1: Entity did not end with a semicolon; most likely you used an ampersand character without intending to start an entity — escape ampersand as &amp;

(waybar:3096026): Gtk-WARNING **: 15:53:10.945: Failed to set text '  I Don't Care - Ed Sheeran & Ju' from markup due to error parsing markup: Error on line 1: Entity did not end with a semicolon; most likely you used an ampersand character without intending to start an entity — escape ampersand as &amp;

(waybar:3096026): Gtk-WARNING **: 15:53:11.973: Failed to set text '  I Don't Care - Ed Sheeran & Ju' from markup due to error parsing markup: Error on line 1: Entity did not end with a semicolon; most likely you used an ampersand character without intending to start an entity — escape ampersand as &amp;

(waybar:3096026): Gtk-WARNING **: 15:53:13.002: Failed to set text '  I Don't Care - Ed Sheeran & Ju' from markup due to error parsing markup: Error on line 1: Entity did not end with a semicolon; most likely you used an ampersand character without intending to start an entity — escape ampersand as &amp;

(waybar:3096026): Gtk-WARNING **: 15:53:14.032: Failed to set text '  I Don't Care - Ed Sheeran & Ju' from markup due to error parsing markup: Error on line 1: Entity did not end with a semicolon; most likely you used an ampersand character without intending to start an entity — escape ampersand as &amp;

(waybar:3096026): Gtk-WARNING **: 15:53:15.060: Failed to set text '  I Don't Care - Ed Sheeran & Ju' from markup due to error parsing markup: Error on line 1: Entity did not end with a semicolon; most likely you used an ampersand character without intending to start an entity — escape ampersand as &amp;

(waybar:3096026): Gtk-WARNING **: 15:53:16.089: Failed to set text '  I Don't Care - Ed Sheeran & Ju' from markup due to error parsing markup: Error on line 1: Entity did not end with a semicolon; most likely you used an ampersand character without intending to start an entity — escape ampersand as &amp;

(waybar:3096026): Gtk-WARNING **: 15:53:17.118: Failed to set text '  I Don't Care - Ed Sheeran & Ju' from markup due to error parsing markup: Error on line 1: Entity did not end with a semicolon; most likely you used an ampersand character without intending to start an entity — escape ampersand as &amp;

(waybar:3096026): Gtk-WARNING **: 15:53:18.146: Failed to set text '  I Don't Care - Ed Sheeran & Ju' from markup due to error parsing markup: Error on line 1: Entity did not end with a semicolon; most likely you used an ampersand character without intending to start an entity — escape ampersand as &amp;

(waybar:3096026): Gtk-WARNING **: 15:53:19.175: Failed to set text '  I Don't Care - Ed Sheeran & Ju' from markup due to error parsing markup: Error on line 1: Entity did not end with a semicolon; most likely you used an ampersand character without intending to start an entity — escape ampersand as &amp;

(waybar:3096026): Gtk-WARNING **: 15:53:20.204: Failed to set text '  I Don't Care - Ed Sheeran & Ju' from markup due to error parsing markup: Error on line 1: Entity did not end with a semicolon; most likely you used an ampersand character without intending to start an entity — escape ampersand as &amp;

(waybar:3096026): Gtk-WARNING **: 15:53:21.234: Failed to set text '  I Don't Care - Ed Sheeran & Ju' from markup due to error parsing markup: Error on line 1: Entity did not end with a semicolon; most likely you used an ampersand character without intending to start an entity — escape ampersand as &amp;

(waybar:3096026): Gtk-WARNING **: 15:53:22.263: Failed to set text '  I Don't Care - Ed Sheeran & Ju' from markup due to error parsing markup: Error on line 1: Entity did not end with a semicolon; most likely you used an ampersand character without intending to start an entity — escape ampersand as &amp;

(waybar:3096026): Gtk-WARNING **: 15:53:23.291: Failed to set text '  I Don't Care - Ed Sheeran & Ju' from markup due to error parsing markup: Error on line 1: Entity did not end with a semicolon; most likely you used an ampersand character without intending to start an entity — escape ampersand as &amp;

(waybar:3096026): Gtk-WARNING **: 15:53:24.319: Failed to set text '  I Don't Care - Ed Sheeran & Ju' from markup due to error parsing markup: Error on line 1: Entity did not end with a semicolon; most likely you used an ampersand character without intending to start an entity — escape ampersand as &amp;

(waybar:3096026): Gtk-WARNING **: 15:53:25.349: Failed to set text '  I Don't Care - Ed Sheeran & Ju' from markup due to error parsing markup: Error on line 1: Entity did not end with a semicolon; most likely you used an ampersand character without intending to start an entity — escape ampersand as &amp;

(waybar:3096026): Gtk-WARNING **: 15:53:26.378: Failed to set text '  I Don't Care - Ed Sheeran & Ju' from markup due to error parsing markup: Error on line 1: Entity did not end with a semicolon; most likely you used an ampersand character without intending to start an entity — escape ampersand as &amp;

(waybar:3096026): Gtk-WARNING **: 15:53:27.406: Failed to set text '  I Don't Care - Ed Sheeran & Ju' from markup due to error parsing markup: Error on line 1: Entity did not end with a semicolon; most likely you used an ampersand character without intending to start an entity — escape ampersand as &amp;

(waybar:3096026): Gtk-WARNING **: 15:53:28.434: Failed to set text '  I Don't Care - Ed Sheeran & Ju' from markup due to error parsing markup: Error on line 1: Entity did not end with a semicolon; most likely you used an ampersand character without intending to start an entity — escape ampersand as &amp;

(waybar:3096026): Gtk-WARNING **: 15:53:29.464: Failed to set text '  I Don't Care - Ed Sheeran & Ju' from markup due to error parsing markup: Error on line 1: Entity did not end with a semicolon; most likely you used an ampersand character without intending to start an entity — escape ampersand as &amp;

(waybar:3096026): Gtk-WARNING **: 15:53:30.493: Failed to set text '  I Don't Care - Ed Sheeran & Ju' from markup due to error parsing markup: Error on line 1: Entity did not end with a semicolon; most likely you used an ampersand character without intending to start an entity — escape ampersand as &amp;

(waybar:3096026): Gtk-WARNING **: 15:53:31.522: Failed to set text '  I Don't Care - Ed Sheeran & Ju' from markup due to error parsing markup: Error on line 1: Entity did not end with a semicolon; most likely you used an ampersand character without intending to start an entity — escape ampersand as &amp;

(waybar:3096026): Gtk-WARNING **: 15:53:32.551: Failed to set text '  I Don't Care - Ed Sheeran & Ju' from markup due to error parsing markup: Error on line 1: Entity did not end with a semicolon; most likely you used an ampersand character without intending to start an entity — escape ampersand as &amp;

(waybar:3096026): Gtk-WARNING **: 15:53:33.580: Failed to set text '  I Don't Care - Ed Sheeran & Ju' from markup due to error parsing markup: Error on line 1: Entity did not end with a semicolon; most likely you used an ampersand character without intending to start an entity — escape ampersand as &amp;

(waybar:3096026): Gtk-WARNING **: 15:53:34.609: Failed to set text '  I Don't Care - Ed Sheeran & Ju' from markup due to error parsing markup: Error on line 1: Entity did not end with a semicolon; most likely you used an ampersand character without intending to start an entity — escape ampersand as &amp;

(waybar:3096026): Gtk-WARNING **: 15:53:35.638: Failed to set text '  I Don't Care - Ed Sheeran & Ju' from markup due to error parsing markup: Error on line 1: Entity did not end with a semicolon; most likely you used an ampersand character without intending to start an entity — escape ampersand as &amp;

(waybar:3096026): Gtk-WARNING **: 15:53:36.666: Failed to set text '  I Don't Care - Ed Sheeran & Ju' from markup due to error parsing markup: Error on line 1: Entity did not end with a semicolon; most likely you used an ampersand character without intending to start an entity — escape ampersand as &amp;

(waybar:3096026): Gtk-WARNING **: 15:53:37.694: Failed to set text '  I Don't Care - Ed Sheeran & Ju' from markup due to error parsing markup: Error on line 1: Entity did not end with a semicolon; most likely you used an ampersand character without intending to start an entity — escape ampersand as &amp;

(waybar:3096026): Gtk-WARNING **: 15:53:38.722: Failed to set text '  I Don't Care - Ed Sheeran & Ju' from markup due to error parsing markup: Error on line 1: Entity did not end with a semicolon; most likely you used an ampersand character without intending to start an entity — escape ampersand as &amp;

(waybar:3096026): Gtk-WARNING **: 15:53:39.750: Failed to set text '  I Don't Care - Ed Sheeran & Ju' from markup due to error parsing markup: Error on line 1: Entity did not end with a semicolon; most likely you used an ampersand character without intending to start an entity — escape ampersand as &amp;

(waybar:3096026): Gtk-WARNING **: 15:53:40.778: Failed to set text '  I Don't Care - Ed Sheeran & Ju' from markup due to error parsing markup: Error on line 1: Entity did not end with a semicolon; most likely you used an ampersand character without intending to start an entity — escape ampersand as &amp;

(waybar:3096026): Gtk-WARNING **: 15:53:41.807: Failed to set text '  I Don't Care - Ed Sheeran & Ju' from markup due to error parsing markup: Error on line 1: Entity did not end with a semicolon; most likely you used an ampersand character without intending to start an entity — escape ampersand as &amp;

(waybar:3096026): Gtk-WARNING **: 15:53:42.836: Failed to set text '  I Don't Care - Ed Sheeran & Ju' from markup due to error parsing markup: Error on line 1: Entity did not end with a semicolon; most likely you used an ampersand character without intending to start an entity — escape ampersand as &amp;

(waybar:3096026): Gtk-WARNING **: 15:53:43.866: Failed to set text '  I Don't Care - Ed Sheeran & Ju' from markup due to error parsing markup: Error on line 1: Entity did not end with a semicolon; most likely you used an ampersand character without intending to start an entity — escape ampersand as &amp;

(waybar:3096026): Gtk-WARNING **: 15:53:44.895: Failed to set text '  I Don't Care - Ed Sheeran & Ju' from markup due to error parsing markup: Error on line 1: Entity did not end with a semicolon; most likely you used an ampersand character without intending to start an entity — escape ampersand as &amp;

(waybar:3096026): Gtk-WARNING **: 15:53:45.923: Failed to set text '  I Don't Care - Ed Sheeran & Ju' from markup due to error parsing markup: Error on line 1: Entity did not end with a semicolon; most likely you used an ampersand character without intending to start an entity — escape ampersand as &amp;

(waybar:3096026): Gtk-WARNING **: 15:53:46.951: Failed to set text '  I Don't Care - Ed Sheeran & Ju' from markup due to error parsing markup: Error on line 1: Entity did not end with a semicolon; most likely you used an ampersand character without intending to start an entity — escape ampersand as &amp;

(waybar:3096026): Gtk-WARNING **: 15:53:47.981: Failed to set text '  I Don't Care - Ed Sheeran & Ju' from markup due to error parsing markup: Error on line 1: Entity did not end with a semicolon; most likely you used an ampersand character without intending to start an entity — escape ampersand as &amp;

(waybar:3096026): Gtk-WARNING **: 15:53:49.010: Failed to set text '  I Don't Care - Ed Sheeran & Ju' from markup due to error parsing markup: Error on line 1: Entity did not end with a semicolon; most likely you used an ampersand character without intending to start an entity — escape ampersand as &amp;

(waybar:3096026): Gtk-WARNING **: 15:53:50.038: Failed to set text '  I Don't Care - Ed Sheeran & Ju' from markup due to error parsing markup: Error on line 1: Entity did not end with a semicolon; most likely you used an ampersand character without intending to start an entity — escape ampersand as &amp;

(waybar:3096026): Gtk-WARNING **: 15:53:51.068: Failed to set text '  I Don't Care - Ed Sheeran & Ju' from markup due to error parsing markup: Error on line 1: Entity did not end with a semicolon; most likely you used an ampersand character without intending to start an entity — escape ampersand as &amp;

(waybar:3096026): Gtk-WARNING **: 15:53:52.097: Failed to set text '  I Don't Care - Ed Sheeran & Ju' from markup due to error parsing markup: Error on line 1: Entity did not end with a semicolon; most likely you used an ampersand character without intending to start an entity — escape ampersand as &amp;

(waybar:3096026): Gtk-WARNING **: 15:53:53.126: Failed to set text '  I Don't Care - Ed Sheeran & Ju' from markup due to error parsing markup: Error on line 1: Entity did not end with a semicolon; most likely you used an ampersand character without intending to start an entity — escape ampersand as &amp;

(waybar:3096026): Gtk-WARNING **: 15:53:54.155: Failed to set text '  I Don't Care - Ed Sheeran & Ju' from markup due to error parsing markup: Error on line 1: Entity did not end with a semicolon; most likely you used an ampersand character without intending to start an entity — escape ampersand as &amp;

(waybar:3096026): Gtk-WARNING **: 15:53:55.183: Failed to set text '  I Don't Care - Ed Sheeran & Ju' from markup due to error parsing markup: Error on line 1: Entity did not end with a semicolon; most likely you used an ampersand character without intending to start an entity — escape ampersand as &amp;

(waybar:3096026): Gtk-WARNING **: 15:53:56.211: Failed to set text '  I Don't Care - Ed Sheeran & Ju' from markup due to error parsing markup: Error on line 1: Entity did not end with a semicolon; most likely you used an ampersand character without intending to start an entity — escape ampersand as &amp;

(waybar:3096026): Gtk-WARNING **: 15:53:57.241: Failed to set text '  I Don't Care - Ed Sheeran & Ju' from markup due to error parsing markup: Error on line 1: Entity did not end with a semicolon; most likely you used an ampersand character without intending to start an entity — escape ampersand as &amp;

(waybar:3096026): Gtk-WARNING **: 15:53:58.269: Failed to set text '  I Don't Care - Ed Sheeran & Ju' from markup due to error parsing markup: Error on line 1: Entity did not end with a semicolon; most likely you used an ampersand character without intending to start an entity — escape ampersand as &amp;

(waybar:3096026): Gtk-WARNING **: 15:53:59.298: Failed to set text '  I Don't Care - Ed Sheeran & Ju' from markup due to error parsing markup: Error on line 1: Entity did not end with a semicolon; most likely you used an ampersand character without intending to start an entity — escape ampersand as &amp;

(waybar:3096026): Gtk-WARNING **: 15:54:00.327: Failed to set text '  I Don't Care - Ed Sheeran & Ju' from markup due to error parsing markup: Error on line 1: Entity did not end with a semicolon; most likely you used an ampersand character without intending to start an entity — escape ampersand as &amp;

(waybar:3096026): Gtk-WARNING **: 15:54:01.357: Failed to set text '  I Don't Care - Ed Sheeran & Ju' from markup due to error parsing markup: Error on line 1: Entity did not end with a semicolon; most likely you used an ampersand character without intending to start an entity — escape ampersand as &amp;

(waybar:3096026): Gtk-WARNING **: 15:54:02.385: Failed to set text '  I Don't Care - Ed Sheeran & Ju' from markup due to error parsing markup: Error on line 1: Entity did not end with a semicolon; most likely you used an ampersand character without intending to start an entity — escape ampersand as &amp;

(waybar:3096026): Gtk-WARNING **: 15:54:03.415: Failed to set text '  I Don't Care - Ed Sheeran & Ju' from markup due to error parsing markup: Error on line 1: Entity did not end with a semicolon; most likely you used an ampersand character without intending to start an entity — escape ampersand as &amp;

(waybar:3096026): Gtk-WARNING **: 15:54:04.444: Failed to set text '  I Don't Care - Ed Sheeran & Ju' from markup due to error parsing markup: Error on line 1: Entity did not end with a semicolon; most likely you used an ampersand character without intending to start an entity — escape ampersand as &amp;

(waybar:3096026): Gtk-WARNING **: 15:54:05.474: Failed to set text '  I Don't Care - Ed Sheeran & Ju' from markup due to error parsing markup: Error on line 1: Entity did not end with a semicolon; most likely you used an ampersand character without intending to start an entity — escape ampersand as &amp;

(waybar:3096026): Gtk-WARNING **: 15:54:06.504: Failed to set text '  I Don't Care - Ed Sheeran & Ju' from markup due to error parsing markup: Error on line 1: Entity did not end with a semicolon; most likely you used an ampersand character without intending to start an entity — escape ampersand as &amp;

(waybar:3096026): Gtk-WARNING **: 15:54:07.533: Failed to set text '  I Don't Care - Ed Sheeran & Ju' from markup due to error parsing markup: Error on line 1: Entity did not end with a semicolon; most likely you used an ampersand character without intending to start an entity — escape ampersand as &amp;

(waybar:3096026): Gtk-WARNING **: 15:54:08.562: Failed to set text '  I Don't Care - Ed Sheeran & Ju' from markup due to error parsing markup: Error on line 1: Entity did not end with a semicolon; most likely you used an ampersand character without intending to start an entity — escape ampersand as &amp;

(waybar:3096026): Gtk-WARNING **: 15:54:09.591: Failed to set text '  I Don't Care - Ed Sheeran & Ju' from markup due to error parsing markup: Error on line 1: Entity did not end with a semicolon; most likely you used an ampersand character without intending to start an entity — escape ampersand as &amp;

(waybar:3096026): Gtk-WARNING **: 15:54:10.620: Failed to set text '  I Don't Care - Ed Sheeran & Ju' from markup due to error parsing markup: Error on line 1: Entity did not end with a semicolon; most likely you used an ampersand character without intending to start an entity — escape ampersand as &amp;

(waybar:3096026): Gtk-WARNING **: 15:54:11.649: Failed to set text '  I Don't Care - Ed Sheeran & Ju' from markup due to error parsing markup: Error on line 1: Entity did not end with a semicolon; most likely you used an ampersand character without intending to start an entity — escape ampersand as &amp;

(waybar:3096026): Gtk-WARNING **: 15:54:12.678: Failed to set text '  I Don't Care - Ed Sheeran & Ju' from markup due to error parsing markup: Error on line 1: Entity did not end with a semicolon; most likely you used an ampersand character without intending to start an entity — escape ampersand as &amp;

(waybar:3096026): Gtk-WARNING **: 15:54:13.705: Failed to set text '  I Don't Care - Ed Sheeran & Ju' from markup due to error parsing markup: Error on line 1: Entity did not end with a semicolon; most likely you used an ampersand character without intending to start an entity — escape ampersand as &amp;

(waybar:3096026): Gtk-WARNING **: 15:54:14.734: Failed to set text '  I Don't Care - Ed Sheeran & Ju' from markup due to error parsing markup: Error on line 1: Entity did not end with a semicolon; most likely you used an ampersand character without intending to start an entity — escape ampersand as &amp;

(waybar:3096026): Gtk-WARNING **: 15:54:15.764: Failed to set text '  I Don't Care - Ed Sheeran & Ju' from markup due to error parsing markup: Error on line 1: Entity did not end with a semicolon; most likely you used an ampersand character without intending to start an entity — escape ampersand as &amp;

(waybar:3096026): Gtk-WARNING **: 15:54:16.792: Failed to set text '  I Don't Care - Ed Sheeran & Ju' from markup due to error parsing markup: Error on line 1: Entity did not end with a semicolon; most likely you used an ampersand character without intending to start an entity — escape ampersand as &amp;

(waybar:3096026): Gtk-WARNING **: 15:54:17.820: Failed to set text '  I Don't Care - Ed Sheeran & Ju' from markup due to error parsing markup: Error on line 1: Entity did not end with a semicolon; most likely you used an ampersand character without intending to start an entity — escape ampersand as &amp;

(waybar:3096026): Gtk-WARNING **: 15:54:18.849: Failed to set text '  I Don't Care - Ed Sheeran & Ju' from markup due to error parsing markup: Error on line 1: Entity did not end with a semicolon; most likely you used an ampersand character without intending to start an entity — escape ampersand as &amp;

(waybar:3096026): Gtk-WARNING **: 15:54:19.878: Failed to set text '  I Don't Care - Ed Sheeran & Ju' from markup due to error parsing markup: Error on line 1: Entity did not end with a semicolon; most likely you used an ampersand character without intending to start an entity — escape ampersand as &amp;

(waybar:3096026): Gtk-WARNING **: 15:54:20.905: Failed to set text '  I Don't Care - Ed Sheeran & Ju' from markup due to error parsing markup: Error on line 1: Entity did not end with a semicolon; most likely you used an ampersand character without intending to start an entity — escape ampersand as &amp;

(waybar:3096026): Gtk-WARNING **: 15:54:21.933: Failed to set text '  I Don't Care - Ed Sheeran & Ju' from markup due to error parsing markup: Error on line 1: Entity did not end with a semicolon; most likely you used an ampersand character without intending to start an entity — escape ampersand as &amp;

(waybar:3096026): Gtk-WARNING **: 15:54:22.962: Failed to set text '  I Don't Care - Ed Sheeran & Ju' from markup due to error parsing markup: Error on line 1: Entity did not end with a semicolon; most likely you used an ampersand character without intending to start an entity — escape ampersand as &amp;

(waybar:3096026): Gtk-WARNING **: 15:54:23.992: Failed to set text '  I Don't Care - Ed Sheeran & Ju' from markup due to error parsing markup: Error on line 1: Entity did not end with a semicolon; most likely you used an ampersand character without intending to start an entity — escape ampersand as &amp;

(waybar:3096026): Gtk-WARNING **: 15:54:25.020: Failed to set text '  I Don't Care - Ed Sheeran & Ju' from markup due to error parsing markup: Error on line 1: Entity did not end with a semicolon; most likely you used an ampersand character without intending to start an entity — escape ampersand as &amp;

(waybar:3096026): Gtk-WARNING **: 15:54:26.048: Failed to set text '  I Don't Care - Ed Sheeran & Ju' from markup due to error parsing markup: Error on line 1: Entity did not end with a semicolon; most likely you used an ampersand character without intending to start an entity — escape ampersand as &amp;

(waybar:3096026): Gtk-WARNING **: 15:54:27.077: Failed to set text '  I Don't Care - Ed Sheeran & Ju' from markup due to error parsing markup: Error on line 1: Entity did not end with a semicolon; most likely you used an ampersand character without intending to start an entity — escape ampersand as &amp;

(waybar:3096026): Gtk-WARNING **: 15:54:28.106: Failed to set text '  I Don't Care - Ed Sheeran & Ju' from markup due to error parsing markup: Error on line 1: Entity did not end with a semicolon; most likely you used an ampersand character without intending to start an entity — escape ampersand as &amp;

(waybar:3096026): Gtk-WARNING **: 15:54:29.136: Failed to set text '  I Don't Care - Ed Sheeran & Ju' from markup due to error parsing markup: Error on line 1: Entity did not end with a semicolon; most likely you used an ampersand character without intending to start an entity — escape ampersand as &amp;

(waybar:3096026): Gtk-WARNING **: 15:54:30.168: Failed to set text '  I Don't Care - Ed Sheeran & Ju' from markup due to error parsing markup: Error on line 1: Entity did not end with a semicolon; most likely you used an ampersand character without intending to start an entity — escape ampersand as &amp;

(waybar:3096026): Gtk-WARNING **: 15:54:31.196: Failed to set text '  I Don't Care - Ed Sheeran & Ju' from markup due to error parsing markup: Error on line 1: Entity did not end with a semicolon; most likely you used an ampersand character without intending to start an entity — escape ampersand as &amp;

(waybar:3096026): Gtk-WARNING **: 15:54:32.225: Failed to set text '  I Don't Care - Ed Sheeran & Ju' from markup due to error parsing markup: Error on line 1: Entity did not end with a semicolon; most likely you used an ampersand character without intending to start an entity — escape ampersand as &amp;

(waybar:3096026): Gtk-WARNING **: 15:54:33.253: Failed to set text '  I Don't Care - Ed Sheeran & Ju' from markup due to error parsing markup: Error on line 1: Entity did not end with a semicolon; most likely you used an ampersand character without intending to start an entity — escape ampersand as &amp;

(waybar:3096026): Gtk-WARNING **: 15:54:34.282: Failed to set text '  I Don't Care - Ed Sheeran & Ju' from markup due to error parsing markup: Error on line 1: Entity did not end with a semicolon; most likely you used an ampersand character without intending to start an entity — escape ampersand as &amp;

(waybar:3096026): Gtk-WARNING **: 15:54:35.310: Failed to set text '  I Don't Care - Ed Sheeran & Ju' from markup due to error parsing markup: Error on line 1: Entity did not end with a semicolon; most likely you used an ampersand character without intending to start an entity — escape ampersand as &amp;

(waybar:3096026): Gtk-WARNING **: 15:54:36.339: Failed to set text '  I Don't Care - Ed Sheeran & Ju' from markup due to error parsing markup: Error on line 1: Entity did not end with a semicolon; most likely you used an ampersand character without intending to start an entity — escape ampersand as &amp;

(waybar:3096026): Gtk-WARNING **: 15:54:37.368: Failed to set text '  I Don't Care - Ed Sheeran & Ju' from markup due to error parsing markup: Error on line 1: Entity did not end with a semicolon; most likely you used an ampersand character without intending to start an entity — escape ampersand as &amp;

(waybar:3096026): Gtk-WARNING **: 15:54:38.397: Failed to set text '  I Don't Care - Ed Sheeran & Ju' from markup due to error parsing markup: Error on line 1: Entity did not end with a semicolon; most likely you used an ampersand character without intending to start an entity — escape ampersand as &amp;

(waybar:3096026): Gtk-WARNING **: 15:54:39.425: Failed to set text '  I Don't Care - Ed Sheeran & Ju' from markup due to error parsing markup: Error on line 1: Entity did not end with a semicolon; most likely you used an ampersand character without intending to start an entity — escape ampersand as &amp;

(waybar:3096026): Gtk-WARNING **: 15:54:40.454: Failed to set text '  I Don't Care - Ed Sheeran & Ju' from markup due to error parsing markup: Error on line 1: Entity did not end with a semicolon; most likely you used an ampersand character without intending to start an entity — escape ampersand as &amp;

(waybar:3096026): Gtk-WARNING **: 15:54:41.482: Failed to set text '  I Don't Care - Ed Sheeran & Ju' from markup due to error parsing markup: Error on line 1: Entity did not end with a semicolon; most likely you used an ampersand character without intending to start an entity — escape ampersand as &amp;

(waybar:3096026): Gtk-WARNING **: 15:54:42.511: Failed to set text '  I Don't Care - Ed Sheeran & Ju' from markup due to error parsing markup: Error on line 1: Entity did not end with a semicolon; most likely you used an ampersand character without intending to start an entity — escape ampersand as &amp;

(waybar:3096026): Gtk-WARNING **: 15:54:43.539: Failed to set text '  I Don't Care - Ed Sheeran & Ju' from markup due to error parsing markup: Error on line 1: Entity did not end with a semicolon; most likely you used an ampersand character without intending to start an entity — escape ampersand as &amp;

(waybar:3096026): Gtk-WARNING **: 15:54:44.568: Failed to set text '  I Don't Care - Ed Sheeran & Ju' from markup due to error parsing markup: Error on line 1: Entity did not end with a semicolon; most likely you used an ampersand character without intending to start an entity — escape ampersand as &amp;

(waybar:3096026): Gtk-WARNING **: 15:54:45.598: Failed to set text '  I Don't Care - Ed Sheeran & Ju' from markup due to error parsing markup: Error on line 1: Entity did not end with a semicolon; most likely you used an ampersand character without intending to start an entity — escape ampersand as &amp;

(waybar:3096026): Gtk-WARNING **: 15:54:46.627: Failed to set text '  I Don't Care - Ed Sheeran & Ju' from markup due to error parsing markup: Error on line 1: Entity did not end with a semicolon; most likely you used an ampersand character without intending to start an entity — escape ampersand as &amp;

(waybar:3096026): Gtk-WARNING **: 15:54:47.656: Failed to set text '  I Don't Care - Ed Sheeran & Ju' from markup due to error parsing markup: Error on line 1: Entity did not end with a semicolon; most likely you used an ampersand character without intending to start an entity — escape ampersand as &amp;

(waybar:3096026): Gtk-WARNING **: 15:54:48.685: Failed to set text '  I Don't Care - Ed Sheeran & Ju' from markup due to error parsing markup: Error on line 1: Entity did not end with a semicolon; most likely you used an ampersand character without intending to start an entity — escape ampersand as &amp;

(waybar:3096026): Gtk-WARNING **: 15:54:49.714: Failed to set text '  I Don't Care - Ed Sheeran & Ju' from markup due to error parsing markup: Error on line 1: Entity did not end with a semicolon; most likely you used an ampersand character without intending to start an entity — escape ampersand as &amp;

(waybar:3096026): Gtk-WARNING **: 15:54:50.743: Failed to set text '  I Don't Care - Ed Sheeran & Ju' from markup due to error parsing markup: Error on line 1: Entity did not end with a semicolon; most likely you used an ampersand character without intending to start an entity — escape ampersand as &amp;

(waybar:3096026): Gtk-WARNING **: 15:54:51.772: Failed to set text '  I Don't Care - Ed Sheeran & Ju' from markup due to error parsing markup: Error on line 1: Entity did not end with a semicolon; most likely you used an ampersand character without intending to start an entity — escape ampersand as &amp;

(waybar:3096026): Gtk-WARNING **: 15:54:52.801: Failed to set text '  I Don't Care - Ed Sheeran & Ju' from markup due to error parsing markup: Error on line 1: Entity did not end with a semicolon; most likely you used an ampersand character without intending to start an entity — escape ampersand as &amp;

(waybar:3096026): Gtk-WARNING **: 15:54:53.831: Failed to set text '  I Don't Care - Ed Sheeran & Ju' from markup due to error parsing markup: Error on line 1: Entity did not end with a semicolon; most likely you used an ampersand character without intending to start an entity — escape ampersand as &amp;

(waybar:3096026): Gtk-WARNING **: 15:54:54.860: Failed to set text '  I Don't Care - Ed Sheeran & Ju' from markup due to error parsing markup: Error on line 1: Entity did not end with a semicolon; most likely you used an ampersand character without intending to start an entity — escape ampersand as &amp;

(waybar:3096026): Gtk-WARNING **: 15:54:55.888: Failed to set text '  I Don't Care - Ed Sheeran & Ju' from markup due to error parsing markup: Error on line 1: Entity did not end with a semicolon; most likely you used an ampersand character without intending to start an entity — escape ampersand as &amp;

(waybar:3096026): Gtk-WARNING **: 15:54:56.917: Failed to set text '  I Don't Care - Ed Sheeran & Ju' from markup due to error parsing markup: Error on line 1: Entity did not end with a semicolon; most likely you used an ampersand character without intending to start an entity — escape ampersand as &amp;

(waybar:3096026): Gtk-WARNING **: 15:54:57.946: Failed to set text '  I Don't Care - Ed Sheeran & Ju' from markup due to error parsing markup: Error on line 1: Entity did not end with a semicolon; most likely you used an ampersand character without intending to start an entity — escape ampersand as &amp;

(waybar:3096026): Gtk-WARNING **: 15:54:58.974: Failed to set text '  I Don't Care - Ed Sheeran & Ju' from markup due to error parsing markup: Error on line 1: Entity did not end with a semicolon; most likely you used an ampersand character without intending to start an entity — escape ampersand as &amp;

(waybar:3096026): Gtk-WARNING **: 15:55:00.003: Failed to set text '  I Don't Care - Ed Sheeran & Ju' from markup due to error parsing markup: Error on line 1: Entity did not end with a semicolon; most likely you used an ampersand character without intending to start an entity — escape ampersand as &amp;

(waybar:3096026): Gtk-WARNING **: 15:55:01.031: Failed to set text '  I Don't Care - Ed Sheeran & Ju' from markup due to error parsing markup: Error on line 1: Entity did not end with a semicolon; most likely you used an ampersand character without intending to start an entity — escape ampersand as &amp;

(waybar:3096026): Gtk-WARNING **: 15:55:02.060: Failed to set text '  I Don't Care - Ed Sheeran & Ju' from markup due to error parsing markup: Error on line 1: Entity did not end with a semicolon; most likely you used an ampersand character without intending to start an entity — escape ampersand as &amp;

(waybar:3096026): Gtk-WARNING **: 15:55:03.089: Failed to set text '  I Don't Care - Ed Sheeran & Ju' from markup due to error parsing markup: Error on line 1: Entity did not end with a semicolon; most likely you used an ampersand character without intending to start an entity — escape ampersand as &amp;

(waybar:3096026): Gtk-WARNING **: 15:55:04.118: Failed to set text '  I Don't Care - Ed Sheeran & Ju' from markup due to error parsing markup: Error on line 1: Entity did not end with a semicolon; most likely you used an ampersand character without intending to start an entity — escape ampersand as &amp;

(waybar:3096026): Gtk-WARNING **: 15:55:05.147: Failed to set text '  I Don't Care - Ed Sheeran & Ju' from markup due to error parsing markup: Error on line 1: Entity did not end with a semicolon; most likely you used an ampersand character without intending to start an entity — escape ampersand as &amp;

(waybar:3096026): Gtk-WARNING **: 15:55:06.175: Failed to set text '  I Don't Care - Ed Sheeran & Ju' from markup due to error parsing markup: Error on line 1: Entity did not end with a semicolon; most likely you used an ampersand character without intending to start an entity — escape ampersand as &amp;

(waybar:3096026): Gtk-WARNING **: 15:55:07.203: Failed to set text '  I Don't Care - Ed Sheeran & Ju' from markup due to error parsing markup: Error on line 1: Entity did not end with a semicolon; most likely you used an ampersand character without intending to start an entity — escape ampersand as &amp;

(waybar:3096026): Gtk-WARNING **: 15:55:08.232: Failed to set text '  I Don't Care - Ed Sheeran & Ju' from markup due to error parsing markup: Error on line 1: Entity did not end with a semicolon; most likely you used an ampersand character without intending to start an entity — escape ampersand as &amp;

(waybar:3096026): Gtk-WARNING **: 15:55:09.261: Failed to set text '  I Don't Care - Ed Sheeran & Ju' from markup due to error parsing markup: Error on line 1: Entity did not end with a semicolon; most likely you used an ampersand character without intending to start an entity — escape ampersand as &amp;

(waybar:3096026): Gtk-WARNING **: 15:55:10.290: Failed to set text '  I Don't Care - Ed Sheeran & Ju' from markup due to error parsing markup: Error on line 1: Entity did not end with a semicolon; most likely you used an ampersand character without intending to start an entity — escape ampersand as &amp;

(waybar:3096026): Gtk-WARNING **: 15:55:11.319: Failed to set text '  I Don't Care - Ed Sheeran & Ju' from markup due to error parsing markup: Error on line 1: Entity did not end with a semicolon; most likely you used an ampersand character without intending to start an entity — escape ampersand as &amp;

(waybar:3096026): Gtk-WARNING **: 15:55:12.347: Failed to set text '  I Don't Care - Ed Sheeran & Ju' from markup due to error parsing markup: Error on line 1: Entity did not end with a semicolon; most likely you used an ampersand character without intending to start an entity — escape ampersand as &amp;

(waybar:3096026): Gtk-WARNING **: 15:55:13.377: Failed to set text '  I Don't Care - Ed Sheeran & Ju' from markup due to error parsing markup: Error on line 1: Entity did not end with a semicolon; most likely you used an ampersand character without intending to start an entity — escape ampersand as &amp;

(waybar:3096026): Gtk-WARNING **: 15:55:14.405: Failed to set text '  I Don't Care - Ed Sheeran & Ju' from markup due to error parsing markup: Error on line 1: Entity did not end with a semicolon; most likely you used an ampersand character without intending to start an entity — escape ampersand as &amp;

(waybar:3096026): Gtk-WARNING **: 15:55:15.434: Failed to set text '  I Don't Care - Ed Sheeran & Ju' from markup due to error parsing markup: Error on line 1: Entity did not end with a semicolon; most likely you used an ampersand character without intending to start an entity — escape ampersand as &amp;

(waybar:3096026): Gtk-WARNING **: 15:55:16.463: Failed to set text '  I Don't Care - Ed Sheeran & Ju' from markup due to error parsing markup: Error on line 1: Entity did not end with a semicolon; most likely you used an ampersand character without intending to start an entity — escape ampersand as &amp;

(waybar:3096026): Gtk-WARNING **: 15:55:17.492: Failed to set text '  I Don't Care - Ed Sheeran & Ju' from markup due to error parsing markup: Error on line 1: Entity did not end with a semicolon; most likely you used an ampersand character without intending to start an entity — escape ampersand as &amp;

(waybar:3096026): Gtk-WARNING **: 15:55:18.520: Failed to set text '  I Don't Care - Ed Sheeran & Ju' from markup due to error parsing markup: Error on line 1: Entity did not end with a semicolon; most likely you used an ampersand character without intending to start an entity — escape ampersand as &amp;

(waybar:3096026): Gtk-WARNING **: 15:55:19.549: Failed to set text '  I Don't Care - Ed Sheeran & Ju' from markup due to error parsing markup: Error on line 1: Entity did not end with a semicolon; most likely you used an ampersand character without intending to start an entity — escape ampersand as &amp;

(waybar:3096026): Gtk-WARNING **: 15:55:20.577: Failed to set text '  I Don't Care - Ed Sheeran & Ju' from markup due to error parsing markup: Error on line 1: Entity did not end with a semicolon; most likely you used an ampersand character without intending to start an entity — escape ampersand as &amp;

(waybar:3096026): Gtk-WARNING **: 15:55:21.606: Failed to set text '  I Don't Care - Ed Sheeran & Ju' from markup due to error parsing markup: Error on line 1: Entity did not end with a semicolon; most likely you used an ampersand character without intending to start an entity — escape ampersand as &amp;

(waybar:3096026): Gtk-WARNING **: 15:55:22.634: Failed to set text '  I Don't Care - Ed Sheeran & Ju' from markup due to error parsing markup: Error on line 1: Entity did not end with a semicolon; most likely you used an ampersand character without intending to start an entity — escape ampersand as &amp;

(waybar:3096026): Gtk-WARNING **: 17:03:14.263: Failed to set text '  Alone, Pt. II - Ava Max & Alan ' from markup due to error parsing markup: Error on line 1: Entity did not end with a semicolon; most likely you used an ampersand character without intending to start an entity — escape ampersand as &amp;

(waybar:3096026): Gtk-WARNING **: 17:03:15.291: Failed to set text '  Alone, Pt. II - Ava Max & Alan ' from markup due to error parsing markup: Error on line 1: Entity did not end with a semicolon; most likely you used an ampersand character without intending to start an entity — escape ampersand as &amp;

(waybar:3096026): Gtk-WARNING **: 17:03:16.319: Failed to set text '  Alone, Pt. II - Ava Max & Alan ' from markup due to error parsing markup: Error on line 1: Entity did not end with a semicolon; most likely you used an ampersand character without intending to start an entity — escape ampersand as &amp;

(waybar:3096026): Gtk-WARNING **: 17:03:17.348: Failed to set text '  Alone, Pt. II - Ava Max & Alan ' from markup due to error parsing markup: Error on line 1: Entity did not end with a semicolon; most likely you used an ampersand character without intending to start an entity — escape ampersand as &amp;

(waybar:3096026): Gtk-WARNING **: 17:03:18.376: Failed to set text '  Alone, Pt. II - Ava Max & Alan ' from markup due to error parsing markup: Error on line 1: Entity did not end with a semicolon; most likely you used an ampersand character without intending to start an entity — escape ampersand as &amp;

(waybar:3096026): Gtk-WARNING **: 17:03:19.404: Failed to set text '  Alone, Pt. II - Ava Max & Alan ' from markup due to error parsing markup: Error on line 1: Entity did not end with a semicolon; most likely you used an ampersand character without intending to start an entity — escape ampersand as &amp;

(waybar:3096026): Gtk-WARNING **: 17:03:20.433: Failed to set text '  Alone, Pt. II - Ava Max & Alan ' from markup due to error parsing markup: Error on line 1: Entity did not end with a semicolon; most likely you used an ampersand character without intending to start an entity — escape ampersand as &amp;

(waybar:3096026): Gtk-WARNING **: 17:03:21.462: Failed to set text '  Alone, Pt. II - Ava Max & Alan ' from markup due to error parsing markup: Error on line 1: Entity did not end with a semicolon; most likely you used an ampersand character without intending to start an entity — escape ampersand as &amp;

(waybar:3096026): Gtk-WARNING **: 17:03:22.490: Failed to set text '  Alone, Pt. II - Ava Max & Alan ' from markup due to error parsing markup: Error on line 1: Entity did not end with a semicolon; most likely you used an ampersand character without intending to start an entity — escape ampersand as &amp;

(waybar:3096026): Gtk-WARNING **: 17:03:23.518: Failed to set text '  Alone, Pt. II - Ava Max & Alan ' from markup due to error parsing markup: Error on line 1: Entity did not end with a semicolon; most likely you used an ampersand character without intending to start an entity — escape ampersand as &amp;

(waybar:3096026): Gtk-WARNING **: 17:03:24.547: Failed to set text '  Alone, Pt. II - Ava Max & Alan ' from markup due to error parsing markup: Error on line 1: Entity did not end with a semicolon; most likely you used an ampersand character without intending to start an entity — escape ampersand as &amp;

(waybar:3096026): Gtk-WARNING **: 17:03:25.576: Failed to set text '  Alone, Pt. II - Ava Max & Alan ' from markup due to error parsing markup: Error on line 1: Entity did not end with a semicolon; most likely you used an ampersand character without intending to start an entity — escape ampersand as &amp;

(waybar:3096026): Gtk-WARNING **: 17:03:26.605: Failed to set text '  Alone, Pt. II - Ava Max & Alan ' from markup due to error parsing markup: Error on line 1: Entity did not end with a semicolon; most likely you used an ampersand character without intending to start an entity — escape ampersand as &amp;

(waybar:3096026): Gtk-WARNING **: 17:03:27.633: Failed to set text '  Alone, Pt. II - Ava Max & Alan ' from markup due to error parsing markup: Error on line 1: Entity did not end with a semicolon; most likely you used an ampersand character without intending to start an entity — escape ampersand as &amp;

(waybar:3096026): Gtk-WARNING **: 17:03:28.662: Failed to set text '  Alone, Pt. II - Ava Max & Alan ' from markup due to error parsing markup: Error on line 1: Entity did not end with a semicolon; most likely you used an ampersand character without intending to start an entity — escape ampersand as &amp;

(waybar:3096026): Gtk-WARNING **: 17:03:29.689: Failed to set text '  Alone, Pt. II - Ava Max & Alan ' from markup due to error parsing markup: Error on line 1: Entity did not end with a semicolon; most likely you used an ampersand character without intending to start an entity — escape ampersand as &amp;

(waybar:3096026): Gtk-WARNING **: 17:03:30.716: Failed to set text '  Alone, Pt. II - Ava Max & Alan ' from markup due to error parsing markup: Error on line 1: Entity did not end with a semicolon; most likely you used an ampersand character without intending to start an entity — escape ampersand as &amp;

(waybar:3096026): Gtk-WARNING **: 17:03:31.745: Failed to set text '  Alone, Pt. II - Ava Max & Alan ' from markup due to error parsing markup: Error on line 1: Entity did not end with a semicolon; most likely you used an ampersand character without intending to start an entity — escape ampersand as &amp;

(waybar:3096026): Gtk-WARNING **: 17:03:32.773: Failed to set text '  Alone, Pt. II - Ava Max & Alan ' from markup due to error parsing markup: Error on line 1: Entity did not end with a semicolon; most likely you used an ampersand character without intending to start an entity — escape ampersand as &amp;

(waybar:3096026): Gtk-WARNING **: 17:03:33.803: Failed to set text '  Alone, Pt. II - Ava Max & Alan ' from markup due to error parsing markup: Error on line 1: Entity did not end with a semicolon; most likely you used an ampersand character without intending to start an entity — escape ampersand as &amp;

(waybar:3096026): Gtk-WARNING **: 17:03:34.831: Failed to set text '  Alone, Pt. II - Ava Max & Alan ' from markup due to error parsing markup: Error on line 1: Entity did not end with a semicolon; most likely you used an ampersand character without intending to start an entity — escape ampersand as &amp;

(waybar:3096026): Gtk-WARNING **: 17:03:35.859: Failed to set text '  Alone, Pt. II - Ava Max & Alan ' from markup due to error parsing markup: Error on line 1: Entity did not end with a semicolon; most likely you used an ampersand character without intending to start an entity — escape ampersand as &amp;

(waybar:3096026): Gtk-WARNING **: 17:03:36.888: Failed to set text '  Alone, Pt. II - Ava Max & Alan ' from markup due to error parsing markup: Error on line 1: Entity did not end with a semicolon; most likely you used an ampersand character without intending to start an entity — escape ampersand as &amp;

(waybar:3096026): Gtk-WARNING **: 17:03:37.917: Failed to set text '  Alone, Pt. II - Ava Max & Alan ' from markup due to error parsing markup: Error on line 1: Entity did not end with a semicolon; most likely you used an ampersand character without intending to start an entity — escape ampersand as &amp;

(waybar:3096026): Gtk-WARNING **: 17:03:38.946: Failed to set text '  Alone, Pt. II - Ava Max & Alan ' from markup due to error parsing markup: Error on line 1: Entity did not end with a semicolon; most likely you used an ampersand character without intending to start an entity — escape ampersand as &amp;

(waybar:3096026): Gtk-WARNING **: 17:03:39.974: Failed to set text '  Alone, Pt. II - Ava Max & Alan ' from markup due to error parsing markup: Error on line 1: Entity did not end with a semicolon; most likely you used an ampersand character without intending to start an entity — escape ampersand as &amp;

(waybar:3096026): Gtk-WARNING **: 17:03:41.002: Failed to set text '  Alone, Pt. II - Ava Max & Alan ' from markup due to error parsing markup: Error on line 1: Entity did not end with a semicolon; most likely you used an ampersand character without intending to start an entity — escape ampersand as &amp;

(waybar:3096026): Gtk-WARNING **: 17:03:42.030: Failed to set text '  Alone, Pt. II - Ava Max & Alan ' from markup due to error parsing markup: Error on line 1: Entity did not end with a semicolon; most likely you used an ampersand character without intending to start an entity — escape ampersand as &amp;

(waybar:3096026): Gtk-WARNING **: 17:03:43.058: Failed to set text '  Alone, Pt. II - Ava Max & Alan ' from markup due to error parsing markup: Error on line 1: Entity did not end with a semicolon; most likely you used an ampersand character without intending to start an entity — escape ampersand as &amp;

(waybar:3096026): Gtk-WARNING **: 17:03:44.087: Failed to set text '  Alone, Pt. II - Ava Max & Alan ' from markup due to error parsing markup: Error on line 1: Entity did not end with a semicolon; most likely you used an ampersand character without intending to start an entity — escape ampersand as &amp;

(waybar:3096026): Gtk-WARNING **: 17:03:45.115: Failed to set text '  Alone, Pt. II - Ava Max & Alan ' from markup due to error parsing markup: Error on line 1: Entity did not end with a semicolon; most likely you used an ampersand character without intending to start an entity — escape ampersand as &amp;

(waybar:3096026): Gtk-WARNING **: 17:03:46.144: Failed to set text '  Alone, Pt. II - Ava Max & Alan ' from markup due to error parsing markup: Error on line 1: Entity did not end with a semicolon; most likely you used an ampersand character without intending to start an entity — escape ampersand as &amp;

(waybar:3096026): Gtk-WARNING **: 17:03:47.173: Failed to set text '  Alone, Pt. II - Ava Max & Alan ' from markup due to error parsing markup: Error on line 1: Entity did not end with a semicolon; most likely you used an ampersand character without intending to start an entity — escape ampersand as &amp;

(waybar:3096026): Gtk-WARNING **: 17:03:48.201: Failed to set text '  Alone, Pt. II - Ava Max & Alan ' from markup due to error parsing markup: Error on line 1: Entity did not end with a semicolon; most likely you used an ampersand character without intending to start an entity — escape ampersand as &amp;

(waybar:3096026): Gtk-WARNING **: 17:03:49.229: Failed to set text '  Alone, Pt. II - Ava Max & Alan ' from markup due to error parsing markup: Error on line 1: Entity did not end with a semicolon; most likely you used an ampersand character without intending to start an entity — escape ampersand as &amp;

(waybar:3096026): Gtk-WARNING **: 17:03:50.258: Failed to set text '  Alone, Pt. II - Ava Max & Alan ' from markup due to error parsing markup: Error on line 1: Entity did not end with a semicolon; most likely you used an ampersand character without intending to start an entity — escape ampersand as &amp;

(waybar:3096026): Gtk-WARNING **: 17:03:51.285: Failed to set text '  Alone, Pt. II - Ava Max & Alan ' from markup due to error parsing markup: Error on line 1: Entity did not end with a semicolon; most likely you used an ampersand character without intending to start an entity — escape ampersand as &amp;

(waybar:3096026): Gtk-WARNING **: 17:03:52.314: Failed to set text '  Alone, Pt. II - Ava Max & Alan ' from markup due to error parsing markup: Error on line 1: Entity did not end with a semicolon; most likely you used an ampersand character without intending to start an entity — escape ampersand as &amp;

(waybar:3096026): Gtk-WARNING **: 17:03:53.342: Failed to set text '  Alone, Pt. II - Ava Max & Alan ' from markup due to error parsing markup: Error on line 1: Entity did not end with a semicolon; most likely you used an ampersand character without intending to start an entity — escape ampersand as &amp;

(waybar:3096026): Gtk-WARNING **: 17:03:54.371: Failed to set text '  Alone, Pt. II - Ava Max & Alan ' from markup due to error parsing markup: Error on line 1: Entity did not end with a semicolon; most likely you used an ampersand character without intending to start an entity — escape ampersand as &amp;

(waybar:3096026): Gtk-WARNING **: 17:03:55.399: Failed to set text '  Alone, Pt. II - Ava Max & Alan ' from markup due to error parsing markup: Error on line 1: Entity did not end with a semicolon; most likely you used an ampersand character without intending to start an entity — escape ampersand as &amp;

(waybar:3096026): Gtk-WARNING **: 17:03:56.428: Failed to set text '  Alone, Pt. II - Ava Max & Alan ' from markup due to error parsing markup: Error on line 1: Entity did not end with a semicolon; most likely you used an ampersand character without intending to start an entity — escape ampersand as &amp;

(waybar:3096026): Gtk-WARNING **: 17:03:57.457: Failed to set text '  Alone, Pt. II - Ava Max & Alan ' from markup due to error parsing markup: Error on line 1: Entity did not end with a semicolon; most likely you used an ampersand character without intending to start an entity — escape ampersand as &amp;

(waybar:3096026): Gtk-WARNING **: 17:03:58.486: Failed to set text '  Alone, Pt. II - Ava Max & Alan ' from markup due to error parsing markup: Error on line 1: Entity did not end with a semicolon; most likely you used an ampersand character without intending to start an entity — escape ampersand as &amp;

(waybar:3096026): Gtk-WARNING **: 17:03:59.515: Failed to set text '  Alone, Pt. II - Ava Max & Alan ' from markup due to error parsing markup: Error on line 1: Entity did not end with a semicolon; most likely you used an ampersand character without intending to start an entity — escape ampersand as &amp;

(waybar:3096026): Gtk-WARNING **: 17:04:00.543: Failed to set text '  Alone, Pt. II - Ava Max & Alan ' from markup due to error parsing markup: Error on line 1: Entity did not end with a semicolon; most likely you used an ampersand character without intending to start an entity — escape ampersand as &amp;

(waybar:3096026): Gtk-WARNING **: 17:04:01.571: Failed to set text '  Alone, Pt. II - Ava Max & Alan ' from markup due to error parsing markup: Error on line 1: Entity did not end with a semicolon; most likely you used an ampersand character without intending to start an entity — escape ampersand as &amp;

(waybar:3096026): Gtk-WARNING **: 17:04:02.600: Failed to set text '  Alone, Pt. II - Ava Max & Alan ' from markup due to error parsing markup: Error on line 1: Entity did not end with a semicolon; most likely you used an ampersand character without intending to start an entity — escape ampersand as &amp;

(waybar:3096026): Gtk-WARNING **: 17:04:03.628: Failed to set text '  Alone, Pt. II - Ava Max & Alan ' from markup due to error parsing markup: Error on line 1: Entity did not end with a semicolon; most likely you used an ampersand character without intending to start an entity — escape ampersand as &amp;

(waybar:3096026): Gtk-WARNING **: 17:04:04.658: Failed to set text '  Alone, Pt. II - Ava Max & Alan ' from markup due to error parsing markup: Error on line 1: Entity did not end with a semicolon; most likely you used an ampersand character without intending to start an entity — escape ampersand as &amp;

(waybar:3096026): Gtk-WARNING **: 17:04:05.686: Failed to set text '  Alone, Pt. II - Ava Max & Alan ' from markup due to error parsing markup: Error on line 1: Entity did not end with a semicolon; most likely you used an ampersand character without intending to start an entity — escape ampersand as &amp;

(waybar:3096026): Gtk-WARNING **: 17:04:06.713: Failed to set text '  Alone, Pt. II - Ava Max & Alan ' from markup due to error parsing markup: Error on line 1: Entity did not end with a semicolon; most likely you used an ampersand character without intending to start an entity — escape ampersand as &amp;

(waybar:3096026): Gtk-WARNING **: 17:04:07.742: Failed to set text '  Alone, Pt. II - Ava Max & Alan ' from markup due to error parsing markup: Error on line 1: Entity did not end with a semicolon; most likely you used an ampersand character without intending to start an entity — escape ampersand as &amp;

(waybar:3096026): Gtk-WARNING **: 17:04:08.770: Failed to set text '  Alone, Pt. II - Ava Max & Alan ' from markup due to error parsing markup: Error on line 1: Entity did not end with a semicolon; most likely you used an ampersand character without intending to start an entity — escape ampersand as &amp;

(waybar:3096026): Gtk-WARNING **: 17:04:09.797: Failed to set text '  Alone, Pt. II - Ava Max & Alan ' from markup due to error parsing markup: Error on line 1: Entity did not end with a semicolon; most likely you used an ampersand character without intending to start an entity — escape ampersand as &amp;

(waybar:3096026): Gtk-WARNING **: 17:04:10.826: Failed to set text '  Alone, Pt. II - Ava Max & Alan ' from markup due to error parsing markup: Error on line 1: Entity did not end with a semicolon; most likely you used an ampersand character without intending to start an entity — escape ampersand as &amp;

(waybar:3096026): Gtk-WARNING **: 17:04:11.854: Failed to set text '  Alone, Pt. II - Ava Max & Alan ' from markup due to error parsing markup: Error on line 1: Entity did not end with a semicolon; most likely you used an ampersand character without intending to start an entity — escape ampersand as &amp;

(waybar:3096026): Gtk-WARNING **: 17:04:12.883: Failed to set text '  Alone, Pt. II - Ava Max & Alan ' from markup due to error parsing markup: Error on line 1: Entity did not end with a semicolon; most likely you used an ampersand character without intending to start an entity — escape ampersand as &amp;

(waybar:3096026): Gtk-WARNING **: 17:04:13.911: Failed to set text '  Alone, Pt. II - Ava Max & Alan ' from markup due to error parsing markup: Error on line 1: Entity did not end with a semicolon; most likely you used an ampersand character without intending to start an entity — escape ampersand as &amp;

(waybar:3096026): Gtk-WARNING **: 17:04:14.940: Failed to set text '  Alone, Pt. II - Ava Max & Alan ' from markup due to error parsing markup: Error on line 1: Entity did not end with a semicolon; most likely you used an ampersand character without intending to start an entity — escape ampersand as &amp;

(waybar:3096026): Gtk-WARNING **: 17:04:15.968: Failed to set text '  Alone, Pt. II - Ava Max & Alan ' from markup due to error parsing markup: Error on line 1: Entity did not end with a semicolon; most likely you used an ampersand character without intending to start an entity — escape ampersand as &amp;

(waybar:3096026): Gtk-WARNING **: 17:04:16.997: Failed to set text '  Alone, Pt. II - Ava Max & Alan ' from markup due to error parsing markup: Error on line 1: Entity did not end with a semicolon; most likely you used an ampersand character without intending to start an entity — escape ampersand as &amp;

(waybar:3096026): Gtk-WARNING **: 17:04:18.025: Failed to set text '  Alone, Pt. II - Ava Max & Alan ' from markup due to error parsing markup: Error on line 1: Entity did not end with a semicolon; most likely you used an ampersand character without intending to start an entity — escape ampersand as &amp;

(waybar:3096026): Gtk-WARNING **: 17:04:19.054: Failed to set text '  Alone, Pt. II - Ava Max & Alan ' from markup due to error parsing markup: Error on line 1: Entity did not end with a semicolon; most likely you used an ampersand character without intending to start an entity — escape ampersand as &amp;

(waybar:3096026): Gtk-WARNING **: 17:04:20.082: Failed to set text '  Alone, Pt. II - Ava Max & Alan ' from markup due to error parsing markup: Error on line 1: Entity did not end with a semicolon; most likely you used an ampersand character without intending to start an entity — escape ampersand as &amp;

(waybar:3096026): Gtk-WARNING **: 17:04:21.110: Failed to set text '  Alone, Pt. II - Ava Max & Alan ' from markup due to error parsing markup: Error on line 1: Entity did not end with a semicolon; most likely you used an ampersand character without intending to start an entity — escape ampersand as &amp;

(waybar:3096026): Gtk-WARNING **: 17:04:22.139: Failed to set text '  Alone, Pt. II - Ava Max & Alan ' from markup due to error parsing markup: Error on line 1: Entity did not end with a semicolon; most likely you used an ampersand character without intending to start an entity — escape ampersand as &amp;

(waybar:3096026): Gtk-WARNING **: 17:04:23.167: Failed to set text '  Alone, Pt. II - Ava Max & Alan ' from markup due to error parsing markup: Error on line 1: Entity did not end with a semicolon; most likely you used an ampersand character without intending to start an entity — escape ampersand as &amp;

(waybar:3096026): Gtk-WARNING **: 17:04:24.195: Failed to set text '  Alone, Pt. II - Ava Max & Alan ' from markup due to error parsing markup: Error on line 1: Entity did not end with a semicolon; most likely you used an ampersand character without intending to start an entity — escape ampersand as &amp;

(waybar:3096026): Gtk-WARNING **: 17:04:25.223: Failed to set text '  Alone, Pt. II - Ava Max & Alan ' from markup due to error parsing markup: Error on line 1: Entity did not end with a semicolon; most likely you used an ampersand character without intending to start an entity — escape ampersand as &amp;

(waybar:3096026): Gtk-WARNING **: 17:04:26.251: Failed to set text '  Alone, Pt. II - Ava Max & Alan ' from markup due to error parsing markup: Error on line 1: Entity did not end with a semicolon; most likely you used an ampersand character without intending to start an entity — escape ampersand as &amp;

(waybar:3096026): Gtk-WARNING **: 17:04:27.279: Failed to set text '  Alone, Pt. II - Ava Max & Alan ' from markup due to error parsing markup: Error on line 1: Entity did not end with a semicolon; most likely you used an ampersand character without intending to start an entity — escape ampersand as &amp;

(waybar:3096026): Gtk-WARNING **: 17:04:28.308: Failed to set text '  Alone, Pt. II - Ava Max & Alan ' from markup due to error parsing markup: Error on line 1: Entity did not end with a semicolon; most likely you used an ampersand character without intending to start an entity — escape ampersand as &amp;

(waybar:3096026): Gtk-WARNING **: 17:04:29.336: Failed to set text '  Alone, Pt. II - Ava Max & Alan ' from markup due to error parsing markup: Error on line 1: Entity did not end with a semicolon; most likely you used an ampersand character without intending to start an entity — escape ampersand as &amp;

(waybar:3096026): Gtk-WARNING **: 17:04:30.365: Failed to set text '  Alone, Pt. II - Ava Max & Alan ' from markup due to error parsing markup: Error on line 1: Entity did not end with a semicolon; most likely you used an ampersand character without intending to start an entity — escape ampersand as &amp;

(waybar:3096026): Gtk-WARNING **: 17:04:31.393: Failed to set text '  Alone, Pt. II - Ava Max & Alan ' from markup due to error parsing markup: Error on line 1: Entity did not end with a semicolon; most likely you used an ampersand character without intending to start an entity — escape ampersand as &amp;

(waybar:3096026): Gtk-WARNING **: 17:04:32.421: Failed to set text '  Alone, Pt. II - Ava Max & Alan ' from markup due to error parsing markup: Error on line 1: Entity did not end with a semicolon; most likely you used an ampersand character without intending to start an entity — escape ampersand as &amp;

(waybar:3096026): Gtk-WARNING **: 17:04:33.450: Failed to set text '  Alone, Pt. II - Ava Max & Alan ' from markup due to error parsing markup: Error on line 1: Entity did not end with a semicolon; most likely you used an ampersand character without intending to start an entity — escape ampersand as &amp;

(waybar:3096026): Gtk-WARNING **: 17:04:34.478: Failed to set text '  Alone, Pt. II - Ava Max & Alan ' from markup due to error parsing markup: Error on line 1: Entity did not end with a semicolon; most likely you used an ampersand character without intending to start an entity — escape ampersand as &amp;

(waybar:3096026): Gtk-WARNING **: 17:04:35.506: Failed to set text '  Alone, Pt. II - Ava Max & Alan ' from markup due to error parsing markup: Error on line 1: Entity did not end with a semicolon; most likely you used an ampersand character without intending to start an entity — escape ampersand as &amp;

(waybar:3096026): Gtk-WARNING **: 17:04:36.535: Failed to set text '  Alone, Pt. II - Ava Max & Alan ' from markup due to error parsing markup: Error on line 1: Entity did not end with a semicolon; most likely you used an ampersand character without intending to start an entity — escape ampersand as &amp;

(waybar:3096026): Gtk-WARNING **: 17:04:37.563: Failed to set text '  Alone, Pt. II - Ava Max & Alan ' from markup due to error parsing markup: Error on line 1: Entity did not end with a semicolon; most likely you used an ampersand character without intending to start an entity — escape ampersand as &amp;

(waybar:3096026): Gtk-WARNING **: 17:04:38.593: Failed to set text '  Alone, Pt. II - Ava Max & Alan ' from markup due to error parsing markup: Error on line 1: Entity did not end with a semicolon; most likely you used an ampersand character without intending to start an entity — escape ampersand as &amp;

(waybar:3096026): Gtk-WARNING **: 17:04:39.621: Failed to set text '  Alone, Pt. II - Ava Max & Alan ' from markup due to error parsing markup: Error on line 1: Entity did not end with a semicolon; most likely you used an ampersand character without intending to start an entity — escape ampersand as &amp;

(waybar:3096026): Gtk-WARNING **: 17:04:40.650: Failed to set text '  Alone, Pt. II - Ava Max & Alan ' from markup due to error parsing markup: Error on line 1: Entity did not end with a semicolon; most likely you used an ampersand character without intending to start an entity — escape ampersand as &amp;

(waybar:3096026): Gtk-WARNING **: 17:04:41.679: Failed to set text '  Alone, Pt. II - Ava Max & Alan ' from markup due to error parsing markup: Error on line 1: Entity did not end with a semicolon; most likely you used an ampersand character without intending to start an entity — escape ampersand as &amp;

(waybar:3096026): Gtk-WARNING **: 17:04:42.707: Failed to set text '  Alone, Pt. II - Ava Max & Alan ' from markup due to error parsing markup: Error on line 1: Entity did not end with a semicolon; most likely you used an ampersand character without intending to start an entity — escape ampersand as &amp;

(waybar:3096026): Gtk-WARNING **: 17:04:43.735: Failed to set text '  Alone, Pt. II - Ava Max & Alan ' from markup due to error parsing markup: Error on line 1: Entity did not end with a semicolon; most likely you used an ampersand character without intending to start an entity — escape ampersand as &amp;

(waybar:3096026): Gtk-WARNING **: 17:04:44.765: Failed to set text '  Alone, Pt. II - Ava Max & Alan ' from markup due to error parsing markup: Error on line 1: Entity did not end with a semicolon; most likely you used an ampersand character without intending to start an entity — escape ampersand as &amp;

(waybar:3096026): Gtk-WARNING **: 17:04:45.793: Failed to set text '  Alone, Pt. II - Ava Max & Alan ' from markup due to error parsing markup: Error on line 1: Entity did not end with a semicolon; most likely you used an ampersand character without intending to start an entity — escape ampersand as &amp;

(waybar:3096026): Gtk-WARNING **: 17:04:46.822: Failed to set text '  Alone, Pt. II - Ava Max & Alan ' from markup due to error parsing markup: Error on line 1: Entity did not end with a semicolon; most likely you used an ampersand character without intending to start an entity — escape ampersand as &amp;

(waybar:3096026): Gtk-WARNING **: 17:04:47.852: Failed to set text '  Alone, Pt. II - Ava Max & Alan ' from markup due to error parsing markup: Error on line 1: Entity did not end with a semicolon; most likely you used an ampersand character without intending to start an entity — escape ampersand as &amp;

(waybar:3096026): Gtk-WARNING **: 17:04:48.880: Failed to set text '  Alone, Pt. II - Ava Max & Alan ' from markup due to error parsing markup: Error on line 1: Entity did not end with a semicolon; most likely you used an ampersand character without intending to start an entity — escape ampersand as &amp;

(waybar:3096026): Gtk-WARNING **: 17:04:49.908: Failed to set text '  Alone, Pt. II - Ava Max & Alan ' from markup due to error parsing markup: Error on line 1: Entity did not end with a semicolon; most likely you used an ampersand character without intending to start an entity — escape ampersand as &amp;

(waybar:3096026): Gtk-WARNING **: 17:04:50.937: Failed to set text '  Alone, Pt. II - Ava Max & Alan ' from markup due to error parsing markup: Error on line 1: Entity did not end with a semicolon; most likely you used an ampersand character without intending to start an entity — escape ampersand as &amp;

(waybar:3096026): Gtk-WARNING **: 17:04:51.966: Failed to set text '  Alone, Pt. II - Ava Max & Alan ' from markup due to error parsing markup: Error on line 1: Entity did not end with a semicolon; most likely you used an ampersand character without intending to start an entity — escape ampersand as &amp;

(waybar:3096026): Gtk-WARNING **: 17:04:52.994: Failed to set text '  Alone, Pt. II - Ava Max & Alan ' from markup due to error parsing markup: Error on line 1: Entity did not end with a semicolon; most likely you used an ampersand character without intending to start an entity — escape ampersand as &amp;

(waybar:3096026): Gtk-WARNING **: 17:04:54.022: Failed to set text '  Alone, Pt. II - Ava Max & Alan ' from markup due to error parsing markup: Error on line 1: Entity did not end with a semicolon; most likely you used an ampersand character without intending to start an entity — escape ampersand as &amp;

(waybar:3096026): Gtk-WARNING **: 17:04:55.050: Failed to set text '  Alone, Pt. II - Ava Max & Alan ' from markup due to error parsing markup: Error on line 1: Entity did not end with a semicolon; most likely you used an ampersand character without intending to start an entity — escape ampersand as &amp;

(waybar:3096026): Gtk-WARNING **: 17:04:56.079: Failed to set text '  Alone, Pt. II - Ava Max & Alan ' from markup due to error parsing markup: Error on line 1: Entity did not end with a semicolon; most likely you used an ampersand character without intending to start an entity — escape ampersand as &amp;

(waybar:3096026): Gtk-WARNING **: 17:04:57.107: Failed to set text '  Alone, Pt. II - Ava Max & Alan ' from markup due to error parsing markup: Error on line 1: Entity did not end with a semicolon; most likely you used an ampersand character without intending to start an entity — escape ampersand as &amp;

(waybar:3096026): Gtk-WARNING **: 17:04:58.136: Failed to set text '  Alone, Pt. II - Ava Max & Alan ' from markup due to error parsing markup: Error on line 1: Entity did not end with a semicolon; most likely you used an ampersand character without intending to start an entity — escape ampersand as &amp;

(waybar:3096026): Gtk-WARNING **: 17:04:59.165: Failed to set text '  Alone, Pt. II - Ava Max & Alan ' from markup due to error parsing markup: Error on line 1: Entity did not end with a semicolon; most likely you used an ampersand character without intending to start an entity — escape ampersand as &amp;

(waybar:3096026): Gtk-WARNING **: 17:05:00.194: Failed to set text '  Alone, Pt. II - Ava Max & Alan ' from markup due to error parsing markup: Error on line 1: Entity did not end with a semicolon; most likely you used an ampersand character without intending to start an entity — escape ampersand as &amp;

(waybar:3096026): Gtk-WARNING **: 17:05:01.223: Failed to set text '  Alone, Pt. II - Ava Max & Alan ' from markup due to error parsing markup: Error on line 1: Entity did not end with a semicolon; most likely you used an ampersand character without intending to start an entity — escape ampersand as &amp;

(waybar:3096026): Gtk-WARNING **: 17:05:02.250: Failed to set text '  Alone, Pt. II - Ava Max & Alan ' from markup due to error parsing markup: Error on line 1: Entity did not end with a semicolon; most likely you used an ampersand character without intending to start an entity — escape ampersand as &amp;

(waybar:3096026): Gtk-WARNING **: 17:05:03.279: Failed to set text '  Alone, Pt. II - Ava Max & Alan ' from markup due to error parsing markup: Error on line 1: Entity did not end with a semicolon; most likely you used an ampersand character without intending to start an entity — escape ampersand as &amp;

(waybar:3096026): Gtk-WARNING **: 17:05:04.309: Failed to set text '  Alone, Pt. II - Ava Max & Alan ' from markup due to error parsing markup: Error on line 1: Entity did not end with a semicolon; most likely you used an ampersand character without intending to start an entity — escape ampersand as &amp;

(waybar:3096026): Gtk-WARNING **: 17:05:05.338: Failed to set text '  Alone, Pt. II - Ava Max & Alan ' from markup due to error parsing markup: Error on line 1: Entity did not end with a semicolon; most likely you used an ampersand character without intending to start an entity — escape ampersand as &amp;

(waybar:3096026): Gtk-WARNING **: 17:05:06.366: Failed to set text '  Alone, Pt. II - Ava Max & Alan ' from markup due to error parsing markup: Error on line 1: Entity did not end with a semicolon; most likely you used an ampersand character without intending to start an entity — escape ampersand as &amp;

(waybar:3096026): Gtk-WARNING **: 17:05:07.394: Failed to set text '  Alone, Pt. II - Ava Max & Alan ' from markup due to error parsing markup: Error on line 1: Entity did not end with a semicolon; most likely you used an ampersand character without intending to start an entity — escape ampersand as &amp;

(waybar:3096026): Gtk-WARNING **: 17:05:08.422: Failed to set text '  Alone, Pt. II - Ava Max & Alan ' from markup due to error parsing markup: Error on line 1: Entity did not end with a semicolon; most likely you used an ampersand character without intending to start an entity — escape ampersand as &amp;

(waybar:3096026): Gtk-WARNING **: 17:05:09.452: Failed to set text '  Alone, Pt. II - Ava Max & Alan ' from markup due to error parsing markup: Error on line 1: Entity did not end with a semicolon; most likely you used an ampersand character without intending to start an entity — escape ampersand as &amp;

(waybar:3096026): Gtk-WARNING **: 17:05:10.480: Failed to set text '  Alone, Pt. II - Ava Max & Alan ' from markup due to error parsing markup: Error on line 1: Entity did not end with a semicolon; most likely you used an ampersand character without intending to start an entity — escape ampersand as &amp;

(waybar:3096026): Gtk-WARNING **: 17:05:11.510: Failed to set text '  Alone, Pt. II - Ava Max & Alan ' from markup due to error parsing markup: Error on line 1: Entity did not end with a semicolon; most likely you used an ampersand character without intending to start an entity — escape ampersand as &amp;

(waybar:3096026): Gtk-WARNING **: 17:05:12.538: Failed to set text '  Alone, Pt. II - Ava Max & Alan ' from markup due to error parsing markup: Error on line 1: Entity did not end with a semicolon; most likely you used an ampersand character without intending to start an entity — escape ampersand as &amp;

(waybar:3096026): Gtk-WARNING **: 17:05:13.566: Failed to set text '  Alone, Pt. II - Ava Max & Alan ' from markup due to error parsing markup: Error on line 1: Entity did not end with a semicolon; most likely you used an ampersand character without intending to start an entity — escape ampersand as &amp;

(waybar:3096026): Gtk-WARNING **: 17:05:14.594: Failed to set text '  Alone, Pt. II - Ava Max & Alan ' from markup due to error parsing markup: Error on line 1: Entity did not end with a semicolon; most likely you used an ampersand character without intending to start an entity — escape ampersand as &amp;

(waybar:3096026): Gtk-WARNING **: 17:05:15.623: Failed to set text '  Alone, Pt. II - Ava Max & Alan ' from markup due to error parsing markup: Error on line 1: Entity did not end with a semicolon; most likely you used an ampersand character without intending to start an entity — escape ampersand as &amp;

(waybar:3096026): Gtk-WARNING **: 17:05:16.651: Failed to set text '  Alone, Pt. II - Ava Max & Alan ' from markup due to error parsing markup: Error on line 1: Entity did not end with a semicolon; most likely you used an ampersand character without intending to start an entity — escape ampersand as &amp;

(waybar:3096026): Gtk-WARNING **: 17:05:17.680: Failed to set text '  Alone, Pt. II - Ava Max & Alan ' from markup due to error parsing markup: Error on line 1: Entity did not end with a semicolon; most likely you used an ampersand character without intending to start an entity — escape ampersand as &amp;

(waybar:3096026): Gtk-WARNING **: 17:05:18.708: Failed to set text '  Alone, Pt. II - Ava Max & Alan ' from markup due to error parsing markup: Error on line 1: Entity did not end with a semicolon; most likely you used an ampersand character without intending to start an entity — escape ampersand as &amp;

(waybar:3096026): Gtk-WARNING **: 17:05:19.737: Failed to set text '  Alone, Pt. II - Ava Max & Alan ' from markup due to error parsing markup: Error on line 1: Entity did not end with a semicolon; most likely you used an ampersand character without intending to start an entity — escape ampersand as &amp;

(waybar:3096026): Gtk-WARNING **: 17:05:20.764: Failed to set text '  Alone, Pt. II - Ava Max & Alan ' from markup due to error parsing markup: Error on line 1: Entity did not end with a semicolon; most likely you used an ampersand character without intending to start an entity — escape ampersand as &amp;

(waybar:3096026): Gtk-WARNING **: 17:05:21.793: Failed to set text '  Alone, Pt. II - Ava Max & Alan ' from markup due to error parsing markup: Error on line 1: Entity did not end with a semicolon; most likely you used an ampersand character without intending to start an entity — escape ampersand as &amp;

(waybar:3096026): Gtk-WARNING **: 17:05:22.822: Failed to set text '  Alone, Pt. II - Ava Max & Alan ' from markup due to error parsing markup: Error on line 1: Entity did not end with a semicolon; most likely you used an ampersand character without intending to start an entity — escape ampersand as &amp;

(waybar:3096026): Gtk-WARNING **: 17:05:23.851: Failed to set text '  Alone, Pt. II - Ava Max & Alan ' from markup due to error parsing markup: Error on line 1: Entity did not end with a semicolon; most likely you used an ampersand character without intending to start an entity — escape ampersand as &amp;

(waybar:3096026): Gtk-WARNING **: 17:05:24.879: Failed to set text '  Alone, Pt. II - Ava Max & Alan ' from markup due to error parsing markup: Error on line 1: Entity did not end with a semicolon; most likely you used an ampersand character without intending to start an entity — escape ampersand as &amp;

(waybar:3096026): Gtk-WARNING **: 17:05:25.908: Failed to set text '  Alone, Pt. II - Ava Max & Alan ' from markup due to error parsing markup: Error on line 1: Entity did not end with a semicolon; most likely you used an ampersand character without intending to start an entity — escape ampersand as &amp;

(waybar:3096026): Gtk-WARNING **: 17:05:26.936: Failed to set text '  Alone, Pt. II - Ava Max & Alan ' from markup due to error parsing markup: Error on line 1: Entity did not end with a semicolon; most likely you used an ampersand character without intending to start an entity — escape ampersand as &amp;

(waybar:3096026): Gtk-WARNING **: 17:05:27.964: Failed to set text '  Alone, Pt. II - Ava Max & Alan ' from markup due to error parsing markup: Error on line 1: Entity did not end with a semicolon; most likely you used an ampersand character without intending to start an entity — escape ampersand as &amp;

(waybar:3096026): Gtk-WARNING **: 17:05:28.992: Failed to set text '  Alone, Pt. II - Ava Max & Alan ' from markup due to error parsing markup: Error on line 1: Entity did not end with a semicolon; most likely you used an ampersand character without intending to start an entity — escape ampersand as &amp;

(waybar:3096026): Gtk-WARNING **: 17:05:30.021: Failed to set text '  Alone, Pt. II - Ava Max & Alan ' from markup due to error parsing markup: Error on line 1: Entity did not end with a semicolon; most likely you used an ampersand character without intending to start an entity — escape ampersand as &amp;

(waybar:3096026): Gtk-WARNING **: 17:05:31.049: Failed to set text '  Alone, Pt. II - Ava Max & Alan ' from markup due to error parsing markup: Error on line 1: Entity did not end with a semicolon; most likely you used an ampersand character without intending to start an entity — escape ampersand as &amp;

(waybar:3096026): Gtk-WARNING **: 17:05:32.077: Failed to set text '  Alone, Pt. II - Ava Max & Alan ' from markup due to error parsing markup: Error on line 1: Entity did not end with a semicolon; most likely you used an ampersand character without intending to start an entity — escape ampersand as &amp;

(waybar:3096026): Gtk-WARNING **: 17:05:33.106: Failed to set text '  Alone, Pt. II - Ava Max & Alan ' from markup due to error parsing markup: Error on line 1: Entity did not end with a semicolon; most likely you used an ampersand character without intending to start an entity — escape ampersand as &amp;

(waybar:3096026): Gtk-WARNING **: 17:05:34.134: Failed to set text '  Alone, Pt. II - Ava Max & Alan ' from markup due to error parsing markup: Error on line 1: Entity did not end with a semicolon; most likely you used an ampersand character without intending to start an entity — escape ampersand as &amp;

(waybar:3096026): Gtk-WARNING **: 17:05:35.162: Failed to set text '  Alone, Pt. II - Ava Max & Alan ' from markup due to error parsing markup: Error on line 1: Entity did not end with a semicolon; most likely you used an ampersand character without intending to start an entity — escape ampersand as &amp;

(waybar:3096026): Gtk-WARNING **: 17:05:36.191: Failed to set text '  Alone, Pt. II - Ava Max & Alan ' from markup due to error parsing markup: Error on line 1: Entity did not end with a semicolon; most likely you used an ampersand character without intending to start an entity — escape ampersand as &amp;

(waybar:3096026): Gtk-WARNING **: 17:05:37.219: Failed to set text '  Alone, Pt. II - Ava Max & Alan ' from markup due to error parsing markup: Error on line 1: Entity did not end with a semicolon; most likely you used an ampersand character without intending to start an entity — escape ampersand as &amp;

(waybar:3096026): Gtk-WARNING **: 17:05:38.248: Failed to set text '  Alone, Pt. II - Ava Max & Alan ' from markup due to error parsing markup: Error on line 1: Entity did not end with a semicolon; most likely you used an ampersand character without intending to start an entity — escape ampersand as &amp;

(waybar:3096026): Gtk-WARNING **: 17:05:39.277: Failed to set text '  Alone, Pt. II - Ava Max & Alan ' from markup due to error parsing markup: Error on line 1: Entity did not end with a semicolon; most likely you used an ampersand character without intending to start an entity — escape ampersand as &amp;

(waybar:3096026): Gtk-WARNING **: 17:05:40.305: Failed to set text '  Alone, Pt. II - Ava Max & Alan ' from markup due to error parsing markup: Error on line 1: Entity did not end with a semicolon; most likely you used an ampersand character without intending to start an entity — escape ampersand as &amp;

(waybar:3096026): Gtk-WARNING **: 17:05:41.334: Failed to set text '  Alone, Pt. II - Ava Max & Alan ' from markup due to error parsing markup: Error on line 1: Entity did not end with a semicolon; most likely you used an ampersand character without intending to start an entity — escape ampersand as &amp;

(waybar:3096026): Gtk-WARNING **: 17:05:42.363: Failed to set text '  Alone, Pt. II - Ava Max & Alan ' from markup due to error parsing markup: Error on line 1: Entity did not end with a semicolon; most likely you used an ampersand character without intending to start an entity — escape ampersand as &amp;

(waybar:3096026): Gtk-WARNING **: 17:05:43.392: Failed to set text '  Alone, Pt. II - Ava Max & Alan ' from markup due to error parsing markup: Error on line 1: Entity did not end with a semicolon; most likely you used an ampersand character without intending to start an entity — escape ampersand as &amp;

(waybar:3096026): Gtk-WARNING **: 17:05:44.420: Failed to set text '  Alone, Pt. II - Ava Max & Alan ' from markup due to error parsing markup: Error on line 1: Entity did not end with a semicolon; most likely you used an ampersand character without intending to start an entity — escape ampersand as &amp;

(waybar:3096026): Gtk-WARNING **: 17:05:45.449: Failed to set text '  Alone, Pt. II - Ava Max & Alan ' from markup due to error parsing markup: Error on line 1: Entity did not end with a semicolon; most likely you used an ampersand character without intending to start an entity — escape ampersand as &amp;

(waybar:3096026): Gtk-WARNING **: 17:05:46.477: Failed to set text '  Alone, Pt. II - Ava Max & Alan ' from markup due to error parsing markup: Error on line 1: Entity did not end with a semicolon; most likely you used an ampersand character without intending to start an entity — escape ampersand as &amp;

(waybar:3096026): Gtk-WARNING **: 17:05:47.506: Failed to set text '  Alone, Pt. II - Ava Max & Alan ' from markup due to error parsing markup: Error on line 1: Entity did not end with a semicolon; most likely you used an ampersand character without intending to start an entity — escape ampersand as &amp;

(waybar:3096026): Gtk-WARNING **: 17:05:48.534: Failed to set text '  Alone, Pt. II - Ava Max & Alan ' from markup due to error parsing markup: Error on line 1: Entity did not end with a semicolon; most likely you used an ampersand character without intending to start an entity — escape ampersand as &amp;

(waybar:3096026): Gtk-WARNING **: 17:05:49.563: Failed to set text '  Alone, Pt. II - Ava Max & Alan ' from markup due to error parsing markup: Error on line 1: Entity did not end with a semicolon; most likely you used an ampersand character without intending to start an entity — escape ampersand as &amp;

(waybar:3096026): Gtk-WARNING **: 17:05:50.592: Failed to set text '  Alone, Pt. II - Ava Max & Alan ' from markup due to error parsing markup: Error on line 1: Entity did not end with a semicolon; most likely you used an ampersand character without intending to start an entity — escape ampersand as &amp;

(waybar:3096026): Gtk-WARNING **: 17:05:51.620: Failed to set text '  Alone, Pt. II - Ava Max & Alan ' from markup due to error parsing markup: Error on line 1: Entity did not end with a semicolon; most likely you used an ampersand character without intending to start an entity — escape ampersand as &amp;

(waybar:3096026): Gtk-WARNING **: 17:05:52.649: Failed to set text '  Alone, Pt. II - Ava Max & Alan ' from markup due to error parsing markup: Error on line 1: Entity did not end with a semicolon; most likely you used an ampersand character without intending to start an entity — escape ampersand as &amp;

(waybar:3096026): Gtk-WARNING **: 17:05:53.678: Failed to set text '  Alone, Pt. II - Ava Max & Alan ' from markup due to error parsing markup: Error on line 1: Entity did not end with a semicolon; most likely you used an ampersand character without intending to start an entity — escape ampersand as &amp;

(waybar:3096026): Gtk-WARNING **: 17:05:54.705: Failed to set text '  Alone, Pt. II - Ava Max & Alan ' from markup due to error parsing markup: Error on line 1: Entity did not end with a semicolon; most likely you used an ampersand character without intending to start an entity — escape ampersand as &amp;

(waybar:3096026): Gtk-WARNING **: 17:05:55.734: Failed to set text '  Alone, Pt. II - Ava Max & Alan ' from markup due to error parsing markup: Error on line 1: Entity did not end with a semicolon; most likely you used an ampersand character without intending to start an entity — escape ampersand as &amp;

(waybar:3096026): Gtk-WARNING **: 17:05:56.762: Failed to set text '  Alone, Pt. II - Ava Max & Alan ' from markup due to error parsing markup: Error on line 1: Entity did not end with a semicolon; most likely you used an ampersand character without intending to start an entity — escape ampersand as &amp;

(waybar:3096026): Gtk-WARNING **: 17:05:57.790: Failed to set text '  Alone, Pt. II - Ava Max & Alan ' from markup due to error parsing markup: Error on line 1: Entity did not end with a semicolon; most likely you used an ampersand character without intending to start an entity — escape ampersand as &amp;

(waybar:3096026): Gtk-WARNING **: 17:05:58.817: Failed to set text '  Alone, Pt. II - Ava Max & Alan ' from markup due to error parsing markup: Error on line 1: Entity did not end with a semicolon; most likely you used an ampersand character without intending to start an entity — escape ampersand as &amp;

(waybar:3096026): Gtk-WARNING **: 17:05:59.847: Failed to set text '  Alone, Pt. II - Ava Max & Alan ' from markup due to error parsing markup: Error on line 1: Entity did not end with a semicolon; most likely you used an ampersand character without intending to start an entity — escape ampersand as &amp;

(waybar:3096026): Gtk-WARNING **: 17:06:00.875: Failed to set text '  Alone, Pt. II - Ava Max & Alan ' from markup due to error parsing markup: Error on line 1: Entity did not end with a semicolon; most likely you used an ampersand character without intending to start an entity — escape ampersand as &amp;

(waybar:3096026): Gtk-WARNING **: 17:06:01.903: Failed to set text '  Alone, Pt. II - Ava Max & Alan ' from markup due to error parsing markup: Error on line 1: Entity did not end with a semicolon; most likely you used an ampersand character without intending to start an entity — escape ampersand as &amp;

(waybar:3096026): Gtk-WARNING **: 17:06:02.930: Failed to set text '  Alone, Pt. II - Ava Max & Alan ' from markup due to error parsing markup: Error on line 1: Entity did not end with a semicolon; most likely you used an ampersand character without intending to start an entity — escape ampersand as &amp;

(waybar:3096026): Gtk-WARNING **: 17:06:03.959: Failed to set text '  Alone, Pt. II - Ava Max & Alan ' from markup due to error parsing markup: Error on line 1: Entity did not end with a semicolon; most likely you used an ampersand character without intending to start an entity — escape ampersand as &amp;

(waybar:3096026): Gtk-WARNING **: 17:06:04.991: Failed to set text '  Alone, Pt. II - Ava Max & Alan ' from markup due to error parsing markup: Error on line 1: Entity did not end with a semicolon; most likely you used an ampersand character without intending to start an entity — escape ampersand as &amp;

(waybar:3096026): Gtk-WARNING **: 17:06:06.021: Failed to set text '  Alone, Pt. II - Ava Max & Alan ' from markup due to error parsing markup: Error on line 1: Entity did not end with a semicolon; most likely you used an ampersand character without intending to start an entity — escape ampersand as &amp;

(waybar:3096026): Gtk-WARNING **: 17:06:07.053: Failed to set text '  Alone, Pt. II - Ava Max & Alan ' from markup due to error parsing markup: Error on line 1: Entity did not end with a semicolon; most likely you used an ampersand character without intending to start an entity — escape ampersand as &amp;

(waybar:3096026): Gtk-WARNING **: 17:06:08.082: Failed to set text '  Alone, Pt. II - Ava Max & Alan ' from markup due to error parsing markup: Error on line 1: Entity did not end with a semicolon; most likely you used an ampersand character without intending to start an entity — escape ampersand as &amp;

(waybar:3096026): Gtk-WARNING **: 17:06:09.111: Failed to set text '  Alone, Pt. II - Ava Max & Alan ' from markup due to error parsing markup: Error on line 1: Entity did not end with a semicolon; most likely you used an ampersand character without intending to start an entity — escape ampersand as &amp;

(waybar:3096026): Gtk-WARNING **: 17:06:10.140: Failed to set text '  Alone, Pt. II - Ava Max & Alan ' from markup due to error parsing markup: Error on line 1: Entity did not end with a semicolon; most likely you used an ampersand character without intending to start an entity — escape ampersand as &amp;

(waybar:3096026): Gtk-WARNING **: 17:06:11.169: Failed to set text '  Alone, Pt. II - Ava Max & Alan ' from markup due to error parsing markup: Error on line 1: Entity did not end with a semicolon; most likely you used an ampersand character without intending to start an entity — escape ampersand as &amp;

(waybar:3096026): Gtk-WARNING **: 17:06:12.200: Failed to set text '  Alone, Pt. II - Ava Max & Alan ' from markup due to error parsing markup: Error on line 1: Entity did not end with a semicolon; most likely you used an ampersand character without intending to start an entity — escape ampersand as &amp;

(waybar:3096026): Gtk-WARNING **: 17:06:13.228: Failed to set text '  Alone, Pt. II - Ava Max & Alan ' from markup due to error parsing markup: Error on line 1: Entity did not end with a semicolon; most likely you used an ampersand character without intending to start an entity — escape ampersand as &amp;

(waybar:3096026): Gtk-WARNING **: 17:06:14.256: Failed to set text '  Alone, Pt. II - Ava Max & Alan ' from markup due to error parsing markup: Error on line 1: Entity did not end with a semicolon; most likely you used an ampersand character without intending to start an entity — escape ampersand as &amp;

(waybar:3096026): Gtk-WARNING **: 17:06:15.285: Failed to set text '  Alone, Pt. II - Ava Max & Alan ' from markup due to error parsing markup: Error on line 1: Entity did not end with a semicolon; most likely you used an ampersand character without intending to start an entity — escape ampersand as &amp;

(waybar:3096026): Gtk-WARNING **: 17:06:16.313: Failed to set text '  Alone, Pt. II - Ava Max & Alan ' from markup due to error parsing markup: Error on line 1: Entity did not end with a semicolon; most likely you used an ampersand character without intending to start an entity — escape ampersand as &amp;

(waybar:3096026): Gtk-WARNING **: 17:06:17.342: Failed to set text '  Alone, Pt. II - Ava Max & Alan ' from markup due to error parsing markup: Error on line 1: Entity did not end with a semicolon; most likely you used an ampersand character without intending to start an entity — escape ampersand as &amp;

(waybar:3096026): Gtk-WARNING **: 17:06:18.371: Failed to set text '  Alone, Pt. II - Ava Max & Alan ' from markup due to error parsing markup: Error on line 1: Entity did not end with a semicolon; most likely you used an ampersand character without intending to start an entity — escape ampersand as &amp;

(waybar:3096026): Gtk-WARNING **: 17:06:19.400: Failed to set text '  Alone, Pt. II - Ava Max & Alan ' from markup due to error parsing markup: Error on line 1: Entity did not end with a semicolon; most likely you used an ampersand character without intending to start an entity — escape ampersand as &amp;

(waybar:3096026): Gtk-WARNING **: 17:06:20.428: Failed to set text '  Alone, Pt. II - Ava Max & Alan ' from markup due to error parsing markup: Error on line 1: Entity did not end with a semicolon; most likely you used an ampersand character without intending to start an entity — escape ampersand as &amp;

(waybar:3096026): Gtk-WARNING **: 17:06:21.456: Failed to set text '  Alone, Pt. II - Ava Max & Alan ' from markup due to error parsing markup: Error on line 1: Entity did not end with a semicolon; most likely you used an ampersand character without intending to start an entity — escape ampersand as &amp;

(waybar:3096026): Gtk-WARNING **: 17:06:22.484: Failed to set text '  Alone, Pt. II - Ava Max & Alan ' from markup due to error parsing markup: Error on line 1: Entity did not end with a semicolon; most likely you used an ampersand character without intending to start an entity — escape ampersand as &amp;

(waybar:3096026): Gtk-WARNING **: 17:06:23.514: Failed to set text '  Alone, Pt. II - Ava Max & Alan ' from markup due to error parsing markup: Error on line 1: Entity did not end with a semicolon; most likely you used an ampersand character without intending to start an entity — escape ampersand as &amp;

(waybar:3096026): Gtk-WARNING **: 17:06:24.543: Failed to set text '  Calm Down - Rema & Selena G' from markup due to error parsing markup: Error on line 1: Entity did not end with a semicolon; most likely you used an ampersand character without intending to start an entity — escape ampersand as &amp;

(waybar:3096026): Gtk-WARNING **: 17:06:25.571: Failed to set text '  Calm Down - Rema & Selena G' from markup due to error parsing markup: Error on line 1: Entity did not end with a semicolon; most likely you used an ampersand character without intending to start an entity — escape ampersand as &amp;

(waybar:3096026): Gtk-WARNING **: 17:06:26.600: Failed to set text '  Calm Down - Rema & Selena G' from markup due to error parsing markup: Error on line 1: Entity did not end with a semicolon; most likely you used an ampersand character without intending to start an entity — escape ampersand as &amp;

(waybar:3096026): Gtk-WARNING **: 17:06:27.629: Failed to set text '  Calm Down - Rema & Selena G' from markup due to error parsing markup: Error on line 1: Entity did not end with a semicolon; most likely you used an ampersand character without intending to start an entity — escape ampersand as &amp;

(waybar:3096026): Gtk-WARNING **: 17:06:28.658: Failed to set text '  Calm Down - Rema & Selena G' from markup due to error parsing markup: Error on line 1: Entity did not end with a semicolon; most likely you used an ampersand character without intending to start an entity — escape ampersand as &amp;

(waybar:3096026): Gtk-WARNING **: 17:06:29.688: Failed to set text '  Calm Down - Rema & Selena G' from markup due to error parsing markup: Error on line 1: Entity did not end with a semicolon; most likely you used an ampersand character without intending to start an entity — escape ampersand as &amp;

(waybar:3096026): Gtk-WARNING **: 17:06:30.717: Failed to set text '  Calm Down - Rema & Selena G' from markup due to error parsing markup: Error on line 1: Entity did not end with a semicolon; most likely you used an ampersand character without intending to start an entity — escape ampersand as &amp;

(waybar:3096026): Gtk-WARNING **: 17:06:31.746: Failed to set text '  Calm Down - Rema & Selena G' from markup due to error parsing markup: Error on line 1: Entity did not end with a semicolon; most likely you used an ampersand character without intending to start an entity — escape ampersand as &amp;

(waybar:3096026): Gtk-WARNING **: 17:06:32.775: Failed to set text '  Calm Down - Rema & Selena G' from markup due to error parsing markup: Error on line 1: Entity did not end with a semicolon; most likely you used an ampersand character without intending to start an entity — escape ampersand as &amp;

(waybar:3096026): Gtk-WARNING **: 17:06:33.806: Failed to set text '  Calm Down - Rema & Selena G' from markup due to error parsing markup: Error on line 1: Entity did not end with a semicolon; most likely you used an ampersand character without intending to start an entity — escape ampersand as &amp;

(waybar:3096026): Gtk-WARNING **: 17:06:34.835: Failed to set text '  Calm Down - Rema & Selena G' from markup due to error parsing markup: Error on line 1: Entity did not end with a semicolon; most likely you used an ampersand character without intending to start an entity — escape ampersand as &amp;

(waybar:3096026): Gtk-WARNING **: 17:06:35.866: Failed to set text '  Calm Down - Rema & Selena G' from markup due to error parsing markup: Error on line 1: Entity did not end with a semicolon; most likely you used an ampersand character without intending to start an entity — escape ampersand as &amp;

(waybar:3096026): Gtk-WARNING **: 17:06:36.897: Failed to set text '  Calm Down - Rema & Selena G' from markup due to error parsing markup: Error on line 1: Entity did not end with a semicolon; most likely you used an ampersand character without intending to start an entity — escape ampersand as &amp;

(waybar:3096026): Gtk-WARNING **: 17:06:37.925: Failed to set text '  Calm Down - Rema & Selena G' from markup due to error parsing markup: Error on line 1: Entity did not end with a semicolon; most likely you used an ampersand character without intending to start an entity — escape ampersand as &amp;

(waybar:3096026): Gtk-WARNING **: 17:06:38.953: Failed to set text '  Calm Down - Rema & Selena G' from markup due to error parsing markup: Error on line 1: Entity did not end with a semicolon; most likely you used an ampersand character without intending to start an entity — escape ampersand as &amp;

(waybar:3096026): Gtk-WARNING **: 17:06:39.982: Failed to set text '  Calm Down - Rema & Selena G' from markup due to error parsing markup: Error on line 1: Entity did not end with a semicolon; most likely you used an ampersand character without intending to start an entity — escape ampersand as &amp;

(waybar:3096026): Gtk-WARNING **: 17:06:41.011: Failed to set text '  Calm Down - Rema & Selena G' from markup due to error parsing markup: Error on line 1: Entity did not end with a semicolon; most likely you used an ampersand character without intending to start an entity — escape ampersand as &amp;

(waybar:3096026): Gtk-WARNING **: 17:06:42.040: Failed to set text '  Calm Down - Rema & Selena G' from markup due to error parsing markup: Error on line 1: Entity did not end with a semicolon; most likely you used an ampersand character without intending to start an entity — escape ampersand as &amp;

(waybar:3096026): Gtk-WARNING **: 17:06:43.070: Failed to set text '  Calm Down - Rema & Selena G' from markup due to error parsing markup: Error on line 1: Entity did not end with a semicolon; most likely you used an ampersand character without intending to start an entity — escape ampersand as &amp;

(waybar:3096026): Gtk-WARNING **: 17:06:44.100: Failed to set text '  Calm Down - Rema & Selena G' from markup due to error parsing markup: Error on line 1: Entity did not end with a semicolon; most likely you used an ampersand character without intending to start an entity — escape ampersand as &amp;

(waybar:3096026): Gtk-WARNING **: 17:06:45.131: Failed to set text '  Calm Down - Rema & Selena G' from markup due to error parsing markup: Error on line 1: Entity did not end with a semicolon; most likely you used an ampersand character without intending to start an entity — escape ampersand as &amp;

(waybar:3096026): Gtk-WARNING **: 17:06:46.160: Failed to set text '  Calm Down - Rema & Selena G' from markup due to error parsing markup: Error on line 1: Entity did not end with a semicolon; most likely you used an ampersand character without intending to start an entity — escape ampersand as &amp;

(waybar:3096026): Gtk-WARNING **: 17:06:47.189: Failed to set text '  Calm Down - Rema & Selena G' from markup due to error parsing markup: Error on line 1: Entity did not end with a semicolon; most likely you used an ampersand character without intending to start an entity — escape ampersand as &amp;

(waybar:3096026): Gtk-WARNING **: 17:06:48.216: Failed to set text '  Calm Down - Rema & Selena G' from markup due to error parsing markup: Error on line 1: Entity did not end with a semicolon; most likely you used an ampersand character without intending to start an entity — escape ampersand as &amp;

(waybar:3096026): Gtk-WARNING **: 17:06:49.245: Failed to set text '  Calm Down - Rema & Selena G' from markup due to error parsing markup: Error on line 1: Entity did not end with a semicolon; most likely you used an ampersand character without intending to start an entity — escape ampersand as &amp;

(waybar:3096026): Gtk-WARNING **: 17:06:50.275: Failed to set text '  Calm Down - Rema & Selena G' from markup due to error parsing markup: Error on line 1: Entity did not end with a semicolon; most likely you used an ampersand character without intending to start an entity — escape ampersand as &amp;

(waybar:3096026): Gtk-WARNING **: 17:06:51.304: Failed to set text '  Calm Down - Rema & Selena G' from markup due to error parsing markup: Error on line 1: Entity did not end with a semicolon; most likely you used an ampersand character without intending to start an entity — escape ampersand as &amp;

(waybar:3096026): Gtk-WARNING **: 17:06:52.334: Failed to set text '  Calm Down - Rema & Selena G' from markup due to error parsing markup: Error on line 1: Entity did not end with a semicolon; most likely you used an ampersand character without intending to start an entity — escape ampersand as &amp;

(waybar:3096026): Gtk-WARNING **: 17:06:53.363: Failed to set text '  Calm Down - Rema & Selena G' from markup due to error parsing markup: Error on line 1: Entity did not end with a semicolon; most likely you used an ampersand character without intending to start an entity — escape ampersand as &amp;

(waybar:3096026): Gtk-WARNING **: 17:06:54.393: Failed to set text '  Calm Down - Rema & Selena G' from markup due to error parsing markup: Error on line 1: Entity did not end with a semicolon; most likely you used an ampersand character without intending to start an entity — escape ampersand as &amp;

(waybar:3096026): Gtk-WARNING **: 17:06:55.422: Failed to set text '  Calm Down - Rema & Selena G' from markup due to error parsing markup: Error on line 1: Entity did not end with a semicolon; most likely you used an ampersand character without intending to start an entity — escape ampersand as &amp;

(waybar:3096026): Gtk-WARNING **: 17:06:56.452: Failed to set text '  Calm Down - Rema & Selena G' from markup due to error parsing markup: Error on line 1: Entity did not end with a semicolon; most likely you used an ampersand character without intending to start an entity — escape ampersand as &amp;

(waybar:3096026): Gtk-WARNING **: 17:06:57.482: Failed to set text '  Calm Down - Rema & Selena G' from markup due to error parsing markup: Error on line 1: Entity did not end with a semicolon; most likely you used an ampersand character without intending to start an entity — escape ampersand as &amp;

(waybar:3096026): Gtk-WARNING **: 17:06:58.511: Failed to set text '  Calm Down - Rema & Selena G' from markup due to error parsing markup: Error on line 1: Entity did not end with a semicolon; most likely you used an ampersand character without intending to start an entity — escape ampersand as &amp;

(waybar:3096026): Gtk-WARNING **: 17:06:59.540: Failed to set text '  Calm Down - Rema & Selena G' from markup due to error parsing markup: Error on line 1: Entity did not end with a semicolon; most likely you used an ampersand character without intending to start an entity — escape ampersand as &amp;

(waybar:3096026): Gtk-WARNING **: 17:07:00.568: Failed to set text '  Calm Down - Rema & Selena G' from markup due to error parsing markup: Error on line 1: Entity did not end with a semicolon; most likely you used an ampersand character without intending to start an entity — escape ampersand as &amp;

(waybar:3096026): Gtk-WARNING **: 17:07:01.596: Failed to set text '  Calm Down - Rema & Selena G' from markup due to error parsing markup: Error on line 1: Entity did not end with a semicolon; most likely you used an ampersand character without intending to start an entity — escape ampersand as &amp;

(waybar:3096026): Gtk-WARNING **: 17:07:02.624: Failed to set text '  Calm Down - Rema & Selena G' from markup due to error parsing markup: Error on line 1: Entity did not end with a semicolon; most likely you used an ampersand character without intending to start an entity — escape ampersand as &amp;

(waybar:3096026): Gtk-WARNING **: 17:07:03.653: Failed to set text '  Calm Down - Rema & Selena G' from markup due to error parsing markup: Error on line 1: Entity did not end with a semicolon; most likely you used an ampersand character without intending to start an entity — escape ampersand as &amp;

(waybar:3096026): Gtk-WARNING **: 17:07:04.683: Failed to set text '  Calm Down - Rema & Selena G' from markup due to error parsing markup: Error on line 1: Entity did not end with a semicolon; most likely you used an ampersand character without intending to start an entity — escape ampersand as &amp;

(waybar:3096026): Gtk-WARNING **: 17:07:05.712: Failed to set text '  Calm Down - Rema & Selena G' from markup due to error parsing markup: Error on line 1: Entity did not end with a semicolon; most likely you used an ampersand character without intending to start an entity — escape ampersand as &amp;

(waybar:3096026): Gtk-WARNING **: 17:07:06.740: Failed to set text '  Calm Down - Rema & Selena G' from markup due to error parsing markup: Error on line 1: Entity did not end with a semicolon; most likely you used an ampersand character without intending to start an entity — escape ampersand as &amp;

(waybar:3096026): Gtk-WARNING **: 17:07:07.772: Failed to set text '  Calm Down - Rema & Selena G' from markup due to error parsing markup: Error on line 1: Entity did not end with a semicolon; most likely you used an ampersand character without intending to start an entity — escape ampersand as &amp;

(waybar:3096026): Gtk-WARNING **: 17:07:08.801: Failed to set text '  Calm Down - Rema & Selena G' from markup due to error parsing markup: Error on line 1: Entity did not end with a semicolon; most likely you used an ampersand character without intending to start an entity — escape ampersand as &amp;

(waybar:3096026): Gtk-WARNING **: 17:07:09.831: Failed to set text '  Calm Down - Rema & Selena G' from markup due to error parsing markup: Error on line 1: Entity did not end with a semicolon; most likely you used an ampersand character without intending to start an entity — escape ampersand as &amp;

(waybar:3096026): Gtk-WARNING **: 17:07:10.860: Failed to set text '  Calm Down - Rema & Selena G' from markup due to error parsing markup: Error on line 1: Entity did not end with a semicolon; most likely you used an ampersand character without intending to start an entity — escape ampersand as &amp;

(waybar:3096026): Gtk-WARNING **: 17:07:11.893: Failed to set text '  Calm Down - Rema & Selena G' from markup due to error parsing markup: Error on line 1: Entity did not end with a semicolon; most likely you used an ampersand character without intending to start an entity — escape ampersand as &amp;

(waybar:3096026): Gtk-WARNING **: 17:07:12.922: Failed to set text '  Calm Down - Rema & Selena G' from markup due to error parsing markup: Error on line 1: Entity did not end with a semicolon; most likely you used an ampersand character without intending to start an entity — escape ampersand as &amp;

(waybar:3096026): Gtk-WARNING **: 17:07:13.952: Failed to set text '  Calm Down - Rema & Selena G' from markup due to error parsing markup: Error on line 1: Entity did not end with a semicolon; most likely you used an ampersand character without intending to start an entity — escape ampersand as &amp;

(waybar:3096026): Gtk-WARNING **: 17:07:14.981: Failed to set text '  Calm Down - Rema & Selena G' from markup due to error parsing markup: Error on line 1: Entity did not end with a semicolon; most likely you used an ampersand character without intending to start an entity — escape ampersand as &amp;

(waybar:3096026): Gtk-WARNING **: 17:07:16.012: Failed to set text '  Calm Down - Rema & Selena G' from markup due to error parsing markup: Error on line 1: Entity did not end with a semicolon; most likely you used an ampersand character without intending to start an entity — escape ampersand as &amp;

(waybar:3096026): Gtk-WARNING **: 17:07:17.042: Failed to set text '  Calm Down - Rema & Selena G' from markup due to error parsing markup: Error on line 1: Entity did not end with a semicolon; most likely you used an ampersand character without intending to start an entity — escape ampersand as &amp;

(waybar:3096026): Gtk-WARNING **: 17:07:18.072: Failed to set text '  Calm Down - Rema & Selena G' from markup due to error parsing markup: Error on line 1: Entity did not end with a semicolon; most likely you used an ampersand character without intending to start an entity — escape ampersand as &amp;

(waybar:3096026): Gtk-WARNING **: 17:07:19.103: Failed to set text '  Calm Down - Rema & Selena G' from markup due to error parsing markup: Error on line 1: Entity did not end with a semicolon; most likely you used an ampersand character without intending to start an entity — escape ampersand as &amp;

(waybar:3096026): Gtk-WARNING **: 17:07:20.132: Failed to set text '  Calm Down - Rema & Selena G' from markup due to error parsing markup: Error on line 1: Entity did not end with a semicolon; most likely you used an ampersand character without intending to start an entity — escape ampersand as &amp;

(waybar:3096026): Gtk-WARNING **: 17:07:21.161: Failed to set text '  Calm Down - Rema & Selena G' from markup due to error parsing markup: Error on line 1: Entity did not end with a semicolon; most likely you used an ampersand character without intending to start an entity — escape ampersand as &amp;

(waybar:3096026): Gtk-WARNING **: 17:07:22.191: Failed to set text '  Calm Down - Rema & Selena G' from markup due to error parsing markup: Error on line 1: Entity did not end with a semicolon; most likely you used an ampersand character without intending to start an entity — escape ampersand as &amp;

(waybar:3096026): Gtk-WARNING **: 17:07:23.220: Failed to set text '  Calm Down - Rema & Selena G' from markup due to error parsing markup: Error on line 1: Entity did not end with a semicolon; most likely you used an ampersand character without intending to start an entity — escape ampersand as &amp;

(waybar:3096026): Gtk-WARNING **: 17:07:24.250: Failed to set text '  Calm Down - Rema & Selena G' from markup due to error parsing markup: Error on line 1: Entity did not end with a semicolon; most likely you used an ampersand character without intending to start an entity — escape ampersand as &amp;

(waybar:3096026): Gtk-WARNING **: 17:07:25.282: Failed to set text '  Calm Down - Rema & Selena G' from markup due to error parsing markup: Error on line 1: Entity did not end with a semicolon; most likely you used an ampersand character without intending to start an entity — escape ampersand as &amp;

(waybar:3096026): Gtk-WARNING **: 17:07:26.313: Failed to set text '  Calm Down - Rema & Selena G' from markup due to error parsing markup: Error on line 1: Entity did not end with a semicolon; most likely you used an ampersand character without intending to start an entity — escape ampersand as &amp;

(waybar:3096026): Gtk-WARNING **: 17:07:27.342: Failed to set text '  Calm Down - Rema & Selena G' from markup due to error parsing markup: Error on line 1: Entity did not end with a semicolon; most likely you used an ampersand character without intending to start an entity — escape ampersand as &amp;

(waybar:3096026): Gtk-WARNING **: 17:07:28.371: Failed to set text '  Calm Down - Rema & Selena G' from markup due to error parsing markup: Error on line 1: Entity did not end with a semicolon; most likely you used an ampersand character without intending to start an entity — escape ampersand as &amp;

(waybar:3096026): Gtk-WARNING **: 17:07:29.402: Failed to set text '  Calm Down - Rema & Selena G' from markup due to error parsing markup: Error on line 1: Entity did not end with a semicolon; most likely you used an ampersand character without intending to start an entity — escape ampersand as &amp;

(waybar:3096026): Gtk-WARNING **: 17:07:30.431: Failed to set text '  Calm Down - Rema & Selena G' from markup due to error parsing markup: Error on line 1: Entity did not end with a semicolon; most likely you used an ampersand character without intending to start an entity — escape ampersand as &amp;

(waybar:3096026): Gtk-WARNING **: 17:07:31.461: Failed to set text '  Calm Down - Rema & Selena G' from markup due to error parsing markup: Error on line 1: Entity did not end with a semicolon; most likely you used an ampersand character without intending to start an entity — escape ampersand as &amp;

(waybar:3096026): Gtk-WARNING **: 17:07:32.490: Failed to set text '  Calm Down - Rema & Selena G' from markup due to error parsing markup: Error on line 1: Entity did not end with a semicolon; most likely you used an ampersand character without intending to start an entity — escape ampersand as &amp;

(waybar:3096026): Gtk-WARNING **: 17:07:33.518: Failed to set text '  Calm Down - Rema & Selena G' from markup due to error parsing markup: Error on line 1: Entity did not end with a semicolon; most likely you used an ampersand character without intending to start an entity — escape ampersand as &amp;

(waybar:3096026): Gtk-WARNING **: 17:07:34.548: Failed to set text '  Calm Down - Rema & Selena G' from markup due to error parsing markup: Error on line 1: Entity did not end with a semicolon; most likely you used an ampersand character without intending to start an entity — escape ampersand as &amp;

(waybar:3096026): Gtk-WARNING **: 17:07:35.577: Failed to set text '  Calm Down - Rema & Selena G' from markup due to error parsing markup: Error on line 1: Entity did not end with a semicolon; most likely you used an ampersand character without intending to start an entity — escape ampersand as &amp;

(waybar:3096026): Gtk-WARNING **: 17:07:36.606: Failed to set text '  Calm Down - Rema & Selena G' from markup due to error parsing markup: Error on line 1: Entity did not end with a semicolon; most likely you used an ampersand character without intending to start an entity — escape ampersand as &amp;

(waybar:3096026): Gtk-WARNING **: 17:07:37.636: Failed to set text '  Calm Down - Rema & Selena G' from markup due to error parsing markup: Error on line 1: Entity did not end with a semicolon; most likely you used an ampersand character without intending to start an entity — escape ampersand as &amp;

(waybar:3096026): Gtk-WARNING **: 17:07:38.664: Failed to set text '  Calm Down - Rema & Selena G' from markup due to error parsing markup: Error on line 1: Entity did not end with a semicolon; most likely you used an ampersand character without intending to start an entity — escape ampersand as &amp;

(waybar:3096026): Gtk-WARNING **: 17:07:39.694: Failed to set text '  Calm Down - Rema & Selena G' from markup due to error parsing markup: Error on line 1: Entity did not end with a semicolon; most likely you used an ampersand character without intending to start an entity — escape ampersand as &amp;

(waybar:3096026): Gtk-WARNING **: 17:07:40.724: Failed to set text '  Calm Down - Rema & Selena G' from markup due to error parsing markup: Error on line 1: Entity did not end with a semicolon; most likely you used an ampersand character without intending to start an entity — escape ampersand as &amp;

(waybar:3096026): Gtk-WARNING **: 17:07:41.753: Failed to set text '  Calm Down - Rema & Selena G' from markup due to error parsing markup: Error on line 1: Entity did not end with a semicolon; most likely you used an ampersand character without intending to start an entity — escape ampersand as &amp;

(waybar:3096026): Gtk-WARNING **: 17:07:42.781: Failed to set text '  Calm Down - Rema & Selena G' from markup due to error parsing markup: Error on line 1: Entity did not end with a semicolon; most likely you used an ampersand character without intending to start an entity — escape ampersand as &amp;

(waybar:3096026): Gtk-WARNING **: 17:07:43.813: Failed to set text '  Calm Down - Rema & Selena G' from markup due to error parsing markup: Error on line 1: Entity did not end with a semicolon; most likely you used an ampersand character without intending to start an entity — escape ampersand as &amp;

(waybar:3096026): Gtk-WARNING **: 17:07:44.843: Failed to set text '  Calm Down - Rema & Selena G' from markup due to error parsing markup: Error on line 1: Entity did not end with a semicolon; most likely you used an ampersand character without intending to start an entity — escape ampersand as &amp;

(waybar:3096026): Gtk-WARNING **: 17:07:45.873: Failed to set text '  Calm Down - Rema & Selena G' from markup due to error parsing markup: Error on line 1: Entity did not end with a semicolon; most likely you used an ampersand character without intending to start an entity — escape ampersand as &amp;

(waybar:3096026): Gtk-WARNING **: 17:07:46.902: Failed to set text '  Calm Down - Rema & Selena G' from markup due to error parsing markup: Error on line 1: Entity did not end with a semicolon; most likely you used an ampersand character without intending to start an entity — escape ampersand as &amp;

(waybar:3096026): Gtk-WARNING **: 17:07:47.933: Failed to set text '  Calm Down - Rema & Selena G' from markup due to error parsing markup: Error on line 1: Entity did not end with a semicolon; most likely you used an ampersand character without intending to start an entity — escape ampersand as &amp;

(waybar:3096026): Gtk-WARNING **: 17:07:48.963: Failed to set text '  Calm Down - Rema & Selena G' from markup due to error parsing markup: Error on line 1: Entity did not end with a semicolon; most likely you used an ampersand character without intending to start an entity — escape ampersand as &amp;

(waybar:3096026): Gtk-WARNING **: 17:07:49.993: Failed to set text '  Calm Down - Rema & Selena G' from markup due to error parsing markup: Error on line 1: Entity did not end with a semicolon; most likely you used an ampersand character without intending to start an entity — escape ampersand as &amp;

(waybar:3096026): Gtk-WARNING **: 17:07:51.021: Failed to set text '  Calm Down - Rema & Selena G' from markup due to error parsing markup: Error on line 1: Entity did not end with a semicolon; most likely you used an ampersand character without intending to start an entity — escape ampersand as &amp;

(waybar:3096026): Gtk-WARNING **: 17:07:52.050: Failed to set text '  Calm Down - Rema & Selena G' from markup due to error parsing markup: Error on line 1: Entity did not end with a semicolon; most likely you used an ampersand character without intending to start an entity — escape ampersand as &amp;

(waybar:3096026): Gtk-WARNING **: 17:07:53.081: Failed to set text '  Calm Down - Rema & Selena G' from markup due to error parsing markup: Error on line 1: Entity did not end with a semicolon; most likely you used an ampersand character without intending to start an entity — escape ampersand as &amp;

(waybar:3096026): Gtk-WARNING **: 17:07:54.110: Failed to set text '  Calm Down - Rema & Selena G' from markup due to error parsing markup: Error on line 1: Entity did not end with a semicolon; most likely you used an ampersand character without intending to start an entity — escape ampersand as &amp;

(waybar:3096026): Gtk-WARNING **: 17:07:55.140: Failed to set text '  Calm Down - Rema & Selena G' from markup due to error parsing markup: Error on line 1: Entity did not end with a semicolon; most likely you used an ampersand character without intending to start an entity — escape ampersand as &amp;

(waybar:3096026): Gtk-WARNING **: 17:07:56.169: Failed to set text '  Calm Down - Rema & Selena G' from markup due to error parsing markup: Error on line 1: Entity did not end with a semicolon; most likely you used an ampersand character without intending to start an entity — escape ampersand as &amp;

(waybar:3096026): Gtk-WARNING **: 17:07:57.199: Failed to set text '  Calm Down - Rema & Selena G' from markup due to error parsing markup: Error on line 1: Entity did not end with a semicolon; most likely you used an ampersand character without intending to start an entity — escape ampersand as &amp;

(waybar:3096026): Gtk-WARNING **: 17:07:58.227: Failed to set text '  Calm Down - Rema & Selena G' from markup due to error parsing markup: Error on line 1: Entity did not end with a semicolon; most likely you used an ampersand character without intending to start an entity — escape ampersand as &amp;

(waybar:3096026): Gtk-WARNING **: 17:07:59.256: Failed to set text '  Calm Down - Rema & Selena G' from markup due to error parsing markup: Error on line 1: Entity did not end with a semicolon; most likely you used an ampersand character without intending to start an entity — escape ampersand as &amp;

(waybar:3096026): Gtk-WARNING **: 17:08:00.286: Failed to set text '  Calm Down - Rema & Selena G' from markup due to error parsing markup: Error on line 1: Entity did not end with a semicolon; most likely you used an ampersand character without intending to start an entity — escape ampersand as &amp;

(waybar:3096026): Gtk-WARNING **: 17:08:01.315: Failed to set text '  Calm Down - Rema & Selena G' from markup due to error parsing markup: Error on line 1: Entity did not end with a semicolon; most likely you used an ampersand character without intending to start an entity — escape ampersand as &amp;

(waybar:3096026): Gtk-WARNING **: 17:08:02.343: Failed to set text '  Calm Down - Rema & Selena G' from markup due to error parsing markup: Error on line 1: Entity did not end with a semicolon; most likely you used an ampersand character without intending to start an entity — escape ampersand as &amp;

(waybar:3096026): Gtk-WARNING **: 17:08:03.373: Failed to set text '  Calm Down - Rema & Selena G' from markup due to error parsing markup: Error on line 1: Entity did not end with a semicolon; most likely you used an ampersand character without intending to start an entity — escape ampersand as &amp;

(waybar:3096026): Gtk-WARNING **: 17:08:04.403: Failed to set text '  Calm Down - Rema & Selena G' from markup due to error parsing markup: Error on line 1: Entity did not end with a semicolon; most likely you used an ampersand character without intending to start an entity — escape ampersand as &amp;

(waybar:3096026): Gtk-WARNING **: 17:08:05.431: Failed to set text '  Calm Down - Rema & Selena G' from markup due to error parsing markup: Error on line 1: Entity did not end with a semicolon; most likely you used an ampersand character without intending to start an entity — escape ampersand as &amp;

(waybar:3096026): Gtk-WARNING **: 17:08:06.460: Failed to set text '  Calm Down - Rema & Selena G' from markup due to error parsing markup: Error on line 1: Entity did not end with a semicolon; most likely you used an ampersand character without intending to start an entity — escape ampersand as &amp;

(waybar:3096026): Gtk-WARNING **: 17:08:07.489: Failed to set text '  Calm Down - Rema & Selena G' from markup due to error parsing markup: Error on line 1: Entity did not end with a semicolon; most likely you used an ampersand character without intending to start an entity — escape ampersand as &amp;

(waybar:3096026): Gtk-WARNING **: 17:08:08.519: Failed to set text '  Calm Down - Rema & Selena G' from markup due to error parsing markup: Error on line 1: Entity did not end with a semicolon; most likely you used an ampersand character without intending to start an entity — escape ampersand as &amp;

(waybar:3096026): Gtk-WARNING **: 17:08:09.547: Failed to set text '  Calm Down - Rema & Selena G' from markup due to error parsing markup: Error on line 1: Entity did not end with a semicolon; most likely you used an ampersand character without intending to start an entity — escape ampersand as &amp;

(waybar:3096026): Gtk-WARNING **: 17:08:10.576: Failed to set text '  Calm Down - Rema & Selena G' from markup due to error parsing markup: Error on line 1: Entity did not end with a semicolon; most likely you used an ampersand character without intending to start an entity — escape ampersand as &amp;

(waybar:3096026): Gtk-WARNING **: 17:08:11.605: Failed to set text '  Calm Down - Rema & Selena G' from markup due to error parsing markup: Error on line 1: Entity did not end with a semicolon; most likely you used an ampersand character without intending to start an entity — escape ampersand as &amp;

(waybar:3096026): Gtk-WARNING **: 17:08:12.634: Failed to set text '  Calm Down - Rema & Selena G' from markup due to error parsing markup: Error on line 1: Entity did not end with a semicolon; most likely you used an ampersand character without intending to start an entity — escape ampersand as &amp;

(waybar:3096026): Gtk-WARNING **: 17:08:13.664: Failed to set text '  Calm Down - Rema & Selena G' from markup due to error parsing markup: Error on line 1: Entity did not end with a semicolon; most likely you used an ampersand character without intending to start an entity — escape ampersand as &amp;

(waybar:3096026): Gtk-WARNING **: 17:08:14.695: Failed to set text '  Calm Down - Rema & Selena G' from markup due to error parsing markup: Error on line 1: Entity did not end with a semicolon; most likely you used an ampersand character without intending to start an entity — escape ampersand as &amp;

(waybar:3096026): Gtk-WARNING **: 17:08:15.724: Failed to set text '  Calm Down - Rema & Selena G' from markup due to error parsing markup: Error on line 1: Entity did not end with a semicolon; most likely you used an ampersand character without intending to start an entity — escape ampersand as &amp;

(waybar:3096026): Gtk-WARNING **: 17:08:16.752: Failed to set text '  Calm Down - Rema & Selena G' from markup due to error parsing markup: Error on line 1: Entity did not end with a semicolon; most likely you used an ampersand character without intending to start an entity — escape ampersand as &amp;

(waybar:3096026): Gtk-WARNING **: 17:08:17.781: Failed to set text '  Calm Down - Rema & Selena G' from markup due to error parsing markup: Error on line 1: Entity did not end with a semicolon; most likely you used an ampersand character without intending to start an entity — escape ampersand as &amp;

(waybar:3096026): Gtk-WARNING **: 17:08:18.810: Failed to set text '  Calm Down - Rema & Selena G' from markup due to error parsing markup: Error on line 1: Entity did not end with a semicolon; most likely you used an ampersand character without intending to start an entity — escape ampersand as &amp;

(waybar:3096026): Gtk-WARNING **: 17:08:19.838: Failed to set text '  Calm Down - Rema & Selena G' from markup due to error parsing markup: Error on line 1: Entity did not end with a semicolon; most likely you used an ampersand character without intending to start an entity — escape ampersand as &amp;

(waybar:3096026): Gtk-WARNING **: 17:08:20.867: Failed to set text '  Calm Down - Rema & Selena G' from markup due to error parsing markup: Error on line 1: Entity did not end with a semicolon; most likely you used an ampersand character without intending to start an entity — escape ampersand as &amp;

(waybar:3096026): Gtk-WARNING **: 17:08:21.897: Failed to set text '  Calm Down - Rema & Selena G' from markup due to error parsing markup: Error on line 1: Entity did not end with a semicolon; most likely you used an ampersand character without intending to start an entity — escape ampersand as &amp;

(waybar:3096026): Gtk-WARNING **: 17:08:22.928: Failed to set text '  Calm Down - Rema & Selena G' from markup due to error parsing markup: Error on line 1: Entity did not end with a semicolon; most likely you used an ampersand character without intending to start an entity — escape ampersand as &amp;

(waybar:3096026): Gtk-WARNING **: 17:08:23.960: Failed to set text '  Calm Down - Rema & Selena G' from markup due to error parsing markup: Error on line 1: Entity did not end with a semicolon; most likely you used an ampersand character without intending to start an entity — escape ampersand as &amp;

(waybar:3096026): Gtk-WARNING **: 17:08:24.989: Failed to set text '  Calm Down - Rema & Selena G' from markup due to error parsing markup: Error on line 1: Entity did not end with a semicolon; most likely you used an ampersand character without intending to start an entity — escape ampersand as &amp;

(waybar:3096026): Gtk-WARNING **: 17:08:26.019: Failed to set text '  Calm Down - Rema & Selena G' from markup due to error parsing markup: Error on line 1: Entity did not end with a semicolon; most likely you used an ampersand character without intending to start an entity — escape ampersand as &amp;

(waybar:3096026): Gtk-WARNING **: 17:08:27.051: Failed to set text '  Calm Down - Rema & Selena G' from markup due to error parsing markup: Error on line 1: Entity did not end with a semicolon; most likely you used an ampersand character without intending to start an entity — escape ampersand as &amp;

(waybar:3096026): Gtk-WARNING **: 17:08:28.079: Failed to set text '  Calm Down - Rema & Selena G' from markup due to error parsing markup: Error on line 1: Entity did not end with a semicolon; most likely you used an ampersand character without intending to start an entity — escape ampersand as &amp;

(waybar:3096026): Gtk-WARNING **: 17:08:29.108: Failed to set text '  Calm Down - Rema & Selena G' from markup due to error parsing markup: Error on line 1: Entity did not end with a semicolon; most likely you used an ampersand character without intending to start an entity — escape ampersand as &amp;

(waybar:3096026): Gtk-WARNING **: 17:08:30.138: Failed to set text '  Calm Down - Rema & Selena G' from markup due to error parsing markup: Error on line 1: Entity did not end with a semicolon; most likely you used an ampersand character without intending to start an entity — escape ampersand as &amp;

(waybar:3096026): Gtk-WARNING **: 17:08:31.169: Failed to set text '  Calm Down - Rema & Selena G' from markup due to error parsing markup: Error on line 1: Entity did not end with a semicolon; most likely you used an ampersand character without intending to start an entity — escape ampersand as &amp;

(waybar:3096026): Gtk-WARNING **: 17:08:32.200: Failed to set text '  Calm Down - Rema & Selena G' from markup due to error parsing markup: Error on line 1: Entity did not end with a semicolon; most likely you used an ampersand character without intending to start an entity — escape ampersand as &amp;

(waybar:3096026): Gtk-WARNING **: 17:08:33.229: Failed to set text '  Calm Down - Rema & Selena G' from markup due to error parsing markup: Error on line 1: Entity did not end with a semicolon; most likely you used an ampersand character without intending to start an entity — escape ampersand as &amp;

(waybar:3096026): Gtk-WARNING **: 17:08:34.258: Failed to set text '  Calm Down - Rema & Selena G' from markup due to error parsing markup: Error on line 1: Entity did not end with a semicolon; most likely you used an ampersand character without intending to start an entity — escape ampersand as &amp;

(waybar:3096026): Gtk-WARNING **: 17:08:35.287: Failed to set text '  Calm Down - Rema & Selena G' from markup due to error parsing markup: Error on line 1: Entity did not end with a semicolon; most likely you used an ampersand character without intending to start an entity — escape ampersand as &amp;

(waybar:3096026): Gtk-WARNING **: 17:08:36.315: Failed to set text '  Calm Down - Rema & Selena G' from markup due to error parsing markup: Error on line 1: Entity did not end with a semicolon; most likely you used an ampersand character without intending to start an entity — escape ampersand as &amp;

(waybar:3096026): Gtk-WARNING **: 17:08:37.345: Failed to set text '  Calm Down - Rema & Selena G' from markup due to error parsing markup: Error on line 1: Entity did not end with a semicolon; most likely you used an ampersand character without intending to start an entity — escape ampersand as &amp;

(waybar:3096026): Gtk-WARNING **: 17:08:38.375: Failed to set text '  Calm Down - Rema & Selena G' from markup due to error parsing markup: Error on line 1: Entity did not end with a semicolon; most likely you used an ampersand character without intending to start an entity — escape ampersand as &amp;

(waybar:3096026): Gtk-WARNING **: 17:08:39.405: Failed to set text '  Calm Down - Rema & Selena G' from markup due to error parsing markup: Error on line 1: Entity did not end with a semicolon; most likely you used an ampersand character without intending to start an entity — escape ampersand as &amp;

(waybar:3096026): Gtk-WARNING **: 17:08:40.434: Failed to set text '  Calm Down - Rema & Selena G' from markup due to error parsing markup: Error on line 1: Entity did not end with a semicolon; most likely you used an ampersand character without intending to start an entity — escape ampersand as &amp;

(waybar:3096026): Gtk-WARNING **: 17:08:41.464: Failed to set text '  Calm Down - Rema & Selena G' from markup due to error parsing markup: Error on line 1: Entity did not end with a semicolon; most likely you used an ampersand character without intending to start an entity — escape ampersand as &amp;

(waybar:3096026): Gtk-WARNING **: 17:08:42.494: Failed to set text '  Calm Down - Rema & Selena G' from markup due to error parsing markup: Error on line 1: Entity did not end with a semicolon; most likely you used an ampersand character without intending to start an entity — escape ampersand as &amp;

(waybar:3096026): Gtk-WARNING **: 17:08:43.524: Failed to set text '  Calm Down - Rema & Selena G' from markup due to error parsing markup: Error on line 1: Entity did not end with a semicolon; most likely you used an ampersand character without intending to start an entity — escape ampersand as &amp;

(waybar:3096026): Gtk-WARNING **: 17:08:44.552: Failed to set text '  Calm Down - Rema & Selena G' from markup due to error parsing markup: Error on line 1: Entity did not end with a semicolon; most likely you used an ampersand character without intending to start an entity — escape ampersand as &amp;

(waybar:3096026): Gtk-WARNING **: 17:08:45.582: Failed to set text '  Calm Down - Rema & Selena G' from markup due to error parsing markup: Error on line 1: Entity did not end with a semicolon; most likely you used an ampersand character without intending to start an entity — escape ampersand as &amp;

(waybar:3096026): Gtk-WARNING **: 17:08:46.610: Failed to set text '  Calm Down - Rema & Selena G' from markup due to error parsing markup: Error on line 1: Entity did not end with a semicolon; most likely you used an ampersand character without intending to start an entity — escape ampersand as &amp;

(waybar:3096026): Gtk-WARNING **: 17:08:47.638: Failed to set text '  Calm Down - Rema & Selena G' from markup due to error parsing markup: Error on line 1: Entity did not end with a semicolon; most likely you used an ampersand character without intending to start an entity — escape ampersand as &amp;

(waybar:3096026): Gtk-WARNING **: 17:08:48.666: Failed to set text '  Calm Down - Rema & Selena G' from markup due to error parsing markup: Error on line 1: Entity did not end with a semicolon; most likely you used an ampersand character without intending to start an entity — escape ampersand as &amp;

(waybar:3096026): Gtk-WARNING **: 17:08:49.698: Failed to set text '  Calm Down - Rema & Selena G' from markup due to error parsing markup: Error on line 1: Entity did not end with a semicolon; most likely you used an ampersand character without intending to start an entity — escape ampersand as &amp;

(waybar:3096026): Gtk-WARNING **: 17:08:50.727: Failed to set text '  Calm Down - Rema & Selena G' from markup due to error parsing markup: Error on line 1: Entity did not end with a semicolon; most likely you used an ampersand character without intending to start an entity — escape ampersand as &amp;

(waybar:3096026): Gtk-WARNING **: 17:08:51.756: Failed to set text '  Calm Down - Rema & Selena G' from markup due to error parsing markup: Error on line 1: Entity did not end with a semicolon; most likely you used an ampersand character without intending to start an entity — escape ampersand as &amp;

(waybar:3096026): Gtk-WARNING **: 17:08:52.785: Failed to set text '  Calm Down - Rema & Selena G' from markup due to error parsing markup: Error on line 1: Entity did not end with a semicolon; most likely you used an ampersand character without intending to start an entity — escape ampersand as &amp;

(waybar:3096026): Gtk-WARNING **: 17:08:53.815: Failed to set text '  Calm Down - Rema & Selena G' from markup due to error parsing markup: Error on line 1: Entity did not end with a semicolon; most likely you used an ampersand character without intending to start an entity — escape ampersand as &amp;

(waybar:3096026): Gtk-WARNING **: 17:08:54.844: Failed to set text '  Calm Down - Rema & Selena G' from markup due to error parsing markup: Error on line 1: Entity did not end with a semicolon; most likely you used an ampersand character without intending to start an entity — escape ampersand as &amp;

(waybar:3096026): Gtk-WARNING **: 17:08:55.872: Failed to set text '  Calm Down - Rema & Selena G' from markup due to error parsing markup: Error on line 1: Entity did not end with a semicolon; most likely you used an ampersand character without intending to start an entity — escape ampersand as &amp;

(waybar:3096026): Gtk-WARNING **: 17:08:56.900: Failed to set text '  Calm Down - Rema & Selena G' from markup due to error parsing markup: Error on line 1: Entity did not end with a semicolon; most likely you used an ampersand character without intending to start an entity — escape ampersand as &amp;

(waybar:3096026): Gtk-WARNING **: 17:08:57.929: Failed to set text '  Calm Down - Rema & Selena G' from markup due to error parsing markup: Error on line 1: Entity did not end with a semicolon; most likely you used an ampersand character without intending to start an entity — escape ampersand as &amp;

(waybar:3096026): Gtk-WARNING **: 17:08:58.958: Failed to set text '  Calm Down - Rema & Selena G' from markup due to error parsing markup: Error on line 1: Entity did not end with a semicolon; most likely you used an ampersand character without intending to start an entity — escape ampersand as &amp;

(waybar:3096026): Gtk-WARNING **: 17:08:59.987: Failed to set text '  Calm Down - Rema & Selena G' from markup due to error parsing markup: Error on line 1: Entity did not end with a semicolon; most likely you used an ampersand character without intending to start an entity — escape ampersand as &amp;

(waybar:3096026): Gtk-WARNING **: 17:09:01.016: Failed to set text '  Calm Down - Rema & Selena G' from markup due to error parsing markup: Error on line 1: Entity did not end with a semicolon; most likely you used an ampersand character without intending to start an entity — escape ampersand as &amp;

(waybar:3096026): Gtk-WARNING **: 17:09:02.049: Failed to set text '  Calm Down - Rema & Selena G' from markup due to error parsing markup: Error on line 1: Entity did not end with a semicolon; most likely you used an ampersand character without intending to start an entity — escape ampersand as &amp;

(waybar:3096026): Gtk-WARNING **: 17:09:03.080: Failed to set text '  Calm Down - Rema & Selena G' from markup due to error parsing markup: Error on line 1: Entity did not end with a semicolon; most likely you used an ampersand character without intending to start an entity — escape ampersand as &amp;

(waybar:3096026): Gtk-WARNING **: 17:09:04.110: Failed to set text '  Calm Down - Rema & Selena G' from markup due to error parsing markup: Error on line 1: Entity did not end with a semicolon; most likely you used an ampersand character without intending to start an entity — escape ampersand as &amp;

(waybar:3096026): Gtk-WARNING **: 17:09:05.141: Failed to set text '  Calm Down - Rema & Selena G' from markup due to error parsing markup: Error on line 1: Entity did not end with a semicolon; most likely you used an ampersand character without intending to start an entity — escape ampersand as &amp;

(waybar:3096026): Gtk-WARNING **: 17:09:06.170: Failed to set text '  Calm Down - Rema & Selena G' from markup due to error parsing markup: Error on line 1: Entity did not end with a semicolon; most likely you used an ampersand character without intending to start an entity — escape ampersand as &amp;

(waybar:3096026): Gtk-WARNING **: 17:09:07.200: Failed to set text '  Calm Down - Rema & Selena G' from markup due to error parsing markup: Error on line 1: Entity did not end with a semicolon; most likely you used an ampersand character without intending to start an entity — escape ampersand as &amp;

(waybar:3096026): Gtk-WARNING **: 17:09:08.230: Failed to set text '  Calm Down - Rema & Selena G' from markup due to error parsing markup: Error on line 1: Entity did not end with a semicolon; most likely you used an ampersand character without intending to start an entity — escape ampersand as &amp;

(waybar:3096026): Gtk-WARNING **: 17:09:09.262: Failed to set text '  Calm Down - Rema & Selena G' from markup due to error parsing markup: Error on line 1: Entity did not end with a semicolon; most likely you used an ampersand character without intending to start an entity — escape ampersand as &amp;

(waybar:3096026): Gtk-WARNING **: 17:09:10.294: Failed to set text '  Calm Down - Rema & Selena G' from markup due to error parsing markup: Error on line 1: Entity did not end with a semicolon; most likely you used an ampersand character without intending to start an entity — escape ampersand as &amp;

(waybar:3096026): Gtk-WARNING **: 17:09:11.326: Failed to set text '  Calm Down - Rema & Selena G' from markup due to error parsing markup: Error on line 1: Entity did not end with a semicolon; most likely you used an ampersand character without intending to start an entity — escape ampersand as &amp;

(waybar:3096026): Gtk-WARNING **: 17:09:12.356: Failed to set text '  Calm Down - Rema & Selena G' from markup due to error parsing markup: Error on line 1: Entity did not end with a semicolon; most likely you used an ampersand character without intending to start an entity — escape ampersand as &amp;

(waybar:3096026): Gtk-WARNING **: 17:09:13.386: Failed to set text '  Calm Down - Rema & Selena G' from markup due to error parsing markup: Error on line 1: Entity did not end with a semicolon; most likely you used an ampersand character without intending to start an entity — escape ampersand as &amp;

(waybar:3096026): Gtk-WARNING **: 17:09:14.416: Failed to set text '  Calm Down - Rema & Selena G' from markup due to error parsing markup: Error on line 1: Entity did not end with a semicolon; most likely you used an ampersand character without intending to start an entity — escape ampersand as &amp;

(waybar:3096026): Gtk-WARNING **: 17:09:15.444: Failed to set text '  Calm Down - Rema & Selena G' from markup due to error parsing markup: Error on line 1: Entity did not end with a semicolon; most likely you used an ampersand character without intending to start an entity — escape ampersand as &amp;

(waybar:3096026): Gtk-WARNING **: 17:09:16.472: Failed to set text '  Calm Down - Rema & Selena G' from markup due to error parsing markup: Error on line 1: Entity did not end with a semicolon; most likely you used an ampersand character without intending to start an entity — escape ampersand as &amp;

(waybar:3096026): Gtk-WARNING **: 17:09:17.500: Failed to set text '  Calm Down - Rema & Selena G' from markup due to error parsing markup: Error on line 1: Entity did not end with a semicolon; most likely you used an ampersand character without intending to start an entity — escape ampersand as &amp;

(waybar:3096026): Gtk-WARNING **: 17:09:18.529: Failed to set text '  Calm Down - Rema & Selena G' from markup due to error parsing markup: Error on line 1: Entity did not end with a semicolon; most likely you used an ampersand character without intending to start an entity — escape ampersand as &amp;

(waybar:3096026): Gtk-WARNING **: 17:09:19.559: Failed to set text '  Calm Down - Rema & Selena G' from markup due to error parsing markup: Error on line 1: Entity did not end with a semicolon; most likely you used an ampersand character without intending to start an entity — escape ampersand as &amp;

(waybar:3096026): Gtk-WARNING **: 17:09:20.589: Failed to set text '  Calm Down - Rema & Selena G' from markup due to error parsing markup: Error on line 1: Entity did not end with a semicolon; most likely you used an ampersand character without intending to start an entity — escape ampersand as &amp;

(waybar:3096026): Gtk-WARNING **: 17:09:21.618: Failed to set text '  Calm Down - Rema & Selena G' from markup due to error parsing markup: Error on line 1: Entity did not end with a semicolon; most likely you used an ampersand character without intending to start an entity — escape ampersand as &amp;

(waybar:3096026): Gtk-WARNING **: 17:09:22.647: Failed to set text '  Calm Down - Rema & Selena G' from markup due to error parsing markup: Error on line 1: Entity did not end with a semicolon; most likely you used an ampersand character without intending to start an entity — escape ampersand as &amp;

(waybar:3096026): Gtk-WARNING **: 17:09:23.674: Failed to set text '  Calm Down - Rema & Selena G' from markup due to error parsing markup: Error on line 1: Entity did not end with a semicolon; most likely you used an ampersand character without intending to start an entity — escape ampersand as &amp;

(waybar:3096026): Gtk-WARNING **: 17:09:24.705: Failed to set text '  Calm Down - Rema & Selena G' from markup due to error parsing markup: Error on line 1: Entity did not end with a semicolon; most likely you used an ampersand character without intending to start an entity — escape ampersand as &amp;

(waybar:3096026): Gtk-WARNING **: 17:09:25.733: Failed to set text '  Calm Down - Rema & Selena G' from markup due to error parsing markup: Error on line 1: Entity did not end with a semicolon; most likely you used an ampersand character without intending to start an entity — escape ampersand as &amp;

(waybar:3096026): Gtk-WARNING **: 17:09:26.764: Failed to set text '  Calm Down - Rema & Selena G' from markup due to error parsing markup: Error on line 1: Entity did not end with a semicolon; most likely you used an ampersand character without intending to start an entity — escape ampersand as &amp;

(waybar:3096026): Gtk-WARNING **: 17:09:27.792: Failed to set text '  Calm Down - Rema & Selena G' from markup due to error parsing markup: Error on line 1: Entity did not end with a semicolon; most likely you used an ampersand character without intending to start an entity — escape ampersand as &amp;

(waybar:3096026): Gtk-WARNING **: 17:09:28.821: Failed to set text '  Calm Down - Rema & Selena G' from markup due to error parsing markup: Error on line 1: Entity did not end with a semicolon; most likely you used an ampersand character without intending to start an entity — escape ampersand as &amp;

(waybar:3096026): Gtk-WARNING **: 17:09:29.849: Failed to set text '  Calm Down - Rema & Selena G' from markup due to error parsing markup: Error on line 1: Entity did not end with a semicolon; most likely you used an ampersand character without intending to start an entity — escape ampersand as &amp;

(waybar:3096026): Gtk-WARNING **: 17:09:30.879: Failed to set text '  Calm Down - Rema & Selena G' from markup due to error parsing markup: Error on line 1: Entity did not end with a semicolon; most likely you used an ampersand character without intending to start an entity — escape ampersand as &amp;

(waybar:3096026): Gtk-WARNING **: 17:09:31.908: Failed to set text '  Calm Down - Rema & Selena G' from markup due to error parsing markup: Error on line 1: Entity did not end with a semicolon; most likely you used an ampersand character without intending to start an entity — escape ampersand as &amp;

(waybar:3096026): Gtk-WARNING **: 17:09:32.936: Failed to set text '  Calm Down - Rema & Selena G' from markup due to error parsing markup: Error on line 1: Entity did not end with a semicolon; most likely you used an ampersand character without intending to start an entity — escape ampersand as &amp;

(waybar:3096026): Gtk-WARNING **: 17:09:33.965: Failed to set text '  Calm Down - Rema & Selena G' from markup due to error parsing markup: Error on line 1: Entity did not end with a semicolon; most likely you used an ampersand character without intending to start an entity — escape ampersand as &amp;

(waybar:3096026): Gtk-WARNING **: 17:09:34.993: Failed to set text '  Calm Down - Rema & Selena G' from markup due to error parsing markup: Error on line 1: Entity did not end with a semicolon; most likely you used an ampersand character without intending to start an entity — escape ampersand as &amp;

(waybar:3096026): Gtk-WARNING **: 17:09:36.023: Failed to set text '  Calm Down - Rema & Selena G' from markup due to error parsing markup: Error on line 1: Entity did not end with a semicolon; most likely you used an ampersand character without intending to start an entity — escape ampersand as &amp;

(waybar:3096026): Gtk-WARNING **: 17:09:37.052: Failed to set text '  Calm Down - Rema & Selena G' from markup due to error parsing markup: Error on line 1: Entity did not end with a semicolon; most likely you used an ampersand character without intending to start an entity — escape ampersand as &amp;

(waybar:3096026): Gtk-WARNING **: 17:09:38.080: Failed to set text '  Calm Down - Rema & Selena G' from markup due to error parsing markup: Error on line 1: Entity did not end with a semicolon; most likely you used an ampersand character without intending to start an entity — escape ampersand as &amp;

(waybar:3096026): Gtk-WARNING **: 17:09:39.113: Failed to set text '  Calm Down - Rema & Selena G' from markup due to error parsing markup: Error on line 1: Entity did not end with a semicolon; most likely you used an ampersand character without intending to start an entity — escape ampersand as &amp;

(waybar:3096026): Gtk-WARNING **: 17:09:40.144: Failed to set text '  Calm Down - Rema & Selena G' from markup due to error parsing markup: Error on line 1: Entity did not end with a semicolon; most likely you used an ampersand character without intending to start an entity — escape ampersand as &amp;

(waybar:3096026): Gtk-WARNING **: 17:09:41.176: Failed to set text '  Calm Down - Rema & Selena G' from markup due to error parsing markup: Error on line 1: Entity did not end with a semicolon; most likely you used an ampersand character without intending to start an entity — escape ampersand as &amp;

(waybar:3096026): Gtk-WARNING **: 17:09:42.207: Failed to set text '  Calm Down - Rema & Selena G' from markup due to error parsing markup: Error on line 1: Entity did not end with a semicolon; most likely you used an ampersand character without intending to start an entity — escape ampersand as &amp;

(waybar:3096026): Gtk-WARNING **: 17:09:43.238: Failed to set text '  Calm Down - Rema & Selena G' from markup due to error parsing markup: Error on line 1: Entity did not end with a semicolon; most likely you used an ampersand character without intending to start an entity — escape ampersand as &amp;

(waybar:3096026): Gtk-WARNING **: 17:09:44.267: Failed to set text '  Calm Down - Rema & Selena G' from markup due to error parsing markup: Error on line 1: Entity did not end with a semicolon; most likely you used an ampersand character without intending to start an entity — escape ampersand as &amp;

(waybar:3096026): Gtk-WARNING **: 17:09:45.296: Failed to set text '  Calm Down - Rema & Selena G' from markup due to error parsing markup: Error on line 1: Entity did not end with a semicolon; most likely you used an ampersand character without intending to start an entity — escape ampersand as &amp;

(waybar:3096026): Gtk-WARNING **: 17:09:46.325: Failed to set text '  Calm Down - Rema & Selena G' from markup due to error parsing markup: Error on line 1: Entity did not end with a semicolon; most likely you used an ampersand character without intending to start an entity — escape ampersand as &amp;

(waybar:3096026): Gtk-WARNING **: 17:09:47.353: Failed to set text '  Calm Down - Rema & Selena G' from markup due to error parsing markup: Error on line 1: Entity did not end with a semicolon; most likely you used an ampersand character without intending to start an entity — escape ampersand as &amp;

(waybar:3096026): Gtk-WARNING **: 17:09:48.383: Failed to set text '  Calm Down - Rema & Selena G' from markup due to error parsing markup: Error on line 1: Entity did not end with a semicolon; most likely you used an ampersand character without intending to start an entity — escape ampersand as &amp;

(waybar:3096026): Gtk-WARNING **: 17:09:49.412: Failed to set text '  Calm Down - Rema & Selena G' from markup due to error parsing markup: Error on line 1: Entity did not end with a semicolon; most likely you used an ampersand character without intending to start an entity — escape ampersand as &amp;

(waybar:3096026): Gtk-WARNING **: 17:09:50.440: Failed to set text '  Calm Down - Rema & Selena G' from markup due to error parsing markup: Error on line 1: Entity did not end with a semicolon; most likely you used an ampersand character without intending to start an entity — escape ampersand as &amp;

(waybar:3096026): Gtk-WARNING **: 17:09:51.468: Failed to set text '  Calm Down - Rema & Selena G' from markup due to error parsing markup: Error on line 1: Entity did not end with a semicolon; most likely you used an ampersand character without intending to start an entity — escape ampersand as &amp;

(waybar:3096026): Gtk-WARNING **: 17:09:52.497: Failed to set text '  Calm Down - Rema & Selena G' from markup due to error parsing markup: Error on line 1: Entity did not end with a semicolon; most likely you used an ampersand character without intending to start an entity — escape ampersand as &amp;

(waybar:3096026): Gtk-WARNING **: 17:09:53.526: Failed to set text '  Calm Down - Rema & Selena G' from markup due to error parsing markup: Error on line 1: Entity did not end with a semicolon; most likely you used an ampersand character without intending to start an entity — escape ampersand as &amp;

(waybar:3096026): Gtk-WARNING **: 17:09:54.554: Failed to set text '  Calm Down - Rema & Selena G' from markup due to error parsing markup: Error on line 1: Entity did not end with a semicolon; most likely you used an ampersand character without intending to start an entity — escape ampersand as &amp;

(waybar:3096026): Gtk-WARNING **: 17:09:55.583: Failed to set text '  Calm Down - Rema & Selena G' from markup due to error parsing markup: Error on line 1: Entity did not end with a semicolon; most likely you used an ampersand character without intending to start an entity — escape ampersand as &amp;

(waybar:3096026): Gtk-WARNING **: 17:09:56.612: Failed to set text '  Calm Down - Rema & Selena G' from markup due to error parsing markup: Error on line 1: Entity did not end with a semicolon; most likely you used an ampersand character without intending to start an entity — escape ampersand as &amp;

(waybar:3096026): Gtk-WARNING **: 17:09:57.641: Failed to set text '  Calm Down - Rema & Selena G' from markup due to error parsing markup: Error on line 1: Entity did not end with a semicolon; most likely you used an ampersand character without intending to start an entity — escape ampersand as &amp;

(waybar:3096026): Gtk-WARNING **: 17:09:58.669: Failed to set text '  Calm Down - Rema & Selena G' from markup due to error parsing markup: Error on line 1: Entity did not end with a semicolon; most likely you used an ampersand character without intending to start an entity — escape ampersand as &amp;

(waybar:3096026): Gtk-WARNING **: 17:09:59.698: Failed to set text '  Calm Down - Rema & Selena G' from markup due to error parsing markup: Error on line 1: Entity did not end with a semicolon; most likely you used an ampersand character without intending to start an entity — escape ampersand as &amp;

(waybar:3096026): Gtk-WARNING **: 17:10:00.728: Failed to set text '  Calm Down - Rema & Selena G' from markup due to error parsing markup: Error on line 1: Entity did not end with a semicolon; most likely you used an ampersand character without intending to start an entity — escape ampersand as &amp;

(waybar:3096026): Gtk-WARNING **: 17:10:01.757: Failed to set text '  Calm Down - Rema & Selena G' from markup due to error parsing markup: Error on line 1: Entity did not end with a semicolon; most likely you used an ampersand character without intending to start an entity — escape ampersand as &amp;

(waybar:3096026): Gtk-WARNING **: 17:10:02.788: Failed to set text '  Calm Down - Rema & Selena G' from markup due to error parsing markup: Error on line 1: Entity did not end with a semicolon; most likely you used an ampersand character without intending to start an entity — escape ampersand as &amp;

(waybar:3096026): Gtk-WARNING **: 17:10:03.817: Failed to set text '  Calm Down - Rema & Selena G' from markup due to error parsing markup: Error on line 1: Entity did not end with a semicolon; most likely you used an ampersand character without intending to start an entity — escape ampersand as &amp;

(waybar:3096026): Gtk-WARNING **: 17:10:04.846: Failed to set text '  Calm Down - Rema & Selena G' from markup due to error parsing markup: Error on line 1: Entity did not end with a semicolon; most likely you used an ampersand character without intending to start an entity — escape ampersand as &amp;

(waybar:3096026): Gtk-WARNING **: 17:10:05.875: Failed to set text '  Calm Down - Rema & Selena G' from markup due to error parsing markup: Error on line 1: Entity did not end with a semicolon; most likely you used an ampersand character without intending to start an entity — escape ampersand as &amp;

(waybar:3096026): Gtk-WARNING **: 17:10:06.906: Failed to set text '  Calm Down - Rema & Selena G' from markup due to error parsing markup: Error on line 1: Entity did not end with a semicolon; most likely you used an ampersand character without intending to start an entity — escape ampersand as &amp;

(waybar:3096026): Gtk-WARNING **: 17:10:07.935: Failed to set text '  Calm Down - Rema & Selena G' from markup due to error parsing markup: Error on line 1: Entity did not end with a semicolon; most likely you used an ampersand character without intending to start an entity — escape ampersand as &amp;

(waybar:3096026): Gtk-WARNING **: 17:10:08.964: Failed to set text '  Calm Down - Rema & Selena G' from markup due to error parsing markup: Error on line 1: Entity did not end with a semicolon; most likely you used an ampersand character without intending to start an entity — escape ampersand as &amp;

(waybar:3096026): Gtk-WARNING **: 17:10:09.992: Failed to set text '  Calm Down - Rema & Selena G' from markup due to error parsing markup: Error on line 1: Entity did not end with a semicolon; most likely you used an ampersand character without intending to start an entity — escape ampersand as &amp;

(waybar:3096026): Gtk-WARNING **: 17:10:11.021: Failed to set text '  Calm Down - Rema & Selena G' from markup due to error parsing markup: Error on line 1: Entity did not end with a semicolon; most likely you used an ampersand character without intending to start an entity — escape ampersand as &amp;

(waybar:3096026): Gtk-WARNING **: 17:10:12.051: Failed to set text '  Calm Down - Rema & Selena G' from markup due to error parsing markup: Error on line 1: Entity did not end with a semicolon; most likely you used an ampersand character without intending to start an entity — escape ampersand as &amp;

(waybar:3096026): Gtk-WARNING **: 17:10:13.082: Failed to set text '  Calm Down - Rema & Selena G' from markup due to error parsing markup: Error on line 1: Entity did not end with a semicolon; most likely you used an ampersand character without intending to start an entity — escape ampersand as &amp;

(waybar:3096026): Gtk-WARNING **: 17:10:14.111: Failed to set text '  Calm Down - Rema & Selena G' from markup due to error parsing markup: Error on line 1: Entity did not end with a semicolon; most likely you used an ampersand character without intending to start an entity — escape ampersand as &amp;

(waybar:3096026): Gtk-WARNING **: 17:10:15.141: Failed to set text '  Calm Down - Rema & Selena G' from markup due to error parsing markup: Error on line 1: Entity did not end with a semicolon; most likely you used an ampersand character without intending to start an entity — escape ampersand as &amp;

(waybar:3096026): Gtk-WARNING **: 17:10:16.171: Failed to set text '  Calm Down - Rema & Selena G' from markup due to error parsing markup: Error on line 1: Entity did not end with a semicolon; most likely you used an ampersand character without intending to start an entity — escape ampersand as &amp;

(waybar:3096026): Gtk-WARNING **: 17:10:17.202: Failed to set text '  Calm Down - Rema & Selena G' from markup due to error parsing markup: Error on line 1: Entity did not end with a semicolon; most likely you used an ampersand character without intending to start an entity — escape ampersand as &amp;

(waybar:3096026): Gtk-WARNING **: 17:10:18.233: Failed to set text '  Calm Down - Rema & Selena G' from markup due to error parsing markup: Error on line 1: Entity did not end with a semicolon; most likely you used an ampersand character without intending to start an entity — escape ampersand as &amp;

(waybar:3096026): Gtk-WARNING **: 17:10:19.262: Failed to set text '  Calm Down - Rema & Selena G' from markup due to error parsing markup: Error on line 1: Entity did not end with a semicolon; most likely you used an ampersand character without intending to start an entity — escape ampersand as &amp;

(waybar:3096026): Gtk-WARNING **: 17:10:20.292: Failed to set text '  Calm Down - Rema & Selena G' from markup due to error parsing markup: Error on line 1: Entity did not end with a semicolon; most likely you used an ampersand character without intending to start an entity — escape ampersand as &amp;

(waybar:3096026): Gtk-WARNING **: 17:10:21.323: Failed to set text '  Calm Down - Rema & Selena G' from markup due to error parsing markup: Error on line 1: Entity did not end with a semicolon; most likely you used an ampersand character without intending to start an entity — escape ampersand as &amp;

(waybar:3096026): Gtk-WARNING **: 17:10:22.351: Failed to set text '  Calm Down - Rema & Selena G' from markup due to error parsing markup: Error on line 1: Entity did not end with a semicolon; most likely you used an ampersand character without intending to start an entity — escape ampersand as &amp;

(waybar:3096026): Gtk-WARNING **: 17:10:23.380: Failed to set text '  Calm Down - Rema & Selena G' from markup due to error parsing markup: Error on line 1: Entity did not end with a semicolon; most likely you used an ampersand character without intending to start an entity — escape ampersand as &amp;

(waybar:3096026): Gtk-WARNING **: 17:10:24.408: Failed to set text '  Calm Down - Rema & Selena G' from markup due to error parsing markup: Error on line 1: Entity did not end with a semicolon; most likely you used an ampersand character without intending to start an entity — escape ampersand as &amp;

(waybar:3096026): Gtk-WARNING **: 17:37:00.914: Failed to set text '  Sunflower (From "Spi - Post Malone & S' from markup due to error parsing markup: Error on line 1: Entity did not end with a semicolon; most likely you used an ampersand character without intending to start an entity — escape ampersand as &amp;

(waybar:3096026): Gtk-WARNING **: 17:37:01.943: Failed to set text '  Sunflower (From "Spi - Post Malone & S' from markup due to error parsing markup: Error on line 1: Entity did not end with a semicolon; most likely you used an ampersand character without intending to start an entity — escape ampersand as &amp;

(waybar:3096026): Gtk-WARNING **: 17:37:02.971: Failed to set text '  Sunflower (From "Spi - Post Malone & S' from markup due to error parsing markup: Error on line 1: Entity did not end with a semicolon; most likely you used an ampersand character without intending to start an entity — escape ampersand as &amp;

(waybar:3096026): Gtk-WARNING **: 17:37:04.000: Failed to set text '  Sunflower (From "Spi - Post Malone & S' from markup due to error parsing markup: Error on line 1: Entity did not end with a semicolon; most likely you used an ampersand character without intending to start an entity — escape ampersand as &amp;

(waybar:3096026): Gtk-WARNING **: 17:37:05.029: Failed to set text '  Sunflower (From "Spi - Post Malone & S' from markup due to error parsing markup: Error on line 1: Entity did not end with a semicolon; most likely you used an ampersand character without intending to start an entity — escape ampersand as &amp;

(waybar:3096026): Gtk-WARNING **: 17:37:06.058: Failed to set text '  Sunflower (From "Spi - Post Malone & S' from markup due to error parsing markup: Error on line 1: Entity did not end with a semicolon; most likely you used an ampersand character without intending to start an entity — escape ampersand as &amp;

(waybar:3096026): Gtk-WARNING **: 17:37:07.087: Failed to set text '  Sunflower (From "Spi - Post Malone & S' from markup due to error parsing markup: Error on line 1: Entity did not end with a semicolon; most likely you used an ampersand character without intending to start an entity — escape ampersand as &amp;

(waybar:3096026): Gtk-WARNING **: 17:37:08.116: Failed to set text '  Sunflower (From "Spi - Post Malone & S' from markup due to error parsing markup: Error on line 1: Entity did not end with a semicolon; most likely you used an ampersand character without intending to start an entity — escape ampersand as &amp;

(waybar:3096026): Gtk-WARNING **: 17:37:09.145: Failed to set text '  Sunflower (From "Spi - Post Malone & S' from markup due to error parsing markup: Error on line 1: Entity did not end with a semicolon; most likely you used an ampersand character without intending to start an entity — escape ampersand as &amp;

(waybar:3096026): Gtk-WARNING **: 17:37:10.174: Failed to set text '  Sunflower (From "Spi - Post Malone & S' from markup due to error parsing markup: Error on line 1: Entity did not end with a semicolon; most likely you used an ampersand character without intending to start an entity — escape ampersand as &amp;

(waybar:3096026): Gtk-WARNING **: 17:37:11.202: Failed to set text '  Sunflower (From "Spi - Post Malone & S' from markup due to error parsing markup: Error on line 1: Entity did not end with a semicolon; most likely you used an ampersand character without intending to start an entity — escape ampersand as &amp;

(waybar:3096026): Gtk-WARNING **: 17:37:12.230: Failed to set text '  Sunflower (From "Spi - Post Malone & S' from markup due to error parsing markup: Error on line 1: Entity did not end with a semicolon; most likely you used an ampersand character without intending to start an entity — escape ampersand as &amp;

(waybar:3096026): Gtk-WARNING **: 17:37:13.258: Failed to set text '  Sunflower (From "Spi - Post Malone & S' from markup due to error parsing markup: Error on line 1: Entity did not end with a semicolon; most likely you used an ampersand character without intending to start an entity — escape ampersand as &amp;

(waybar:3096026): Gtk-WARNING **: 17:37:14.287: Failed to set text '  Sunflower (From "Spi - Post Malone & S' from markup due to error parsing markup: Error on line 1: Entity did not end with a semicolon; most likely you used an ampersand character without intending to start an entity — escape ampersand as &amp;

(waybar:3096026): Gtk-WARNING **: 17:37:15.315: Failed to set text '  Sunflower (From "Spi - Post Malone & S' from markup due to error parsing markup: Error on line 1: Entity did not end with a semicolon; most likely you used an ampersand character without intending to start an entity — escape ampersand as &amp;

(waybar:3096026): Gtk-WARNING **: 17:37:16.344: Failed to set text '  Sunflower (From "Spi - Post Malone & S' from markup due to error parsing markup: Error on line 1: Entity did not end with a semicolon; most likely you used an ampersand character without intending to start an entity — escape ampersand as &amp;

(waybar:3096026): Gtk-WARNING **: 17:37:17.372: Failed to set text '  Sunflower (From "Spi - Post Malone & S' from markup due to error parsing markup: Error on line 1: Entity did not end with a semicolon; most likely you used an ampersand character without intending to start an entity — escape ampersand as &amp;

(waybar:3096026): Gtk-WARNING **: 17:37:18.401: Failed to set text '  Sunflower (From "Spi - Post Malone & S' from markup due to error parsing markup: Error on line 1: Entity did not end with a semicolon; most likely you used an ampersand character without intending to start an entity — escape ampersand as &amp;

(waybar:3096026): Gtk-WARNING **: 17:37:19.430: Failed to set text '  Sunflower (From "Spi - Post Malone & S' from markup due to error parsing markup: Error on line 1: Entity did not end with a semicolon; most likely you used an ampersand character without intending to start an entity — escape ampersand as &amp;

(waybar:3096026): Gtk-WARNING **: 17:37:20.458: Failed to set text '  Sunflower (From "Spi - Post Malone & S' from markup due to error parsing markup: Error on line 1: Entity did not end with a semicolon; most likely you used an ampersand character without intending to start an entity — escape ampersand as &amp;

(waybar:3096026): Gtk-WARNING **: 17:37:21.486: Failed to set text '  Sunflower (From "Spi - Post Malone & S' from markup due to error parsing markup: Error on line 1: Entity did not end with a semicolon; most likely you used an ampersand character without intending to start an entity — escape ampersand as &amp;

(waybar:3096026): Gtk-WARNING **: 17:37:22.514: Failed to set text '  Sunflower (From "Spi - Post Malone & S' from markup due to error parsing markup: Error on line 1: Entity did not end with a semicolon; most likely you used an ampersand character without intending to start an entity — escape ampersand as &amp;

(waybar:3096026): Gtk-WARNING **: 17:37:23.542: Failed to set text '  Sunflower (From "Spi - Post Malone & S' from markup due to error parsing markup: Error on line 1: Entity did not end with a semicolon; most likely you used an ampersand character without intending to start an entity — escape ampersand as &amp;

(waybar:3096026): Gtk-WARNING **: 17:37:24.571: Failed to set text '  Sunflower (From "Spi - Post Malone & S' from markup due to error parsing markup: Error on line 1: Entity did not end with a semicolon; most likely you used an ampersand character without intending to start an entity — escape ampersand as &amp;

(waybar:3096026): Gtk-WARNING **: 17:37:25.600: Failed to set text '  Sunflower (From "Spi - Post Malone & S' from markup due to error parsing markup: Error on line 1: Entity did not end with a semicolon; most likely you used an ampersand character without intending to start an entity — escape ampersand as &amp;

(waybar:3096026): Gtk-WARNING **: 17:37:26.628: Failed to set text '  Sunflower (From "Spi - Post Malone & S' from markup due to error parsing markup: Error on line 1: Entity did not end with a semicolon; most likely you used an ampersand character without intending to start an entity — escape ampersand as &amp;

(waybar:3096026): Gtk-WARNING **: 17:37:27.657: Failed to set text '  Sunflower (From "Spi - Post Malone & S' from markup due to error parsing markup: Error on line 1: Entity did not end with a semicolon; most likely you used an ampersand character without intending to start an entity — escape ampersand as &amp;

(waybar:3096026): Gtk-WARNING **: 17:37:28.685: Failed to set text '  Sunflower (From "Spi - Post Malone & S' from markup due to error parsing markup: Error on line 1: Entity did not end with a semicolon; most likely you used an ampersand character without intending to start an entity — escape ampersand as &amp;

(waybar:3096026): Gtk-WARNING **: 17:37:29.715: Failed to set text '  Sunflower (From "Spi - Post Malone & S' from markup due to error parsing markup: Error on line 1: Entity did not end with a semicolon; most likely you used an ampersand character without intending to start an entity — escape ampersand as &amp;

(waybar:3096026): Gtk-WARNING **: 17:37:30.744: Failed to set text '  Sunflower (From "Spi - Post Malone & S' from markup due to error parsing markup: Error on line 1: Entity did not end with a semicolon; most likely you used an ampersand character without intending to start an entity — escape ampersand as &amp;

(waybar:3096026): Gtk-WARNING **: 17:37:31.772: Failed to set text '  Sunflower (From "Spi - Post Malone & S' from markup due to error parsing markup: Error on line 1: Entity did not end with a semicolon; most likely you used an ampersand character without intending to start an entity — escape ampersand as &amp;

(waybar:3096026): Gtk-WARNING **: 17:37:32.800: Failed to set text '  Sunflower (From "Spi - Post Malone & S' from markup due to error parsing markup: Error on line 1: Entity did not end with a semicolon; most likely you used an ampersand character without intending to start an entity — escape ampersand as &amp;

(waybar:3096026): Gtk-WARNING **: 17:37:33.828: Failed to set text '  Sunflower (From "Spi - Post Malone & S' from markup due to error parsing markup: Error on line 1: Entity did not end with a semicolon; most likely you used an ampersand character without intending to start an entity — escape ampersand as &amp;

(waybar:3096026): Gtk-WARNING **: 17:37:34.857: Failed to set text '  Sunflower (From "Spi - Post Malone & S' from markup due to error parsing markup: Error on line 1: Entity did not end with a semicolon; most likely you used an ampersand character without intending to start an entity — escape ampersand as &amp;

(waybar:3096026): Gtk-WARNING **: 17:37:35.886: Failed to set text '  Sunflower (From "Spi - Post Malone & S' from markup due to error parsing markup: Error on line 1: Entity did not end with a semicolon; most likely you used an ampersand character without intending to start an entity — escape ampersand as &amp;

(waybar:3096026): Gtk-WARNING **: 17:37:36.915: Failed to set text '  Sunflower (From "Spi - Post Malone & S' from markup due to error parsing markup: Error on line 1: Entity did not end with a semicolon; most likely you used an ampersand character without intending to start an entity — escape ampersand as &amp;

(waybar:3096026): Gtk-WARNING **: 17:37:37.944: Failed to set text '  Sunflower (From "Spi - Post Malone & S' from markup due to error parsing markup: Error on line 1: Entity did not end with a semicolon; most likely you used an ampersand character without intending to start an entity — escape ampersand as &amp;

(waybar:3096026): Gtk-WARNING **: 17:37:38.973: Failed to set text '  Sunflower (From "Spi - Post Malone & S' from markup due to error parsing markup: Error on line 1: Entity did not end with a semicolon; most likely you used an ampersand character without intending to start an entity — escape ampersand as &amp;

(waybar:3096026): Gtk-WARNING **: 17:37:40.002: Failed to set text '  Sunflower (From "Spi - Post Malone & S' from markup due to error parsing markup: Error on line 1: Entity did not end with a semicolon; most likely you used an ampersand character without intending to start an entity — escape ampersand as &amp;

(waybar:3096026): Gtk-WARNING **: 17:37:41.030: Failed to set text '  Sunflower (From "Spi - Post Malone & S' from markup due to error parsing markup: Error on line 1: Entity did not end with a semicolon; most likely you used an ampersand character without intending to start an entity — escape ampersand as &amp;

(waybar:3096026): Gtk-WARNING **: 17:37:42.059: Failed to set text '  Sunflower (From "Spi - Post Malone & S' from markup due to error parsing markup: Error on line 1: Entity did not end with a semicolon; most likely you used an ampersand character without intending to start an entity — escape ampersand as &amp;

(waybar:3096026): Gtk-WARNING **: 17:37:43.088: Failed to set text '  Sunflower (From "Spi - Post Malone & S' from markup due to error parsing markup: Error on line 1: Entity did not end with a semicolon; most likely you used an ampersand character without intending to start an entity — escape ampersand as &amp;

(waybar:3096026): Gtk-WARNING **: 17:37:44.115: Failed to set text '  Sunflower (From "Spi - Post Malone & S' from markup due to error parsing markup: Error on line 1: Entity did not end with a semicolon; most likely you used an ampersand character without intending to start an entity — escape ampersand as &amp;

(waybar:3096026): Gtk-WARNING **: 17:37:45.143: Failed to set text '  Sunflower (From "Spi - Post Malone & S' from markup due to error parsing markup: Error on line 1: Entity did not end with a semicolon; most likely you used an ampersand character without intending to start an entity — escape ampersand as &amp;

(waybar:3096026): Gtk-WARNING **: 17:37:46.171: Failed to set text '  Sunflower (From "Spi - Post Malone & S' from markup due to error parsing markup: Error on line 1: Entity did not end with a semicolon; most likely you used an ampersand character without intending to start an entity — escape ampersand as &amp;

(waybar:3096026): Gtk-WARNING **: 17:37:47.199: Failed to set text '  Sunflower (From "Spi - Post Malone & S' from markup due to error parsing markup: Error on line 1: Entity did not end with a semicolon; most likely you used an ampersand character without intending to start an entity — escape ampersand as &amp;

(waybar:3096026): Gtk-WARNING **: 17:37:48.227: Failed to set text '  Sunflower (From "Spi - Post Malone & S' from markup due to error parsing markup: Error on line 1: Entity did not end with a semicolon; most likely you used an ampersand character without intending to start an entity — escape ampersand as &amp;

(waybar:3096026): Gtk-WARNING **: 17:37:49.256: Failed to set text '  Sunflower (From "Spi - Post Malone & S' from markup due to error parsing markup: Error on line 1: Entity did not end with a semicolon; most likely you used an ampersand character without intending to start an entity — escape ampersand as &amp;

(waybar:3096026): Gtk-WARNING **: 17:37:50.284: Failed to set text '  Sunflower (From "Spi - Post Malone & S' from markup due to error parsing markup: Error on line 1: Entity did not end with a semicolon; most likely you used an ampersand character without intending to start an entity — escape ampersand as &amp;

(waybar:3096026): Gtk-WARNING **: 17:37:51.312: Failed to set text '  Sunflower (From "Spi - Post Malone & S' from markup due to error parsing markup: Error on line 1: Entity did not end with a semicolon; most likely you used an ampersand character without intending to start an entity — escape ampersand as &amp;

(waybar:3096026): Gtk-WARNING **: 17:37:52.340: Failed to set text '  Sunflower (From "Spi - Post Malone & S' from markup due to error parsing markup: Error on line 1: Entity did not end with a semicolon; most likely you used an ampersand character without intending to start an entity — escape ampersand as &amp;

(waybar:3096026): Gtk-WARNING **: 17:37:53.368: Failed to set text '  Sunflower (From "Spi - Post Malone & S' from markup due to error parsing markup: Error on line 1: Entity did not end with a semicolon; most likely you used an ampersand character without intending to start an entity — escape ampersand as &amp;

(waybar:3096026): Gtk-WARNING **: 17:37:54.396: Failed to set text '  Sunflower (From "Spi - Post Malone & S' from markup due to error parsing markup: Error on line 1: Entity did not end with a semicolon; most likely you used an ampersand character without intending to start an entity — escape ampersand as &amp;

(waybar:3096026): Gtk-WARNING **: 17:37:55.424: Failed to set text '  Sunflower (From "Spi - Post Malone & S' from markup due to error parsing markup: Error on line 1: Entity did not end with a semicolon; most likely you used an ampersand character without intending to start an entity — escape ampersand as &amp;

(waybar:3096026): Gtk-WARNING **: 17:37:56.452: Failed to set text '  Sunflower (From "Spi - Post Malone & S' from markup due to error parsing markup: Error on line 1: Entity did not end with a semicolon; most likely you used an ampersand character without intending to start an entity — escape ampersand as &amp;

(waybar:3096026): Gtk-WARNING **: 17:37:57.481: Failed to set text '  Sunflower (From "Spi - Post Malone & S' from markup due to error parsing markup: Error on line 1: Entity did not end with a semicolon; most likely you used an ampersand character without intending to start an entity — escape ampersand as &amp;

(waybar:3096026): Gtk-WARNING **: 17:37:58.509: Failed to set text '  Sunflower (From "Spi - Post Malone & S' from markup due to error parsing markup: Error on line 1: Entity did not end with a semicolon; most likely you used an ampersand character without intending to start an entity — escape ampersand as &amp;

(waybar:3096026): Gtk-WARNING **: 17:37:59.538: Failed to set text '  Sunflower (From "Spi - Post Malone & S' from markup due to error parsing markup: Error on line 1: Entity did not end with a semicolon; most likely you used an ampersand character without intending to start an entity — escape ampersand as &amp;

(waybar:3096026): Gtk-WARNING **: 17:38:00.567: Failed to set text '  Sunflower (From "Spi - Post Malone & S' from markup due to error parsing markup: Error on line 1: Entity did not end with a semicolon; most likely you used an ampersand character without intending to start an entity — escape ampersand as &amp;

(waybar:3096026): Gtk-WARNING **: 17:38:01.597: Failed to set text '  Sunflower (From "Spi - Post Malone & S' from markup due to error parsing markup: Error on line 1: Entity did not end with a semicolon; most likely you used an ampersand character without intending to start an entity — escape ampersand as &amp;

(waybar:3096026): Gtk-WARNING **: 17:38:02.625: Failed to set text '  Sunflower (From "Spi - Post Malone & S' from markup due to error parsing markup: Error on line 1: Entity did not end with a semicolon; most likely you used an ampersand character without intending to start an entity — escape ampersand as &amp;

(waybar:3096026): Gtk-WARNING **: 17:38:03.654: Failed to set text '  Sunflower (From "Spi - Post Malone & S' from markup due to error parsing markup: Error on line 1: Entity did not end with a semicolon; most likely you used an ampersand character without intending to start an entity — escape ampersand as &amp;

(waybar:3096026): Gtk-WARNING **: 17:38:04.683: Failed to set text '  Sunflower (From "Spi - Post Malone & S' from markup due to error parsing markup: Error on line 1: Entity did not end with a semicolon; most likely you used an ampersand character without intending to start an entity — escape ampersand as &amp;

(waybar:3096026): Gtk-WARNING **: 17:38:05.711: Failed to set text '  Sunflower (From "Spi - Post Malone & S' from markup due to error parsing markup: Error on line 1: Entity did not end with a semicolon; most likely you used an ampersand character without intending to start an entity — escape ampersand as &amp;

(waybar:3096026): Gtk-WARNING **: 17:38:06.739: Failed to set text '  Sunflower (From "Spi - Post Malone & S' from markup due to error parsing markup: Error on line 1: Entity did not end with a semicolon; most likely you used an ampersand character without intending to start an entity — escape ampersand as &amp;

(waybar:3096026): Gtk-WARNING **: 17:38:07.769: Failed to set text '  Sunflower (From "Spi - Post Malone & S' from markup due to error parsing markup: Error on line 1: Entity did not end with a semicolon; most likely you used an ampersand character without intending to start an entity — escape ampersand as &amp;

(waybar:3096026): Gtk-WARNING **: 17:38:08.797: Failed to set text '  Sunflower (From "Spi - Post Malone & S' from markup due to error parsing markup: Error on line 1: Entity did not end with a semicolon; most likely you used an ampersand character without intending to start an entity — escape ampersand as &amp;

(waybar:3096026): Gtk-WARNING **: 17:38:09.825: Failed to set text '  Sunflower (From "Spi - Post Malone & S' from markup due to error parsing markup: Error on line 1: Entity did not end with a semicolon; most likely you used an ampersand character without intending to start an entity — escape ampersand as &amp;

(waybar:3096026): Gtk-WARNING **: 17:38:10.854: Failed to set text '  Sunflower (From "Spi - Post Malone & S' from markup due to error parsing markup: Error on line 1: Entity did not end with a semicolon; most likely you used an ampersand character without intending to start an entity — escape ampersand as &amp;

(waybar:3096026): Gtk-WARNING **: 17:38:11.883: Failed to set text '  Sunflower (From "Spi - Post Malone & S' from markup due to error parsing markup: Error on line 1: Entity did not end with a semicolon; most likely you used an ampersand character without intending to start an entity — escape ampersand as &amp;

(waybar:3096026): Gtk-WARNING **: 17:38:12.911: Failed to set text '  Sunflower (From "Spi - Post Malone & S' from markup due to error parsing markup: Error on line 1: Entity did not end with a semicolon; most likely you used an ampersand character without intending to start an entity — escape ampersand as &amp;

(waybar:3096026): Gtk-WARNING **: 17:38:13.940: Failed to set text '  Sunflower (From "Spi - Post Malone & S' from markup due to error parsing markup: Error on line 1: Entity did not end with a semicolon; most likely you used an ampersand character without intending to start an entity — escape ampersand as &amp;

(waybar:3096026): Gtk-WARNING **: 17:38:14.968: Failed to set text '  Sunflower (From "Spi - Post Malone & S' from markup due to error parsing markup: Error on line 1: Entity did not end with a semicolon; most likely you used an ampersand character without intending to start an entity — escape ampersand as &amp;

(waybar:3096026): Gtk-WARNING **: 17:38:15.997: Failed to set text '  Sunflower (From "Spi - Post Malone & S' from markup due to error parsing markup: Error on line 1: Entity did not end with a semicolon; most likely you used an ampersand character without intending to start an entity — escape ampersand as &amp;

(waybar:3096026): Gtk-WARNING **: 17:38:17.025: Failed to set text '  Sunflower (From "Spi - Post Malone & S' from markup due to error parsing markup: Error on line 1: Entity did not end with a semicolon; most likely you used an ampersand character without intending to start an entity — escape ampersand as &amp;

(waybar:3096026): Gtk-WARNING **: 17:38:18.054: Failed to set text '  Sunflower (From "Spi - Post Malone & S' from markup due to error parsing markup: Error on line 1: Entity did not end with a semicolon; most likely you used an ampersand character without intending to start an entity — escape ampersand as &amp;

(waybar:3096026): Gtk-WARNING **: 17:38:19.082: Failed to set text '  Sunflower (From "Spi - Post Malone & S' from markup due to error parsing markup: Error on line 1: Entity did not end with a semicolon; most likely you used an ampersand character without intending to start an entity — escape ampersand as &amp;

(waybar:3096026): Gtk-WARNING **: 17:38:20.111: Failed to set text '  Sunflower (From "Spi - Post Malone & S' from markup due to error parsing markup: Error on line 1: Entity did not end with a semicolon; most likely you used an ampersand character without intending to start an entity — escape ampersand as &amp;

(waybar:3096026): Gtk-WARNING **: 17:38:21.139: Failed to set text '  Sunflower (From "Spi - Post Malone & S' from markup due to error parsing markup: Error on line 1: Entity did not end with a semicolon; most likely you used an ampersand character without intending to start an entity — escape ampersand as &amp;

(waybar:3096026): Gtk-WARNING **: 17:38:22.167: Failed to set text '  Sunflower (From "Spi - Post Malone & S' from markup due to error parsing markup: Error on line 1: Entity did not end with a semicolon; most likely you used an ampersand character without intending to start an entity — escape ampersand as &amp;

(waybar:3096026): Gtk-WARNING **: 17:38:23.195: Failed to set text '  Sunflower (From "Spi - Post Malone & S' from markup due to error parsing markup: Error on line 1: Entity did not end with a semicolon; most likely you used an ampersand character without intending to start an entity — escape ampersand as &amp;

(waybar:3096026): Gtk-WARNING **: 17:38:24.224: Failed to set text '  Sunflower (From "Spi - Post Malone & S' from markup due to error parsing markup: Error on line 1: Entity did not end with a semicolon; most likely you used an ampersand character without intending to start an entity — escape ampersand as &amp;

(waybar:3096026): Gtk-WARNING **: 17:38:25.253: Failed to set text '  Sunflower (From "Spi - Post Malone & S' from markup due to error parsing markup: Error on line 1: Entity did not end with a semicolon; most likely you used an ampersand character without intending to start an entity — escape ampersand as &amp;

(waybar:3096026): Gtk-WARNING **: 17:38:26.281: Failed to set text '  Sunflower (From "Spi - Post Malone & S' from markup due to error parsing markup: Error on line 1: Entity did not end with a semicolon; most likely you used an ampersand character without intending to start an entity — escape ampersand as &amp;

(waybar:3096026): Gtk-WARNING **: 17:38:27.309: Failed to set text '  Sunflower (From "Spi - Post Malone & S' from markup due to error parsing markup: Error on line 1: Entity did not end with a semicolon; most likely you used an ampersand character without intending to start an entity — escape ampersand as &amp;

(waybar:3096026): Gtk-WARNING **: 17:38:28.338: Failed to set text '  Sunflower (From "Spi - Post Malone & S' from markup due to error parsing markup: Error on line 1: Entity did not end with a semicolon; most likely you used an ampersand character without intending to start an entity — escape ampersand as &amp;

(waybar:3096026): Gtk-WARNING **: 17:38:29.366: Failed to set text '  Sunflower (From "Spi - Post Malone & S' from markup due to error parsing markup: Error on line 1: Entity did not end with a semicolon; most likely you used an ampersand character without intending to start an entity — escape ampersand as &amp;

(waybar:3096026): Gtk-WARNING **: 17:38:30.395: Failed to set text '  Sunflower (From "Spi - Post Malone & S' from markup due to error parsing markup: Error on line 1: Entity did not end with a semicolon; most likely you used an ampersand character without intending to start an entity — escape ampersand as &amp;

(waybar:3096026): Gtk-WARNING **: 17:38:31.423: Failed to set text '  Sunflower (From "Spi - Post Malone & S' from markup due to error parsing markup: Error on line 1: Entity did not end with a semicolon; most likely you used an ampersand character without intending to start an entity — escape ampersand as &amp;

(waybar:3096026): Gtk-WARNING **: 17:38:32.452: Failed to set text '  Sunflower (From "Spi - Post Malone & S' from markup due to error parsing markup: Error on line 1: Entity did not end with a semicolon; most likely you used an ampersand character without intending to start an entity — escape ampersand as &amp;

(waybar:3096026): Gtk-WARNING **: 17:38:33.480: Failed to set text '  Sunflower (From "Spi - Post Malone & S' from markup due to error parsing markup: Error on line 1: Entity did not end with a semicolon; most likely you used an ampersand character without intending to start an entity — escape ampersand as &amp;

(waybar:3096026): Gtk-WARNING **: 17:38:34.509: Failed to set text '  Sunflower (From "Spi - Post Malone & S' from markup due to error parsing markup: Error on line 1: Entity did not end with a semicolon; most likely you used an ampersand character without intending to start an entity — escape ampersand as &amp;

(waybar:3096026): Gtk-WARNING **: 17:38:35.537: Failed to set text '  Sunflower (From "Spi - Post Malone & S' from markup due to error parsing markup: Error on line 1: Entity did not end with a semicolon; most likely you used an ampersand character without intending to start an entity — escape ampersand as &amp;

(waybar:3096026): Gtk-WARNING **: 17:38:36.566: Failed to set text '  Sunflower (From "Spi - Post Malone & S' from markup due to error parsing markup: Error on line 1: Entity did not end with a semicolon; most likely you used an ampersand character without intending to start an entity — escape ampersand as &amp;

(waybar:3096026): Gtk-WARNING **: 17:38:37.594: Failed to set text '  Sunflower (From "Spi - Post Malone & S' from markup due to error parsing markup: Error on line 1: Entity did not end with a semicolon; most likely you used an ampersand character without intending to start an entity — escape ampersand as &amp;

(waybar:3096026): Gtk-WARNING **: 17:38:38.622: Failed to set text '  Sunflower (From "Spi - Post Malone & S' from markup due to error parsing markup: Error on line 1: Entity did not end with a semicolon; most likely you used an ampersand character without intending to start an entity — escape ampersand as &amp;

(waybar:3096026): Gtk-WARNING **: 17:38:39.650: Failed to set text '  Sunflower (From "Spi - Post Malone & S' from markup due to error parsing markup: Error on line 1: Entity did not end with a semicolon; most likely you used an ampersand character without intending to start an entity — escape ampersand as &amp;

(waybar:3096026): Gtk-WARNING **: 17:38:40.678: Failed to set text '  Sunflower (From "Spi - Post Malone & S' from markup due to error parsing markup: Error on line 1: Entity did not end with a semicolon; most likely you used an ampersand character without intending to start an entity — escape ampersand as &amp;

(waybar:3096026): Gtk-WARNING **: 17:38:41.706: Failed to set text '  Sunflower (From "Spi - Post Malone & S' from markup due to error parsing markup: Error on line 1: Entity did not end with a semicolon; most likely you used an ampersand character without intending to start an entity — escape ampersand as &amp;

(waybar:3096026): Gtk-WARNING **: 17:38:42.735: Failed to set text '  Sunflower (From "Spi - Post Malone & S' from markup due to error parsing markup: Error on line 1: Entity did not end with a semicolon; most likely you used an ampersand character without intending to start an entity — escape ampersand as &amp;

(waybar:3096026): Gtk-WARNING **: 17:38:43.764: Failed to set text '  Sunflower (From "Spi - Post Malone & S' from markup due to error parsing markup: Error on line 1: Entity did not end with a semicolon; most likely you used an ampersand character without intending to start an entity — escape ampersand as &amp;

(waybar:3096026): Gtk-WARNING **: 17:38:44.793: Failed to set text '  Sunflower (From "Spi - Post Malone & S' from markup due to error parsing markup: Error on line 1: Entity did not end with a semicolon; most likely you used an ampersand character without intending to start an entity — escape ampersand as &amp;

(waybar:3096026): Gtk-WARNING **: 17:38:45.822: Failed to set text '  Sunflower (From "Spi - Post Malone & S' from markup due to error parsing markup: Error on line 1: Entity did not end with a semicolon; most likely you used an ampersand character without intending to start an entity — escape ampersand as &amp;

(waybar:3096026): Gtk-WARNING **: 17:38:46.850: Failed to set text '  Sunflower (From "Spi - Post Malone & S' from markup due to error parsing markup: Error on line 1: Entity did not end with a semicolon; most likely you used an ampersand character without intending to start an entity — escape ampersand as &amp;

(waybar:3096026): Gtk-WARNING **: 17:38:47.879: Failed to set text '  Sunflower (From "Spi - Post Malone & S' from markup due to error parsing markup: Error on line 1: Entity did not end with a semicolon; most likely you used an ampersand character without intending to start an entity — escape ampersand as &amp;

(waybar:3096026): Gtk-WARNING **: 17:38:48.907: Failed to set text '  Sunflower (From "Spi - Post Malone & S' from markup due to error parsing markup: Error on line 1: Entity did not end with a semicolon; most likely you used an ampersand character without intending to start an entity — escape ampersand as &amp;

(waybar:3096026): Gtk-WARNING **: 17:38:49.936: Failed to set text '  Sunflower (From "Spi - Post Malone & S' from markup due to error parsing markup: Error on line 1: Entity did not end with a semicolon; most likely you used an ampersand character without intending to start an entity — escape ampersand as &amp;

(waybar:3096026): Gtk-WARNING **: 17:38:50.965: Failed to set text '  Sunflower (From "Spi - Post Malone & S' from markup due to error parsing markup: Error on line 1: Entity did not end with a semicolon; most likely you used an ampersand character without intending to start an entity — escape ampersand as &amp;

(waybar:3096026): Gtk-WARNING **: 17:38:51.993: Failed to set text '  Sunflower (From "Spi - Post Malone & S' from markup due to error parsing markup: Error on line 1: Entity did not end with a semicolon; most likely you used an ampersand character without intending to start an entity — escape ampersand as &amp;

(waybar:3096026): Gtk-WARNING **: 17:38:53.023: Failed to set text '  Sunflower (From "Spi - Post Malone & S' from markup due to error parsing markup: Error on line 1: Entity did not end with a semicolon; most likely you used an ampersand character without intending to start an entity — escape ampersand as &amp;

(waybar:3096026): Gtk-WARNING **: 17:38:54.051: Failed to set text '  Sunflower (From "Spi - Post Malone & S' from markup due to error parsing markup: Error on line 1: Entity did not end with a semicolon; most likely you used an ampersand character without intending to start an entity — escape ampersand as &amp;

(waybar:3096026): Gtk-WARNING **: 17:38:55.079: Failed to set text '  Sunflower (From "Spi - Post Malone & S' from markup due to error parsing markup: Error on line 1: Entity did not end with a semicolon; most likely you used an ampersand character without intending to start an entity — escape ampersand as &amp;

(waybar:3096026): Gtk-WARNING **: 17:38:56.109: Failed to set text '  Sunflower (From "Spi - Post Malone & S' from markup due to error parsing markup: Error on line 1: Entity did not end with a semicolon; most likely you used an ampersand character without intending to start an entity — escape ampersand as &amp;

(waybar:3096026): Gtk-WARNING **: 17:38:57.137: Failed to set text '  Sunflower (From "Spi - Post Malone & S' from markup due to error parsing markup: Error on line 1: Entity did not end with a semicolon; most likely you used an ampersand character without intending to start an entity — escape ampersand as &amp;

(waybar:3096026): Gtk-WARNING **: 17:38:58.165: Failed to set text '  Sunflower (From "Spi - Post Malone & S' from markup due to error parsing markup: Error on line 1: Entity did not end with a semicolon; most likely you used an ampersand character without intending to start an entity — escape ampersand as &amp;

(waybar:3096026): Gtk-WARNING **: 17:38:59.193: Failed to set text '  Sunflower (From "Spi - Post Malone & S' from markup due to error parsing markup: Error on line 1: Entity did not end with a semicolon; most likely you used an ampersand character without intending to start an entity — escape ampersand as &amp;

(waybar:3096026): Gtk-WARNING **: 17:39:00.221: Failed to set text '  Sunflower (From "Spi - Post Malone & S' from markup due to error parsing markup: Error on line 1: Entity did not end with a semicolon; most likely you used an ampersand character without intending to start an entity — escape ampersand as &amp;

(waybar:3096026): Gtk-WARNING **: 17:39:01.249: Failed to set text '  Sunflower (From "Spi - Post Malone & S' from markup due to error parsing markup: Error on line 1: Entity did not end with a semicolon; most likely you used an ampersand character without intending to start an entity — escape ampersand as &amp;

(waybar:3096026): Gtk-WARNING **: 17:39:02.279: Failed to set text '  Sunflower (From "Spi - Post Malone & S' from markup due to error parsing markup: Error on line 1: Entity did not end with a semicolon; most likely you used an ampersand character without intending to start an entity — escape ampersand as &amp;

(waybar:3096026): Gtk-WARNING **: 17:39:03.307: Failed to set text '  Sunflower (From "Spi - Post Malone & S' from markup due to error parsing markup: Error on line 1: Entity did not end with a semicolon; most likely you used an ampersand character without intending to start an entity — escape ampersand as &amp;

(waybar:3096026): Gtk-WARNING **: 17:39:04.336: Failed to set text '  Sunflower (From "Spi - Post Malone & S' from markup due to error parsing markup: Error on line 1: Entity did not end with a semicolon; most likely you used an ampersand character without intending to start an entity — escape ampersand as &amp;

(waybar:3096026): Gtk-WARNING **: 17:39:05.364: Failed to set text '  Sunflower (From "Spi - Post Malone & S' from markup due to error parsing markup: Error on line 1: Entity did not end with a semicolon; most likely you used an ampersand character without intending to start an entity — escape ampersand as &amp;

(waybar:3096026): Gtk-WARNING **: 17:39:06.392: Failed to set text '  Sunflower (From "Spi - Post Malone & S' from markup due to error parsing markup: Error on line 1: Entity did not end with a semicolon; most likely you used an ampersand character without intending to start an entity — escape ampersand as &amp;

(waybar:3096026): Gtk-WARNING **: 17:39:07.421: Failed to set text '  Sunflower (From "Spi - Post Malone & S' from markup due to error parsing markup: Error on line 1: Entity did not end with a semicolon; most likely you used an ampersand character without intending to start an entity — escape ampersand as &amp;

(waybar:3096026): Gtk-WARNING **: 17:39:08.449: Failed to set text '  Sunflower (From "Spi - Post Malone & S' from markup due to error parsing markup: Error on line 1: Entity did not end with a semicolon; most likely you used an ampersand character without intending to start an entity — escape ampersand as &amp;

(waybar:3096026): Gtk-WARNING **: 17:39:09.477: Failed to set text '  Sunflower (From "Spi - Post Malone & S' from markup due to error parsing markup: Error on line 1: Entity did not end with a semicolon; most likely you used an ampersand character without intending to start an entity — escape ampersand as &amp;

(waybar:3096026): Gtk-WARNING **: 17:39:10.514: Failed to set text '  Sunflower (From "Spi - Post Malone & S' from markup due to error parsing markup: Error on line 1: Entity did not end with a semicolon; most likely you used an ampersand character without intending to start an entity — escape ampersand as &amp;

(waybar:3096026): Gtk-WARNING **: 17:39:11.542: Failed to set text '  Sunflower (From "Spi - Post Malone & S' from markup due to error parsing markup: Error on line 1: Entity did not end with a semicolon; most likely you used an ampersand character without intending to start an entity — escape ampersand as &amp;

(waybar:3096026): Gtk-WARNING **: 17:39:12.570: Failed to set text '  Sunflower (From "Spi - Post Malone & S' from markup due to error parsing markup: Error on line 1: Entity did not end with a semicolon; most likely you used an ampersand character without intending to start an entity — escape ampersand as &amp;

(waybar:3096026): Gtk-WARNING **: 17:39:13.598: Failed to set text '  Sunflower (From "Spi - Post Malone & S' from markup due to error parsing markup: Error on line 1: Entity did not end with a semicolon; most likely you used an ampersand character without intending to start an entity — escape ampersand as &amp;

(waybar:3096026): Gtk-WARNING **: 17:39:14.628: Failed to set text '  Sunflower (From "Spi - Post Malone & S' from markup due to error parsing markup: Error on line 1: Entity did not end with a semicolon; most likely you used an ampersand character without intending to start an entity — escape ampersand as &amp;

(waybar:3096026): Gtk-WARNING **: 17:39:15.656: Failed to set text '  Sunflower (From "Spi - Post Malone & S' from markup due to error parsing markup: Error on line 1: Entity did not end with a semicolon; most likely you used an ampersand character without intending to start an entity — escape ampersand as &amp;

(waybar:3096026): Gtk-WARNING **: 17:39:16.685: Failed to set text '  Sunflower (From "Spi - Post Malone & S' from markup due to error parsing markup: Error on line 1: Entity did not end with a semicolon; most likely you used an ampersand character without intending to start an entity — escape ampersand as &amp;

(waybar:3096026): Gtk-WARNING **: 17:39:17.713: Failed to set text '  Sunflower (From "Spi - Post Malone & S' from markup due to error parsing markup: Error on line 1: Entity did not end with a semicolon; most likely you used an ampersand character without intending to start an entity — escape ampersand as &amp;

(waybar:3096026): Gtk-WARNING **: 17:39:18.741: Failed to set text '  Sunflower (From "Spi - Post Malone & S' from markup due to error parsing markup: Error on line 1: Entity did not end with a semicolon; most likely you used an ampersand character without intending to start an entity — escape ampersand as &amp;

(waybar:3096026): Gtk-WARNING **: 17:39:19.769: Failed to set text '  Sunflower (From "Spi - Post Malone & S' from markup due to error parsing markup: Error on line 1: Entity did not end with a semicolon; most likely you used an ampersand character without intending to start an entity — escape ampersand as &amp;

(waybar:3096026): Gtk-WARNING **: 17:39:20.797: Failed to set text '  Sunflower (From "Spi - Post Malone & S' from markup due to error parsing markup: Error on line 1: Entity did not end with a semicolon; most likely you used an ampersand character without intending to start an entity — escape ampersand as &amp;

(waybar:3096026): Gtk-WARNING **: 17:39:21.825: Failed to set text '  Sunflower (From "Spi - Post Malone & S' from markup due to error parsing markup: Error on line 1: Entity did not end with a semicolon; most likely you used an ampersand character without intending to start an entity — escape ampersand as &amp;

(waybar:3096026): Gtk-WARNING **: 17:39:22.854: Failed to set text '  Sunflower (From "Spi - Post Malone & S' from markup due to error parsing markup: Error on line 1: Entity did not end with a semicolon; most likely you used an ampersand character without intending to start an entity — escape ampersand as &amp;

(waybar:3096026): Gtk-WARNING **: 17:39:23.882: Failed to set text '  Sunflower (From "Spi - Post Malone & S' from markup due to error parsing markup: Error on line 1: Entity did not end with a semicolon; most likely you used an ampersand character without intending to start an entity — escape ampersand as &amp;

(waybar:3096026): Gtk-WARNING **: 17:39:24.912: Failed to set text '  Sunflower (From "Spi - Post Malone & S' from markup due to error parsing markup: Error on line 1: Entity did not end with a semicolon; most likely you used an ampersand character without intending to start an entity — escape ampersand as &amp;

(waybar:3096026): Gtk-WARNING **: 17:39:25.940: Failed to set text '  Sunflower (From "Spi - Post Malone & S' from markup due to error parsing markup: Error on line 1: Entity did not end with a semicolon; most likely you used an ampersand character without intending to start an entity — escape ampersand as &amp;

(waybar:3096026): Gtk-WARNING **: 17:39:26.970: Failed to set text '  Sunflower (From "Spi - Post Malone & S' from markup due to error parsing markup: Error on line 1: Entity did not end with a semicolon; most likely you used an ampersand character without intending to start an entity — escape ampersand as &amp;

(waybar:3096026): Gtk-WARNING **: 17:39:27.998: Failed to set text '  Sunflower (From "Spi - Post Malone & S' from markup due to error parsing markup: Error on line 1: Entity did not end with a semicolon; most likely you used an ampersand character without intending to start an entity — escape ampersand as &amp;

(waybar:3096026): Gtk-WARNING **: 17:39:29.026: Failed to set text '  Sunflower (From "Spi - Post Malone & S' from markup due to error parsing markup: Error on line 1: Entity did not end with a semicolon; most likely you used an ampersand character without intending to start an entity — escape ampersand as &amp;

(waybar:3096026): Gtk-WARNING **: 17:39:30.054: Failed to set text '  Sunflower (From "Spi - Post Malone & S' from markup due to error parsing markup: Error on line 1: Entity did not end with a semicolon; most likely you used an ampersand character without intending to start an entity — escape ampersand as &amp;

(waybar:3096026): Gtk-WARNING **: 17:39:31.083: Failed to set text '  Sunflower (From "Spi - Post Malone & S' from markup due to error parsing markup: Error on line 1: Entity did not end with a semicolon; most likely you used an ampersand character without intending to start an entity — escape ampersand as &amp;

(waybar:3096026): Gtk-WARNING **: 17:39:32.111: Failed to set text '  Sunflower (From "Spi - Post Malone & S' from markup due to error parsing markup: Error on line 1: Entity did not end with a semicolon; most likely you used an ampersand character without intending to start an entity — escape ampersand as &amp;

(waybar:3096026): Gtk-WARNING **: 17:39:33.140: Failed to set text '  Sunflower (From "Spi - Post Malone & S' from markup due to error parsing markup: Error on line 1: Entity did not end with a semicolon; most likely you used an ampersand character without intending to start an entity — escape ampersand as &amp;

(waybar:3096026): Gtk-WARNING **: 17:39:34.168: Failed to set text '  Sunflower (From "Spi - Post Malone & S' from markup due to error parsing markup: Error on line 1: Entity did not end with a semicolon; most likely you used an ampersand character without intending to start an entity — escape ampersand as &amp;

(waybar:3096026): Gtk-WARNING **: 17:39:35.196: Failed to set text '  Sunflower (From "Spi - Post Malone & S' from markup due to error parsing markup: Error on line 1: Entity did not end with a semicolon; most likely you used an ampersand character without intending to start an entity — escape ampersand as &amp;

(waybar:3096026): Gtk-WARNING **: 17:39:36.223: Failed to set text '  Sunflower (From "Spi - Post Malone & S' from markup due to error parsing markup: Error on line 1: Entity did not end with a semicolon; most likely you used an ampersand character without intending to start an entity — escape ampersand as &amp;

(waybar:3096026): Gtk-WARNING **: 17:39:37.252: Failed to set text '  Sunflower (From "Spi - Post Malone & S' from markup due to error parsing markup: Error on line 1: Entity did not end with a semicolon; most likely you used an ampersand character without intending to start an entity — escape ampersand as &amp;

(waybar:3096026): Gtk-WARNING **: 17:39:38.280: Failed to set text '  Sunflower (From "Spi - Post Malone & S' from markup due to error parsing markup: Error on line 1: Entity did not end with a semicolon; most likely you used an ampersand character without intending to start an entity — escape ampersand as &amp;

(waybar:3096026): Gtk-WARNING **: 17:39:39.308: Failed to set text '  Sunflower (From "Spi - Post Malone & S' from markup due to error parsing markup: Error on line 1: Entity did not end with a semicolon; most likely you used an ampersand character without intending to start an entity — escape ampersand as &amp;

(waybar:3096026): Gtk-WARNING **: 17:39:40.337: Failed to set text '  Sunflower (From "Spi - Post Malone & S' from markup due to error parsing markup: Error on line 1: Entity did not end with a semicolon; most likely you used an ampersand character without intending to start an entity — escape ampersand as &amp;

(waybar:3096026): Gtk-WARNING **: 19:47:06.806: Failed to set text '  Princess & The Frog  - Saturday Night ' from markup due to error parsing markup: Error on line 1: Entity did not end with a semicolon; most likely you used an ampersand character without intending to start an entity — escape ampersand as &amp;

(waybar:3096026): Gtk-WARNING **: 19:47:07.836: Failed to set text '  Princess & The Frog  - Saturday Night ' from markup due to error parsing markup: Error on line 1: Entity did not end with a semicolon; most likely you used an ampersand character without intending to start an entity — escape ampersand as &amp;

(waybar:3096026): Gtk-WARNING **: 19:47:08.868: Failed to set text '  Princess & The Frog  - Saturday Night ' from markup due to error parsing markup: Error on line 1: Entity did not end with a semicolon; most likely you used an ampersand character without intending to start an entity — escape ampersand as &amp;

(waybar:3096026): Gtk-WARNING **: 19:47:09.900: Failed to set text '  Princess & The Frog  - Saturday Night ' from markup due to error parsing markup: Error on line 1: Entity did not end with a semicolon; most likely you used an ampersand character without intending to start an entity — escape ampersand as &amp;

(waybar:3096026): Gtk-WARNING **: 19:47:10.931: Failed to set text '  Princess & The Frog  - Saturday Night ' from markup due to error parsing markup: Error on line 1: Entity did not end with a semicolon; most likely you used an ampersand character without intending to start an entity — escape ampersand as &amp;

(waybar:3096026): Gtk-WARNING **: 19:47:11.964: Failed to set text '  Princess & The Frog  - Saturday Night ' from markup due to error parsing markup: Error on line 1: Entity did not end with a semicolon; most likely you used an ampersand character without intending to start an entity — escape ampersand as &amp;

(waybar:3096026): Gtk-WARNING **: 19:47:12.999: Failed to set text '  Princess & The Frog  - Saturday Night ' from markup due to error parsing markup: Error on line 1: Entity did not end with a semicolon; most likely you used an ampersand character without intending to start an entity — escape ampersand as &amp;

(waybar:3096026): Gtk-WARNING **: 19:47:14.031: Failed to set text '  Princess & The Frog  - Saturday Night ' from markup due to error parsing markup: Error on line 1: Entity did not end with a semicolon; most likely you used an ampersand character without intending to start an entity — escape ampersand as &amp;

(waybar:3096026): Gtk-WARNING **: 19:47:15.061: Failed to set text '  Princess & The Frog  - Saturday Night ' from markup due to error parsing markup: Error on line 1: Entity did not end with a semicolon; most likely you used an ampersand character without intending to start an entity — escape ampersand as &amp;

(waybar:3096026): Gtk-WARNING **: 19:47:16.091: Failed to set text '  Princess & The Frog  - Saturday Night ' from markup due to error parsing markup: Error on line 1: Entity did not end with a semicolon; most likely you used an ampersand character without intending to start an entity — escape ampersand as &amp;

(waybar:3096026): Gtk-WARNING **: 19:47:17.121: Failed to set text '  Princess & The Frog  - Saturday Night ' from markup due to error parsing markup: Error on line 1: Entity did not end with a semicolon; most likely you used an ampersand character without intending to start an entity — escape ampersand as &amp;

(waybar:3096026): Gtk-WARNING **: 19:47:18.150: Failed to set text '  Princess & The Frog  - Saturday Night ' from markup due to error parsing markup: Error on line 1: Entity did not end with a semicolon; most likely you used an ampersand character without intending to start an entity — escape ampersand as &amp;

(waybar:3096026): Gtk-WARNING **: 19:47:19.180: Failed to set text '  Princess & The Frog  - Saturday Night ' from markup due to error parsing markup: Error on line 1: Entity did not end with a semicolon; most likely you used an ampersand character without intending to start an entity — escape ampersand as &amp;

(waybar:3096026): Gtk-WARNING **: 19:47:20.209: Failed to set text '  Princess & The Frog  - Saturday Night ' from markup due to error parsing markup: Error on line 1: Entity did not end with a semicolon; most likely you used an ampersand character without intending to start an entity — escape ampersand as &amp;

(waybar:3096026): Gtk-WARNING **: 19:47:21.242: Failed to set text '  Princess & The Frog  - Saturday Night ' from markup due to error parsing markup: Error on line 1: Entity did not end with a semicolon; most likely you used an ampersand character without intending to start an entity — escape ampersand as &amp;

(waybar:3096026): Gtk-WARNING **: 19:47:22.273: Failed to set text '  Princess & The Frog  - Saturday Night ' from markup due to error parsing markup: Error on line 1: Entity did not end with a semicolon; most likely you used an ampersand character without intending to start an entity — escape ampersand as &amp;

(waybar:3096026): Gtk-WARNING **: 19:47:23.306: Failed to set text '  Princess & The Frog  - Saturday Night ' from markup due to error parsing markup: Error on line 1: Entity did not end with a semicolon; most likely you used an ampersand character without intending to start an entity — escape ampersand as &amp;

(waybar:3096026): Gtk-WARNING **: 19:47:24.336: Failed to set text '  Princess & The Frog  - Saturday Night ' from markup due to error parsing markup: Error on line 1: Entity did not end with a semicolon; most likely you used an ampersand character without intending to start an entity — escape ampersand as &amp;
